-0.642559;-4.489913;2.612107;-0.713201;-1.405638;0.013960;-1.456515;0.388417;-0.902659
-0.521325;-2.080932;1.996687;1.186079;-1.210487;0.267744;-0.984026;-0.151739;0.867349
1.430041;3.205501;3.668824;3.174829;0.190822;0.707531;-1.059122;-1.637356;1.140721
3.496442;1.587994;4.566235;0.946164;-0.856313;-0.434052;-1.218573;-1.576268;0.501444
2.029036;-7.839620;2.260016;-2.241201;-0.935165;-3.812730;2.679145;0.860320;-0.414503
-0.089115;-7.925896;2.010143;-2.961066;0.173156;-3.195957;2.372275;2.197776;1.260824
-0.430970;2.600753;4.655487;-0.551409;-0.949382;-0.531457;0.330557;-0.271584;0.602080
-2.884147;4.287374;2.641426;1.280148;-1.723659;0.519773;-0.892054;-1.082704;-0.150866
-5.524948;-4.823889;-0.309547;-0.202509;-1.626623;-0.730349;-0.205771;0.622312;-0.694356
-3.971116;-4.556196;1.876195;-1.876524;-2.011928;-2.015153;-0.536716;1.718681;-0.269198
-2.597321;4.356093;4.334687;-1.200459;-2.739133;-0.169582;1.306030;0.221276;0.841782
-2.845673;3.154324;5.962991;-1.590898;-1.444701;-1.659930;-1.027165;1.386399;-0.056740
-3.354340;-5.387933;0.086074;0.138734;-0.732037;-1.478590;0.240297;-0.432366;1.028765
-0.420632;-6.644262;1.185690;-2.200863;-0.865682;-1.652406;0.265552;-0.492272;0.446242
1.769625;2.304370;5.255493;-2.712792;-2.828104;0.814625;0.066288;-1.124181;1.280804
0.947903;2.140394;4.522487;-0.187555;-1.944590;0.054782;-1.258293;-1.328949;1.779755
-3.149842;-5.599374;1.501838;-1.190541;-1.006472;-0.663540;-0.905594;1.424752;1.149332
-3.681469;-4.300582;2.011857;-1.879266;-2.253664;-0.721007;-1.818292;3.089256;0.260059
0.921360;2.919173;1.705231;-0.079473;-2.687651;-0.632122;0.434736;2.651520;-1.683550
-0.088424;3.787954;1.082081;2.909183;-1.504151;0.938496;2.186790;-0.071289;-0.450413
-6.882766;-3.918207;0.270002;2.150717;0.870429;-2.121022;3.447539;-1.965300;-1.170668
-7.181847;-3.410113;-1.701765;0.676993;-2.483426;-2.456746;-0.441345;0.612364;0.417199
-5.529412;3.985694;3.196100;-1.522251;-3.466512;-1.878388;0.684212;1.779500;0.942005
-4.500066;3.255285;3.048170;0.316104;-1.904493;-0.300602;-0.178961;-0.670267;1.268671
-4.357247;-3.013847;1.623255;-0.465731;-0.823836;-1.139886;-2.069462;1.497827;-0.614397
-4.746381;-2.344321;2.740408;-2.024889;-1.104598;-1.087633;-0.902476;2.099150;0.615258
-2.322434;0.622289;1.860235;1.460340;-1.945055;-0.352875;1.313418;-0.516227;-0.595933
-1.735937;2.639803;5.637431;-1.030726;-1.431829;-1.552333;0.860990;-0.848635;0.491966
-3.746353;-2.439996;4.339403;-0.341189;1.894630;-2.011422;1.214881;-1.743250;0.088577
-6.587311;-3.680346;-0.334779;1.620682;-1.239095;1.415536;-1.083056;-0.035855;0.471131
-5.431349;3.197154;3.443715;-0.923564;-1.306445;-2.785096;1.083364;0.040972;1.888515
-4.708283;3.946102;4.293739;-1.071229;-1.528601;-1.723891;-0.422225;-0.005699;1.188140
-3.286180;-4.080498;0.820296;-1.086782;-1.386465;-0.201095;-0.873140;0.703367;0.251896
-3.673553;-4.246287;1.665929;-1.842827;-2.009112;-0.295673;-0.527531;0.972064;-0.167669
-5.837174;1.592160;2.626777;-0.509827;-2.035528;-0.520609;1.314884;-0.573138;-0.396908
-5.474566;3.882280;4.513788;-1.996592;-2.965088;-1.129168;0.424997;0.476795;0.606520
-8.059553;0.560692;-0.103229;1.989951;-1.712101;0.136801;-0.196039;-0.527481;-0.520998
-10.672211;-3.291506;-3.790453;2.651285;-2.838364;1.335912;0.249651;-0.211512;1.660164
-6.344080;3.481378;2.949577;-1.253229;-1.628547;-3.076219;0.952091;-0.306808;0.943745
-2.784772;2.556737;5.592341;-1.727959;-0.639342;-2.797356;1.751448;0.679586;1.487668
-1.909153;-3.038859;0.860138;1.202829;0.279651;1.690209;-0.600700;-0.278807;-0.094792
-1.387939;-1.752865;0.012820;0.202869;-0.823396;0.272620;-0.350390;1.586263;0.498840
-2.490435;0.476981;3.383536;-1.463179;-0.024547;-2.858698;1.843300;-0.044033;-0.600249
-4.712007;2.905441;4.059950;-1.856336;-2.504317;0.881819;1.307413;-0.861037;-0.237826
-7.166841;0.015272;0.881294;0.538499;-1.933223;0.162880;0.278011;-0.420379;-0.183165
-9.785173;-0.592840;-0.774355;2.129771;-1.990927;0.217714;1.159467;-1.858726;-1.189728
-7.736291;3.948589;2.755945;-0.534746;-1.324215;-0.875267;1.080457;-0.551471;0.963788
-7.011916;3.703084;1.317040;-0.123406;-2.035482;0.576368;2.970757;-1.180350;0.738818
-5.881345;-2.043556;2.368238;0.437314;0.026645;-1.072607;-0.806746;-0.589607;0.731269
-5.550280;0.049681;3.404406;0.094914;0.425610;-1.677569;1.060820;-0.340633;0.077893
-6.947297;4.640612;2.267227;-1.224581;-3.031761;-0.513785;0.932948;1.102632;0.229490
-7.852349;1.684658;-1.818047;1.902611;-3.044602;-1.736320;-2.309629;0.689275;-0.086823
-8.447064;-2.668660;-5.733767;4.625953;-4.134907;-1.060412;1.200487;-1.514013;-2.210912
-7.476057;0.225861;-6.580541;2.863219;-2.172800;-0.341456;1.350766;0.392254;-2.421163
-7.942591;2.264298;-5.235134;-2.273829;-1.005131;1.378366;1.034221;1.596417;0.166445
-8.820869;-1.328782;-3.032129;-0.698067;-0.952727;-0.786875;0.308856;2.154272;0.509421
-7.147556;-4.344875;-1.303112;1.257729;-1.663276;1.625844;-1.228293;-0.715775;0.921017
-3.404655;-6.970216;1.284632;-2.098880;0.440705;-0.666796;0.658070;0.086201;-0.562919
-2.496593;-0.497148;0.040308;-2.688183;1.771657;1.439548;-1.691298;-1.261931;0.146304
-4.017647;0.148273;-0.665857;-2.920261;2.752219;-0.002601;-0.495963;-1.025872;-1.546940
-9.382138;-0.744229;1.237286;0.033570;0.530793;0.998400;0.538611;-0.376034;0.973649
-7.768222;1.861873;0.799481;0.960495;-0.922081;0.877614;-1.709894;0.041254;-0.559553
-6.883670;1.454879;1.687032;1.171720;0.150342;0.015702;-0.363820;-1.453958;0.425241
-7.971280;-1.716571;0.438631;1.811988;0.875737;0.349493;-1.256637;-0.872218;0.531554
-7.843123;3.328336;0.784631;2.282481;0.192901;0.988797;-1.102942;-0.687311;0.208650
-8.256008;5.232485;2.274554;0.348750;-0.504901;2.577785;1.383975;-0.689988;1.442255
-10.470987;0.507637;0.995754;-0.501173;-0.393084;0.772761;-0.884172;1.144103;-0.383576
-11.275876;-4.080345;-2.332861;0.649725;-1.781748;1.218494;-0.384916;3.952255;0.500457
-8.333918;2.225326;0.915401;0.969409;-1.092223;0.783089;-0.572269;1.238985;-0.710401
-6.792621;3.401568;3.700113;-1.519674;-1.705093;1.709592;1.539627;1.615742;-0.953977
-7.256544;-0.051258;2.786011;-1.592489;0.546719;-1.032138;0.443250;1.726388;-0.856878
-8.667505;-0.851528;0.613374;0.998830;0.487104;-0.211191;-0.385233;0.258513;2.433226
-7.612135;2.726985;0.299454;0.611479;-0.953109;1.863417;0.745176;2.018901;0.304475
-6.092782;4.889529;1.787720;-0.535767;-1.531141;0.961845;-0.205265;0.961405;0.164751
-7.658254;1.576468;-0.916752;2.966807;-0.698010;0.116879;0.459658;-0.990204;0.681859
-10.462243;-0.665391;-1.722419;1.680277;-1.738013;0.693103;-1.248509;-0.249492;-1.120244
-8.261409;2.344952;1.474582;0.027001;-1.585796;1.005514;-0.057946;-1.260683;-0.698551
-6.652547;1.711367;3.791696;-1.483275;-1.075570;1.529527;1.903148;-0.734273;-0.271947
-3.938902;-0.669323;2.020609;-0.051109;1.755179;-0.796383;-0.377765;2.052284;0.374911
-3.744161;0.146182;1.891757;1.241789;1.407770;-0.092076;-1.000470;0.568696;1.770630
-5.502023;4.248652;1.167849;0.319815;-1.162444;0.423204;1.749342;0.670121;0.529014
-6.380168;4.675411;0.324573;2.252410;-0.478680;0.995677;-1.313276;0.387454;1.776632
-8.456988;-1.463972;-1.651751;3.968437;-0.762112;1.357090;0.650271;0.762394;-0.154412
-10.469700;0.660932;-1.536349;1.637391;-1.784700;0.559618;-0.073507;-0.635643;-0.059513
-8.018432;2.884348;1.754149;-0.721349;-1.757824;2.527898;-0.046041;0.802455;0.725153
-6.300995;1.495857;3.277558;-0.387671;-0.755741;1.726368;3.323653;-0.653833;-0.362658
-5.825757;0.243612;1.895481;1.690799;1.202470;-0.384683;-2.471136;-0.463519;0.104711
-6.491049;0.774800;0.600092;1.882580;1.128145;0.149939;-1.746876;-1.720978;1.175373
-7.012256;4.773139;1.487276;0.032822;-1.411091;1.424500;1.252869;0.041381;1.216421
-6.866183;4.140437;2.263797;0.400325;0.110898;-0.720885;0.593569;-0.447831;0.648430
-7.829987;-1.066798;-0.772222;2.583003;-0.322186;-0.055968;-1.425318;-0.818275;0.079742
-7.910938;-0.602518;-1.025519;2.774348;-1.495998;0.313226;-2.164000;-0.957310;0.009961
-6.951762;3.212490;1.540067;0.508410;-1.572668;0.884260;0.238387;-0.261419;0.327563
-5.976777;1.291409;2.756144;0.200072;0.350675;1.904860;2.850989;-0.281471;0.692644
-5.337598;-1.963869;3.273344;-1.361578;0.763771;-0.858790;0.153989;1.771883;-0.467795
-5.790597;-0.043693;2.467628;-1.227237;-0.246883;-1.378020;-1.699363;2.027579;1.553469
-6.494913;1.982580;0.595826;0.161791;-1.452795;-0.085489;-0.812276;1.848705;0.127933
-6.905267;5.348834;1.964084;-0.500375;-1.700106;1.797417;0.235942;0.600205;0.969335
-8.524792;2.603207;0.068317;2.820069;-0.611819;0.612540;-0.277938;-0.798068;0.235569
-10.977366;-2.495817;-2.191353;1.654055;-1.687689;0.421149;-0.790463;0.466838;-0.148197
-9.438350;1.865135;-1.344747;1.529424;-2.967790;1.063345;-0.444894;-0.083972;0.229720
-6.558529;2.568736;2.025805;-0.734177;-1.395539;1.192728;0.956391;0.435769;1.081358
-6.298324;1.185200;3.493058;-0.672824;-0.521099;1.668283;1.373251;-0.771783;1.845084
-6.275020;-1.836649;3.082673;-1.309860;0.471496;-1.860716;-1.057278;1.629197;1.293974
-7.113728;-1.359420;1.876249;-1.790708;0.691329;-0.625614;-1.130236;1.444808;0.969252
-7.420854;3.199106;2.613587;-1.236642;-1.401270;1.752255;1.047213;-0.895536;-0.765738
-6.914788;3.630494;3.103288;-0.687180;0.057024;0.181602;-0.211007;-0.718149;-0.108008
-8.314557;-1.865035;1.225267;0.950089;0.217271;-0.726397;2.149308;1.348731;-1.789718
-11.170782;-3.021496;-2.964726;2.194159;-1.369960;1.105384;1.593840;1.113795;1.162156
-10.548516;-1.107651;-2.377406;3.000503;-0.463655;0.581042;-0.293768;-1.634938;-0.178280
-8.283982;3.709247;-0.148171;0.437425;-2.920845;3.142367;0.691382;1.537956;1.755424
-5.426237;3.365661;2.457418;0.725139;-0.277936;0.285903;1.012477;0.393422;-0.854592
-4.661911;2.072873;3.420347;-0.269207;1.053664;-2.314631;-1.711903;2.097445;0.531651
-6.540686;-0.003385;1.072973;0.253850;0.635721;-0.025133;-2.851077;2.165705;0.013278
-6.416601;1.474141;2.595945;0.172389;1.403398;-1.008884;0.867501;-0.607382;-0.524436
-5.478266;3.473550;4.544223;-1.353920;-0.255440;0.444518;1.291832;0.993201;0.548961
-7.015293;-0.903859;1.107515;0.601359;0.946194;-0.568241;0.251969;0.838928;0.249448
-9.341343;-3.048117;-2.338033;2.064916;-1.247621;-0.364640;0.650614;1.709400;-1.059273
-8.457544;-3.785564;-2.428944;1.455906;-0.720992;0.137283;1.691814;1.058715;-2.166353
-8.181564;-3.622317;-2.245035;1.420091;0.188028;-0.272573;1.590689;-0.103459;-2.728449
7.766068;-5.938224;3.905187;-1.240400;-0.283707;2.154204;-3.067813;-1.538094;-1.635595
2.333491;-5.372473;1.797069;-1.243535;-0.951390;1.585506;-1.032873;0.166780;-1.931925
0.613445;2.873193;1.231828;-0.892503;-1.283692;4.169912;-1.913931;0.304453;0.048756
0.235559;3.069402;1.019245;-1.921385;-0.320004;3.123140;3.400327;0.809974;-2.617758
0.077734;-2.045867;1.719275;-0.623937;-0.575977;-1.506252;0.612298;1.321166;-0.900275
1.178913;-1.921186;1.356445;0.055255;-0.733437;-0.621788;-2.133060;-0.871675;-2.362948
6.033385;2.420471;0.993056;0.964023;-1.886204;2.384663;-1.415388;-2.450695;-2.634361
14.899911;3.157915;1.618977;1.064467;0.650173;-0.092101;-1.234568;-0.021101;1.378322
14.530213;-3.019765;1.321751;-0.828477;0.271206;1.456169;-1.482857;-1.618062;-1.905071
3.242159;-0.883886;2.147893;-2.143953;-2.043409;-0.049967;-0.899127;0.676844;1.952686
1.958485;3.004340;2.600209;-1.461270;-1.820030;0.686222;-0.408673;0.545527;-1.438555
4.654706;-3.502346;2.932624;-2.061890;-0.482675;-1.581299;-2.785208;2.684444;-2.656804
3.756514;-1.311790;0.285715;1.226427;-0.297671;0.705306;-2.274389;-0.176011;-1.404754
0.724039;4.526252;-1.671838;1.996800;-1.804205;1.549891;-0.465989;-0.648309;-0.938695
2.408720;0.128886;-2.809964;-0.792410;-4.871138;0.542734;0.135708;-0.086156;1.658563
2.702311;-4.260292;0.057237;-4.025562;-4.403025;-0.775972;-0.650914;0.830792;0.831736
0.014215;1.030577;3.222254;-0.370940;-1.883540;0.788694;0.487009;-1.761601;-3.322695
3.990287;1.980132;3.326430;-2.453593;-2.203880;-0.140720;2.307210;-0.410796;-2.812136
10.735435;-4.835260;0.919531;-2.914112;-3.204891;-0.343894;-2.814660;3.277369;-1.288788
9.853304;-4.298025;-2.665034;-1.367926;-3.102754;1.087677;-1.646029;1.879147;-1.460724
9.794717;-2.013378;-0.434734;-5.579750;-2.008745;-2.017653;-1.111931;1.270080;0.034432
10.833737;-1.098446;-0.018618;-9.069284;-0.766099;0.088430;0.244755;-4.288659;0.483972
8.628009;-3.376121;-0.476579;-5.526954;-1.201031;-3.573643;0.295019;-0.098097;-0.093403
1.944685;-0.353459;1.535628;-4.010924;-4.356386;0.850086;2.049054;-0.353857;-1.370971
-1.532964;4.836859;4.303737;-3.412999;-1.486505;2.473330;1.046829;-2.056158;-0.442420
13.945778;-2.133984;-0.543568;-2.095552;-4.037620;1.473113;2.277904;1.909344;1.649148
21.647720;-5.542063;3.119984;-2.164758;-2.824754;-3.957228;4.046302;1.948271;-2.071910
10.291602;2.128105;0.960587;2.327957;-2.594117;0.437268;2.635473;0.019439;-3.607053
1.011547;1.062165;-3.825045;1.901910;-2.830271;1.249828;-0.837028;-0.033674;-0.341723
8.136597;-2.436975;-0.096013;-2.124483;-1.911370;0.409864;-2.327290;-0.773004;0.848793
12.932036;-1.073388;0.425671;-7.040714;-3.145458;-0.396427;-0.556276;-1.695566;-2.774595
3.199123;4.233495;-1.780674;-5.805073;-2.174424;-0.931640;1.227029;-5.331807;1.627804
-3.398139;0.697071;-4.470977;-0.545528;-2.767695;-0.236920;-2.367888;0.588086;0.917154
6.738256;-1.113368;-4.125382;3.673910;-2.570117;-0.434149;0.487631;3.855516;1.877941
15.859824;7.110414;1.908623;3.071205;-0.676201;-0.328522;2.260559;0.463561;-3.628155
16.717946;3.120287;2.968892;0.969675;-1.657722;-0.009295;1.324400;0.982933;-4.283414
13.078193;-5.046796;-2.530400;-1.819764;-4.871056;-0.624611;-0.208707;0.259195;-1.716591
7.495640;-0.692702;-1.642456;-1.417860;-3.268576;-1.781971;-1.391240;-1.187874;-1.639994
4.075811;4.661829;2.334658;-1.518097;-1.234361;3.731146;0.005981;-3.492445;-2.535056
10.494943;0.528671;-0.949267;-0.295712;-1.969741;0.784314;1.140050;2.309441;-2.521114
13.427661;-0.991698;-3.262039;-1.612525;-3.303230;-3.676059;0.089293;2.620028;0.865551
9.715768;2.153681;-3.521055;-3.309680;-3.316027;-0.698891;1.762283;-2.749275;-0.626811
2.924520;-0.221947;-1.255135;-1.977149;-2.082056;-0.257729;-2.422216;-2.910434;-0.728052
2.107409;-4.332132;-1.704947;-2.398324;-1.834335;-4.708405;-0.728940;2.686270;-0.971867
2.014248;1.366676;-3.116848;-0.701697;-0.465075;-0.376867;-3.838428;-2.205464;-1.919969
0.283776;2.080342;-1.264720;-0.390434;2.475685;0.072801;-1.507032;-1.765511;-1.807666
2.375542;0.032765;-2.299793;2.299822;2.014250;-2.476811;1.858596;0.890789;-1.502004
3.125155;3.651312;-4.122524;3.302220;0.907472;-1.522192;-1.431571;0.109211;-0.682581
2.629663;4.149604;-1.372435;-4.460985;-0.363466;-0.646390;-0.156110;-3.157714;1.927059
2.756137;-1.321756;-1.115184;-1.117977;-0.303586;-0.315217;-1.350782;-1.087683;0.497478
1.003798;1.353187;-1.174389;1.849398;0.124666;2.380486;-1.891011;-0.363137;-1.042244
4.625348;4.218056;4.259699;1.193434;-0.489358;3.040337;-0.320129;-2.557931;-1.442594
7.869460;-0.168816;4.429382;-1.860302;-1.527824;-1.644844;0.207816;-0.856595;-1.441800
7.733879;-5.756252;-0.589349;-2.538927;-2.895769;-1.497498;-3.251071;3.060256;-0.105619
6.900542;-0.705716;-3.358868;-0.263882;-3.283553;3.722565;-4.051543;-2.278221;-0.833029
6.682836;-3.285426;-1.377765;-0.585519;-1.407719;0.322834;-1.522031;-0.406557;1.936479
10.191448;-5.553981;2.554755;-1.780131;1.720235;-0.265870;-1.226780;-1.867800;2.016864
-1.308959;3.673616;3.665246;-0.452156;-3.042367;-1.101317;-1.488390;0.352399;0.854719
-2.138290;4.045001;4.298779;-0.904273;-2.361351;-2.793132;-0.676088;-0.622387;0.737207
-5.906458;-2.034543;-3.438400;2.596879;-1.773004;-0.736260;-1.158306;0.934482;-0.301664
-1.681501;5.835449;-6.855950;1.023764;-0.060395;-1.346539;-3.119522;1.982021;0.259247
-1.026117;6.026763;-4.082013;-3.241227;2.203951;-2.812806;-0.329359;0.166253;0.865041
-5.485634;-2.135170;-1.662562;-1.003001;0.268475;-1.848881;-0.915224;0.766754;-1.032191
-2.441349;0.444536;-3.790984;-0.321140;0.848201;-2.091453;2.915489;1.021918;-1.903023
0.022236;6.861732;-4.640277;-2.329681;1.247614;-0.437395;-0.271320;0.802836;0.833231
-1.307851;3.556223;-4.270647;0.908995;1.057946;-0.906498;-2.946368;-0.051389;-0.376121
-5.082399;-2.072122;-4.085316;2.210504;-2.034269;-1.322738;0.016395;-0.939301;-0.198387
-0.428756;6.445253;-4.892893;-1.725747;1.952406;-0.449403;-0.629653;0.337031;0.651121
-0.728608;6.108756;-4.302240;-2.847159;2.662845;0.121735;0.244837;0.824994;0.957341
-7.892748;-4.015305;-1.528150;-1.968328;0.121928;-1.598112;0.092704;-0.321673;0.897961
-3.583476;4.715206;-4.105376;-2.794604;1.204926;-0.094922;-0.955630;-0.143945;1.040665
-3.677338;5.426149;-3.971042;-2.426446;2.268601;-0.920715;1.541533;-1.175766;0.050435
-7.675582;-1.275432;-2.549119;0.965969;0.389427;-1.167116;-2.244033;-0.049188;0.438655
-2.824821;0.123041;-4.552332;2.762500;3.144760;-0.788735;1.327821;-0.558563;-0.272540
0.773637;6.004668;-3.218722;-1.268851;3.635011;1.689480;0.442608;-0.448664;-0.504424
0.956334;2.724101;-4.515179;0.755804;1.299462;-0.335243;-2.575352;-1.023001;-2.031660
-3.375436;-4.057236;-1.246231;-1.324722;-2.122220;-2.896380;0.346997;2.477944;1.027250
-3.125145;2.431685;-2.926990;-0.722869;1.441775;0.978615;-2.450582;-0.781923;-0.801354
-2.851021;4.793465;-2.050041;-4.029604;2.361051;2.961670;-1.014249;0.596906;0.429156
-2.963750;-0.792777;-2.903787;0.150981;1.650351;-0.136034;0.477573;-0.875335;0.893449
-4.196658;-1.044319;-5.381612;2.687237;-1.558434;1.652047;-2.693880;0.198289;0.181236
-3.061008;2.824768;-2.964893;-1.701387;1.732420;-1.130141;-0.721266;-1.719998;-1.743174
-2.718981;3.642986;-2.513536;-5.257333;2.614395;0.378588;0.571693;-2.896797;0.681472
-2.783330;-1.029927;-4.551163;0.394865;0.119738;0.647532;-2.306751;-1.121842;0.304504
-1.575893;-1.365616;-3.700200;-0.416083;-0.403793;-1.495627;-2.150475;0.714101;0.311990
-1.637443;4.705542;-2.693706;-5.007320;1.906833;-0.470873;-1.000552;-1.696476;0.079594
-3.783442;3.613294;-2.276687;-2.720273;2.537699;-1.206624;-1.905573;1.329961;-1.404833
-6.561693;-2.181061;-4.387429;1.937065;-1.321595;-0.801072;-0.596190;-0.076434;0.764064
-1.429763;4.884099;-4.622607;-1.211793;0.778542;-0.676743;-2.930248;-0.225917;0.892270
-1.357319;4.565656;-3.804712;-2.626204;1.192935;0.630774;-2.629064;0.039046;-0.092056
-5.926970;-4.270406;-2.926478;0.069037;-0.452441;-1.149669;1.131446;0.900504;0.996766
-6.723629;-2.258911;-2.326895;-1.009508;-0.945630;0.609571;-1.715852;1.143576;-0.028475
-1.326233;6.176348;-3.387282;-4.868234;2.261140;-0.992216;-1.629812;1.633677;-0.713019
-0.318831;6.155530;-4.531025;-2.960574;1.593328;-1.165757;-1.765023;1.891450;-0.073084
-6.679225;-3.416658;-3.720135;1.783222;-2.118394;-0.200614;-0.010219;0.289364;-0.956673
-4.493878;0.403095;-4.233786;0.115455;0.459504;-0.087054;-0.177517;0.050153;-0.891879
-2.683273;4.699818;-3.377187;-4.048610;2.325615;1.714767;1.915408;0.161724;1.075428
-2.182895;1.623690;-2.907613;0.246429;2.329821;0.441254;-1.922054;-0.301039;0.866582
-3.781770;-3.688208;-0.997404;-1.103488;-0.483224;-0.688927;0.807152;2.195701;-0.654075
-2.986777;5.323300;-2.875113;-2.187913;2.442385;-1.511566;-2.288125;-1.047449;-0.960857
1.970330;8.118168;-7.905837;-0.294012;0.511104;1.968398;-0.528341;0.953949;1.221482
0.074578;-1.638063;-5.966532;2.490786;-0.444381;-2.125404;3.488358;0.749057;-0.215868
-3.299667;0.445526;-2.502090;-0.561165;1.978680;-1.338961;-0.359653;-0.761236;-0.378863
-1.897234;3.636679;-1.841072;-5.791224;2.509306;0.707376;1.363318;-2.359455;-0.435510
-1.891534;-0.062869;-0.597170;-0.722861;2.859164;-0.730408;-2.379184;-0.717963;-0.036265
-2.710651;-2.094713;-0.692749;-2.223598;0.053014;-0.845780;-0.556066;1.256826;0.228764
-1.739449;5.675135;-3.746509;-4.851657;1.300462;-0.986601;0.495571;-1.154950;1.155843
-4.216742;4.677779;-3.291648;-3.492130;2.314429;-1.013605;0.275281;0.886408;-0.031103
-8.083615;-2.871514;-4.607705;1.867287;-1.364407;0.781772;0.809549;0.184209;-0.480022
-6.237328;-1.042107;-3.948858;1.160811;0.230230;0.869165;-1.998275;-0.930039;1.233586
-6.133589;-0.253272;-4.443327;0.351406;-0.184658;1.259165;-1.022094;-0.041831;1.040500
-8.546294;-1.816426;-4.685403;0.941493;-0.365706;-0.993022;-0.121578;-0.966904;-0.302768
-1.995332;-5.110301;1.200040;-0.508955;-1.345182;0.552540;1.144042;0.042178;-1.724037
-5.445175;-5.988338;0.654812;-1.595129;-1.149342;0.431204;-0.734131;1.751986;-0.090323
-6.217178;1.994638;2.151543;-0.146257;-2.197383;0.409313;-0.596032;-0.155174;-0.882515
-3.879847;2.568719;4.676521;-1.493772;-2.091599;1.923103;0.063745;0.055636;0.000744
-5.079584;-0.628810;2.467869;-0.069019;0.139710;0.320962;0.222700;-0.985882;1.891438
-8.306436;-2.250306;-2.268138;3.861972;-1.328517;1.450056;1.775189;0.040066;-1.508893
-10.339501;-4.178823;-3.140114;2.830001;-1.104997;1.730320;0.866593;-0.135646;0.553727
-6.434487;-3.346619;-0.265848;1.009176;-1.649021;1.228999;1.528136;-1.590536;0.659828
-0.757846;0.399939;4.038722;0.169267;-0.747334;1.975518;0.119579;1.143682;0.461127
-0.989848;0.781293;4.413341;-1.160576;-1.255845;2.914313;-1.453190;2.171148;-0.336874
-3.780284;-6.579850;4.102523;-4.346545;-0.500574;-2.338044;1.405682;0.596382;0.830283
-4.482763;-6.692630;0.262731;-0.631600;-1.453484;0.339252;0.396919;-2.203647;0.094499
-5.350784;-6.341234;0.866376;-2.235430;-1.961921;-0.750880;-1.193628;0.592462;0.441133
-3.142055;-1.135491;3.569570;-1.309912;-1.678310;1.214610;-0.388902;-1.728385;-1.204182
-3.091623;0.244337;4.136559;-1.235742;-1.064395;1.089806;-0.351559;-0.483041;-0.902904
-6.184470;-1.280829;3.026006;-0.128519;1.233939;0.949084;0.849788;-1.531412;0.302012
-7.862520;-3.086484;0.831637;1.612359;0.640826;-0.566516;2.296897;-1.033050;0.433630
-7.908045;-4.082768;-0.761269;2.020954;-0.336973;1.689678;-0.414614;-1.758952;1.110015
-4.782159;-3.122043;2.493912;-1.368230;-0.685246;0.821485;1.804771;-1.000505;0.964979
-2.319944;1.223105;5.372612;-1.678281;-1.492279;1.372085;-0.395678;-1.097149;0.577105
-3.655319;2.039729;3.425228;-0.077005;-1.419426;1.764655;-0.608463;-1.588095;0.978600
-3.299722;-5.805825;1.083735;-1.033919;-0.912553;0.365752;-0.737543;-1.050420;0.080949
-4.173503;-5.294463;1.775015;-2.738583;-0.636038;-0.226049;0.875426;-1.346370;1.378328
-5.134962;-5.878483;0.589667;-0.937468;-1.383988;0.762963;-1.925468;-0.608066;-0.199175
-3.475696;1.413528;3.724158;-0.650314;-1.485370;0.226655;-1.442466;-0.686086;1.079181
-5.187261;3.434430;5.171605;-2.274598;-2.243621;0.187020;0.832954;-0.664110;0.008289
-8.095552;-0.615932;-1.206198;1.410469;-2.433400;-1.506908;1.071388;0.140410;-1.308067
-6.479188;1.002065;-2.389519;2.833255;-3.385290;0.349088;-0.958084;1.869068;0.647132
-5.662892;3.808318;3.366363;-1.495604;-2.378835;0.132366;2.094256;1.660267;0.506540
-5.031873;1.162411;3.314930;-0.659536;-0.787305;-0.586896;1.877989;-0.217066;0.781814
-1.649598;-4.737436;0.905359;1.519038;1.370285;-1.016759;0.163702;-1.710036;1.515892
0.852944;-4.264919;3.582126;0.078456;1.570434;-1.403671;1.351554;-0.207010;1.055042
-0.446852;-0.442206;7.532930;-3.051575;0.837195;-0.323129;2.187288;-1.415658;1.182841
-0.442383;-0.000908;4.354141;1.083795;1.068662;1.621930;-0.156909;-1.363065;0.222439
-4.759686;-1.710563;0.376095;2.813740;1.808280;2.594819;-1.012607;0.644897;1.309031
-2.467412;-4.676676;0.510109;1.097208;-3.500882;1.762912;-2.483529;0.777766;2.069845
5.781179;-4.701887;6.524657;-0.986131;0.537464;1.230749;2.117987;-2.348281;1.583033
6.458028;0.135103;3.770433;0.711541;0.347267;4.696421;-0.076743;-0.824853;-0.496015
13.344289;-1.016751;2.269753;0.409712;-2.465686;1.132222;-2.084820;-0.040039;0.083806
20.388942;-5.015049;0.981879;-0.630620;-4.238446;3.048185;-4.497570;-4.616310;-2.600614
22.854029;-5.465023;0.370993;-3.190525;-2.994929;3.522492;-3.052298;-2.487441;-1.721380
29.618633;1.801947;6.783827;1.495215;0.318286;3.667046;-3.045896;0.704908;0.099262
24.361513;2.582461;4.604664;3.459390;-0.568072;2.778357;-3.610324;2.045511;-0.315307
9.317894;-4.340056;-2.107248;-2.631016;-1.888146;-3.565416;0.516060;2.692584;1.602249
5.448046;-7.749395;1.931084;-2.116617;1.866111;-0.873463;2.648486;2.898677;1.472699
5.497538;1.067042;2.878173;3.253720;0.149320;-0.529235;0.841084;-0.497687;0.369698
5.068037;2.698032;4.425146;1.393687;-1.100209;-0.119989;1.149125;-0.814484;0.189772
2.061745;-4.290535;2.688229;-0.681932;0.074714;0.510057;-2.164578;2.439016;0.022503
-3.812406;-1.281782;-0.141407;1.435459;-1.991893;1.206423;-2.968793;3.670982;0.762769
-6.007652;-3.361641;1.755011;-0.507007;-0.917887;-1.746601;-0.954820;0.773557;0.318836
-5.136957;-1.119956;2.922980;-1.325337;-1.677089;-0.420736;-0.301038;-1.038763;0.505564
-5.284539;1.765232;3.638956;-1.557011;-2.334457;1.560698;1.407243;-1.253358;-0.106457
-5.295904;-0.694596;3.626353;-0.948131;-0.600552;-0.523510;-0.733094;1.613519;-0.117221
-6.229078;-7.074512;2.260933;-1.479598;1.795311;-3.085313;1.314551;0.005768;1.034115
-6.824030;-4.056145;-0.312406;-1.172755;0.998699;0.019337;-1.043310;0.003360;-0.512108
-6.952975;-2.139019;0.400396;-3.400937;0.254927;0.602498;-1.456891;1.655080;-0.422453
-7.765966;-2.116040;-1.209716;-2.443893;-0.164248;1.360526;0.292410;-1.689483;-0.024871
2.719905;-2.143259;2.834812;2.670283;1.627082;4.024950;-0.163562;-0.551235;-0.604824
0.520356;-5.595438;1.872015;1.183433;1.489026;3.361675;0.069354;-0.224827;-0.036328
-0.146171;0.808922;4.001425;1.865381;2.371753;-0.281104;0.485310;-0.471702;-1.220891
2.051019;4.688809;6.534291;-0.857617;0.950301;-0.558300;-2.959825;3.696847;-0.710994
1.389648;-1.556581;5.064245;0.866049;4.745107;-2.043512;1.052060;-2.516209;0.860048
-1.198790;-5.187738;2.633357;0.712177;4.127019;-0.219005;0.860695;-1.553883;1.303470
-4.932827;-1.072619;-1.825401;1.915026;2.664946;3.062433;0.973245;-0.357716;0.037523
-5.789371;4.021629;1.313323;-4.506222;3.649420;0.249059;-0.376941;-0.607180;0.723822
-1.905913;2.020984;-0.632578;0.358262;3.228254;2.000162;-2.046365;1.975247;-0.951337
-0.318900;-4.088150;2.219286;0.734376;3.598058;0.514868;-0.773245;-1.086187;0.305571
1.256413;-4.571935;3.732513;0.704457;3.500946;0.990134;-0.397491;1.022039;1.049781
-0.268927;-2.134811;1.032099;2.720577;0.611950;2.944032;-0.615452;2.619360;-1.889170
0.452145;5.103289;5.724210;0.844489;0.577122;-1.316219;-0.915772;1.275635;-1.356157
2.269537;3.240053;5.230402;1.993760;0.923310;1.885960;-1.334012;1.151676;-2.422910
-0.432722;-8.157684;5.845083;-1.887402;4.310309;-1.969272;2.278452;0.110298;2.394523
-2.701223;-5.206023;1.418283;-0.703629;2.137364;0.658486;-1.411613;-1.346682;0.126592
-4.555890;-2.973058;0.106668;-1.912837;1.243489;-1.843901;0.353749;0.086099;-0.551123
-5.943585;4.838654;-0.440377;-2.850534;2.649625;0.817111;0.169898;-0.445191;0.107428
-2.554999;3.366668;-1.662366;-1.393926;1.324176;3.554810;-1.025396;0.360441;3.196369
-3.411868;-4.286557;0.317338;0.486613;0.511681;1.970042;0.764724;1.123091;1.209397
-0.064464;-1.753657;1.747160;2.279363;1.774118;3.327176;-1.676421;-1.015127;-1.079347
2.022996;-0.564959;6.755273;-2.391308;2.505478;-1.263174;-1.499009;3.632882;-0.165488
0.302882;1.757267;6.339014;-1.875656;1.047292;-0.150363;0.958963;2.449804;-1.264294
-0.544904;-1.852591;4.907862;-0.089581;1.227002;0.729548;-2.336361;1.966098;-1.838129
0.077081;-7.290790;2.945404;-1.686211;3.082133;-2.820707;2.258972;-0.689354;-0.096483
-0.149724;-3.463433;-0.570176;1.505548;2.316432;-0.321857;0.099278;-2.442652;-1.335217
-0.720930;3.761767;-0.867648;-0.622652;3.448610;-1.126650;-1.819796;-1.319632;-1.451195
1.356267;2.287014;1.294483;-1.171293;4.471370;-0.285211;-3.532205;-0.607747;-2.064297
-1.948512;-3.843454;1.719571;0.538717;4.999257;0.081266;-0.536622;-1.753052;-0.126320
0.050841;-2.631618;0.721877;1.463616;2.171294;2.856594;1.867116;1.710421;0.897733
1.927205;-2.907095;1.316813;1.117826;2.440548;3.612057;-0.950744;1.477751;-0.614396
2.777096;1.980689;5.365828;0.018449;2.530558;-0.949222;-2.856844;4.458563;0.375963
1.514663;4.618245;6.724877;-0.064561;1.476858;0.879796;-1.863588;3.873251;-0.112705
3.143994;-2.732774;3.439632;2.654063;4.724892;-1.070421;1.487943;-0.967759;-0.590163
2.428679;-1.497119;0.015822;3.170087;2.945352;-0.404522;-1.784876;-0.536717;-2.193558
-3.899505;-0.968779;-0.865670;1.599394;-0.046995;-0.732790;0.190702;2.439634;-0.131622
-3.672213;4.581172;3.664326;-0.178245;-1.480123;-0.066809;-0.264746;-0.323128;1.333883
0.234564;2.243528;4.824697;0.057501;1.248084;-0.601395;-0.568376;-0.532145;0.313562
-0.375076;-4.048211;2.910402;-0.947865;1.927207;-1.139473;-1.551316;2.002516;-0.642809
-2.183677;-4.181272;0.588806;0.351420;0.967412;3.094324;-0.145209;0.052392;-0.711554
-3.296436;-6.319310;2.168616;-1.014267;2.007993;0.737627;0.777496;1.304766;1.981244
-1.344518;-4.745499;4.137862;0.185662;1.394381;1.149015;2.055172;0.575358;-2.042089
0.248880;1.868387;5.717455;1.018116;1.791098;-0.202147;-0.840186;-2.009071;1.293143
-0.771076;1.073245;4.748972;-0.355909;1.256811;-1.146243;-1.135960;-0.771507;-0.227554
0.227049;-8.140964;6.170375;-3.568124;3.035663;-1.583792;0.197129;2.558152;0.137462
0.013066;-6.277694;4.546499;-1.096683;4.334527;-0.458368;-0.092936;-0.454638;1.519020
-2.899697;-1.987568;0.055290;1.387848;1.443466;-1.768802;-1.084889;1.354101;-1.036641
-3.108579;2.796432;1.218853;2.712827;0.397911;-0.896447;-1.273326;-0.153608;-1.322716
-1.483896;3.613817;4.560238;-0.379988;-0.530650;3.212537;1.224457;1.091126;-2.651561
-0.078897;-1.569603;4.891834;-2.166820;1.738381;-0.662464;-1.300778;2.450110;0.734648
-0.799861;-4.796882;1.292061;0.691730;3.154318;1.050009;1.141895;-1.360976;-0.126050
-0.998550;-3.733723;1.271487;0.545689;2.269260;1.377263;0.646212;1.613793;1.786879
-0.870847;0.131901;2.059333;0.533991;0.589729;3.181267;-0.621594;1.413590;-0.134546
-1.966112;3.688737;6.396464;-2.167758;-0.164547;-0.303667;-0.286710;2.318529;0.013297
0.745777;-0.060831;4.006834;0.641955;0.857045;2.688576;-1.278361;0.949034;-1.084927
0.704265;-8.964450;5.377925;-3.483686;4.654221;-2.321504;2.351157;1.417841;2.115356
-1.323945;-4.807076;1.647285;-0.411395;5.218273;-0.463958;-0.089443;-1.952113;1.429405
-3.538570;-1.568269;-1.261114;-1.687509;1.708383;-0.289300;-1.444717;-0.349545;0.890504
-4.365111;-3.346048;-0.181302;-0.472617;0.726092;0.173000;-1.083767;-0.077524;-0.255989
-7.117230;-5.270040;0.311416;-0.251921;-0.593090;1.789858;-1.468601;1.617054;1.382943
1.110531;-2.400445;0.421788;0.482550;-1.349368;1.774548;-0.889442;1.715638;-0.716771
-1.431111;3.568228;2.992718;0.465413;-2.828780;-0.436593;-0.618442;1.407115;1.683533
1.929634;5.393685;-3.900333;4.571947;-3.747945;2.002300;3.348912;3.771981;1.515780
2.740375;-1.067137;-3.405466;2.675447;1.729700;-1.821442;0.561851;0.564089;1.152690
1.246543;1.183658;-4.401438;3.016588;2.049108;-0.910229;-0.035981;-2.452001;0.376338
2.420744;2.680844;-3.214612;0.023758;1.562133;0.471230;0.043542;-1.878475;-0.273688
6.085817;-5.307343;1.461136;-2.617774;4.612212;1.422465;1.797637;-0.361623;-0.607716
3.920598;-6.238021;-0.554293;0.040102;0.689792;3.917879;-1.995598;-0.777421;-0.538150
3.179428;2.128322;2.039893;3.488833;1.129202;-0.198989;-1.183997;0.524415;0.233355
2.634853;6.421035;4.800292;0.582451;-1.069858;2.053508;2.720511;-0.059746;1.358081
5.961268;-3.065450;0.988957;-0.645591;-3.161781;0.142156;-1.850481;0.657840;1.104049
8.039935;-4.050868;-3.205755;-0.015819;-1.832777;-1.274710;2.031075;-0.054603;0.369964
9.580661;-0.520424;-1.319576;2.498174;-1.986567;-1.070411;0.165133;0.321893;0.714829
6.588353;2.690977;3.181969;2.278645;-0.650381;1.489036;2.584380;-0.631824;0.301793
2.753449;-0.173036;0.351205;5.425125;0.153525;1.715128;0.351743;-2.517849;0.373272
3.409787;-2.608857;-1.258971;0.762063;-1.944470;-0.578991;-0.993294;0.426554;2.053097
5.207589;0.462056;0.752799;0.861783;-2.551280;-0.607785;-0.074487;0.771252;-3.720228
3.121843;0.610978;3.026901;0.540804;-3.064556;-2.543576;0.651517;-0.205084;-2.788993
5.931132;-1.123281;-2.195641;2.338583;-2.215641;0.227989;3.033460;2.176061;-0.826406
9.204544;-2.339469;-1.990443;0.529272;0.587760;0.889771;-0.398481;1.830826;1.918160
10.704180;0.663091;-4.629106;-0.101985;0.321130;-0.145669;-0.906822;0.411510;0.962883
5.429235;2.597172;-5.231271;-0.917531;-0.503543;-0.630920;-0.065122;-0.776465;-2.687453
7.202406;-5.279427;1.108965;-0.279663;4.239752;0.795654;1.118492;2.278482;-0.333619
7.946754;-4.059269;0.792263;1.423113;4.762188;4.913483;-1.706348;0.036802;-2.205283
4.044498;-1.551784;-0.937600;-2.591168;3.829346;2.681514;1.071367;-0.165531;-0.210413
9.406065;0.870826;-3.176531;-3.334825;3.027119;0.928255;2.060859;0.407058;0.682187
7.139093;-0.926080;-3.949690;0.548547;2.983241;-0.130983;3.414655;2.152762;1.451336
1.229241;1.144911;-5.633322;2.735441;-0.210050;-0.951178;-1.855517;-4.392657;-0.465021
4.815626;4.301048;-6.807785;-0.771383;0.075370;-2.848756;-1.235493;-1.106488;0.565764
8.423473;-1.376193;-3.407214;0.179729;2.753769;2.076200;0.187351;1.964549;0.674823
7.774881;-2.995893;-1.042088;-1.486071;4.526088;4.154193;0.035761;-0.292422;0.848929
6.914784;0.631606;-3.282942;-3.898674;2.196905;0.726783;-1.779988;0.311428;-0.765862
4.779393;0.637515;-3.352991;-1.810543;2.923614;1.720131;0.059225;0.006332;-1.669814
8.501582;1.124435;-2.553120;3.718404;2.276287;-3.639651;1.518307;-0.550640;-3.314584
10.483042;2.685114;-3.477530;2.618372;0.149623;-5.982950;-1.204473;-0.806409;-1.188559
8.226292;2.973410;-4.409722;0.743733;1.109600;-0.001197;-0.282795;-1.461044;0.413750
8.142108;-2.814288;0.152928;-3.772392;6.327078;0.602514;3.239178;1.009090;-0.224966
1.769874;-3.455142;-1.452306;-0.894820;2.498287;4.506368;-0.876578;1.753591;0.977503
-1.884834;0.081285;-2.317040;-5.157468;1.062739;-0.635354;2.116624;-0.678570;-3.167856
2.496689;1.665244;-3.922259;-1.973175;1.677379;1.741824;2.385308;1.539064;-4.004811
4.543589;-2.718017;-2.328791;4.061483;4.126754;0.858924;1.436444;0.445056;-1.462399
5.809255;-0.568689;-2.765535;3.764769;2.774128;-1.152874;-1.973751;0.428692;1.148266
5.748862;3.521223;-5.744672;1.743054;-0.066214;1.081233;-2.755212;2.305467;-0.059731
4.571990;0.075990;-2.434062;-3.227026;2.531737;1.314380;1.692511;0.161477;-1.819208
2.820415;-4.020023;-1.507755;-1.682557;1.470428;3.747754;-2.152450;-0.665450;-1.303932
1.318232;-4.499941;-2.920664;0.380089;0.609805;3.284006;-0.261911;1.477673;1.828102
3.864645;2.022909;-5.525509;-0.071459;0.780345;3.622582;-2.101249;2.589284;0.355511
6.532383;2.131225;-5.107835;-2.748094;-0.099689;1.084638;0.305465;-2.778201;-0.571237
9.500424;-3.306237;-3.993847;-1.420444;-1.752423;-0.173001;-0.957930;-1.265177;-1.225289
10.461139;-3.413778;-2.551859;0.691101;1.133629;0.408832;-1.025793;0.521777;0.529431
12.023313;1.693793;-3.991600;-0.569405;2.877699;1.234615;-3.838668;0.600451;-0.903202
6.205100;2.513317;-4.011889;-0.736200;2.291982;0.052070;-0.412484;0.204189;-2.785100
1.697667;-3.862925;-0.525778;2.497776;1.478409;2.492997;0.032454;0.476243;-1.783280
5.274792;-3.039847;-0.651738;-0.085487;3.212952;1.244609;-0.236827;-0.573706;-0.531267
2.328827;0.259311;-3.534969;-3.234178;1.217345;2.171273;-0.699700;-0.574050;-0.542620
8.056669;2.675385;-5.422727;2.138516;2.967708;2.625993;0.519563;3.276758;1.201347
11.804043;-1.208285;-0.840784;2.568149;6.414462;0.413424;0.976219;0.642462;0.711403
8.575144;-2.057075;-1.371579;1.202558;2.053981;-0.038042;-0.879249;-2.734376;-2.065580
9.215107;-1.781726;-5.527144;-0.109881;-1.455467;-0.713748;0.384298;0.090614;-0.406609
6.655893;-3.022524;-6.425917;-0.017864;-2.090840;0.173646;2.582567;0.834147;0.292996
-5.537008;-0.908514;1.255282;0.697479;-0.324039;-1.418355;-0.888777;0.234702;0.710446
-3.913087;-3.370134;-1.589490;4.043222;1.009477;-0.398434;1.433026;0.077434;-0.979461
-3.238614;1.181386;0.995359;3.227804;0.038690;-0.679598;-0.681977;1.344850;-0.415276
-2.237333;3.948306;4.456034;0.964956;-1.745300;0.215786;-0.703673;1.393245;-0.718410
-3.689395;1.652177;1.769218;1.708548;-1.352291;-1.333179;-0.995677;1.952183;0.471041
-4.399919;-1.922534;-2.529260;3.941811;-0.663584;1.332283;0.058545;-0.179756;1.129746
-2.785112;-3.777971;-0.695630;1.095009;1.765328;-1.573179;0.302565;-1.289321;2.167046
4.579319;4.097884;-2.056034;-1.662162;2.251272;0.625322;0.339168;1.166795;1.297448
5.326554;7.110778;-2.217505;-3.074327;2.488046;1.311099;0.877552;2.054973;0.738923
-2.521152;3.026714;0.164201;1.003802;3.449353;-2.629145;-0.951232;0.918536;1.232233
-2.329542;-0.060497;1.603130;1.774635;3.132376;-0.406053;-0.310171;-0.378966;0.645161
-2.700999;2.108810;1.404398;2.391614;0.210277;1.748043;-1.635648;-0.467779;0.802047
-0.889287;6.611015;3.267389;0.951620;-1.442762;-3.031400;2.584385;-1.219692;0.823063
-1.601760;4.510067;1.182035;2.239346;-0.900037;-2.934861;-1.101694;-0.714574;-0.692513
-6.692344;-3.751358;-1.363299;0.997250;-1.151000;0.041775;-0.641321;1.345073;1.419547
-5.605520;-2.277046;-1.472600;0.163016;1.398418;0.620303;-0.945995;-0.783222;1.254342
-1.925737;3.813532;-3.220335;-4.188561;2.314866;1.131453;2.935891;0.859110;0.943477
-2.335432;2.774832;-3.673685;-2.864706;0.877374;-0.518206;2.537889;0.140887;0.180780
-3.034634;-1.560251;-0.350386;2.240244;3.294833;-1.479005;0.213454;-1.437657;0.940792
-3.147146;-0.851754;1.636979;1.105949;5.488984;-1.489977;-0.829426;-1.170266;1.325513
-5.785691;-0.293525;1.058530;1.476059;2.434994;-1.530475;-0.590315;-0.863223;1.002978
-4.678247;4.981784;1.698599;1.479656;-1.335145;0.877054;1.484538;-0.668888;-1.931482
-3.983777;5.920319;1.411667;0.649049;-1.995741;-0.046080;1.932642;1.406864;0.272852
-5.533971;0.304030;-1.154435;2.611824;-1.070407;-0.551158;-1.119404;-0.561872;-0.023320
-7.148710;-3.030283;-2.875516;1.698397;-1.495727;-0.262097;0.203479;1.684184;-0.748717
-8.341126;-3.572497;-3.406496;0.421602;-0.539294;-0.858361;0.924946;0.687939;-2.028384
0.124168;5.481755;-2.597600;-2.984972;2.621579;-2.243096;-0.259678;0.605078;1.831666
3.211301;6.903413;-1.822927;-5.171048;1.931284;-0.388861;-1.418027;-0.016164;-1.005618
-2.099111;-1.553415;2.995188;-1.775951;3.352734;-2.185241;-0.705319;-2.194616;1.150097
-4.957693;-1.121923;1.969260;0.347698;2.395374;0.359447;0.978286;-0.924040;1.322753
-7.098289;-1.383458;-0.764004;2.399570;0.485405;0.368924;0.118348;0.820872;1.843787
-3.115285;6.147043;3.233947;-0.353671;-2.666392;-2.711814;-0.592292;1.652021;0.281852
-2.041702;5.840427;5.629325;-1.211983;-0.821966;-4.395499;-0.266956;0.776022;0.194435
-5.588257;-2.228842;0.953899;3.208103;1.999788;-1.490863;1.545171;-2.578945;0.033953
-6.031094;-3.857478;-0.045799;2.571450;1.083425;-0.853580;0.489555;-1.021505;1.170990
-5.332947;-4.072886;-0.960640;1.288674;2.896949;-0.551241;4.209219;-0.730772;0.576175
-2.191154;3.886970;-1.635749;-4.145631;3.134095;0.043541;-1.125495;1.353939;-0.306548
-0.839132;3.611634;-1.436809;-4.170663;3.052696;1.278161;-0.190691;1.180316;0.052181
-1.331644;-4.133554;-0.347201;1.366473;3.443526;-0.797398;0.014580;-1.490854;0.426558
-2.991389;-4.779270;1.489678;2.702821;1.333643;1.999613;-0.252518;-0.911487;1.029612
-4.565297;-2.879985;1.637296;1.620602;2.196307;2.075219;-0.703003;1.433106;0.796413
-1.548466;1.001390;1.175647;3.481633;1.488838;-1.534632;-0.838044;-0.862493;-0.748502
-0.644773;6.405520;3.613686;-0.014286;-2.457042;-0.700612;3.325965;1.174026;-0.378524
-2.774166;3.113982;1.332641;2.440258;-1.271838;-2.539004;-1.629294;1.069890;-0.746539
-5.581329;-2.912155;-2.955665;1.912334;-0.878721;-0.748365;-1.231558;-1.925154;1.261533
-7.751025;-2.866725;-2.588237;2.862228;-0.998245;0.704476;0.643017;-0.641269;1.637817
-0.305899;3.126390;-4.722618;0.445819;1.322617;0.680633;0.326354;4.452491;0.922218
5.198557;8.163706;-2.910969;-3.966703;3.570083;1.531355;0.330377;-0.649115;-0.884866
3.023950;3.126928;-1.185457;0.697758;3.118540;-1.984502;-2.033416;-0.626101;-0.057921
-4.241258;-1.564462;-0.507858;2.728203;0.891694;-0.182634;-0.655713;-0.665851;-0.081998
-4.715905;-3.350713;0.752684;0.825071;1.399415;-1.127912;0.188132;0.757592;0.492440
-2.572459;3.820640;1.129403;2.501805;-1.549650;0.150282;-0.897213;0.302622;1.551511
-1.594696;7.474141;2.827032;1.106276;-2.116010;-1.178617;-0.329009;0.390488;1.817542
-4.108071;1.909809;2.861027;1.024000;-0.123881;-2.845848;0.833942;-0.569284;-1.505774
-5.057273;-4.047450;-1.481525;1.617916;1.345026;-1.322896;1.716956;-1.411005;0.237525
-4.230320;-2.980362;-3.477509;0.516396;-0.064453;0.099476;0.837624;-0.598481;-0.036416
-5.033511;-3.395580;-1.721043;-0.659403;-0.962079;-0.035220;-0.168839;0.431781;-0.470543
7.157274;-1.511889;-2.458612;3.000336;-1.328069;1.632873;-0.802791;-0.566687;1.241472
8.719880;-2.347551;-0.051614;3.863251;-0.286325;0.375838;1.023190;0.264775;-0.867842
7.588196;4.419335;4.744188;1.533682;-3.649693;-0.637017;0.248444;-0.549853;0.512765
9.803445;1.886852;3.377933;1.829688;-2.576483;-0.121432;-2.497955;1.132181;1.482407
10.367957;-1.560197;1.555098;4.374327;4.373026;-2.034288;-0.716238;-0.427481;3.187246
8.016951;1.283253;-1.178170;6.041281;4.138567;-2.867258;-0.918651;-0.984545;1.544286
9.008153;6.868336;-6.647602;3.990712;2.641883;0.147471;-0.360833;0.747359;-1.178984
6.348959;8.223182;-5.580050;-1.747159;3.599606;1.151329;-1.587688;4.043015;1.107004
8.337977;2.899909;-5.912503;4.547982;-1.575378;-3.485202;1.774312;-1.286895;-1.239899
13.473876;5.450230;-3.156261;5.379283;-2.834826;-6.882533;-2.254568;-1.394376;0.306586
8.220858;4.340118;-5.935750;6.759357;-0.601983;-3.667868;-0.418629;-1.131473;0.435643
3.372501;5.108603;-6.395085;-5.062834;2.434082;-1.491502;2.946586;2.403350;1.265070
1.816244;5.666983;-6.363416;-3.825860;2.360543;-0.934330;1.062360;2.174738;-1.917331
-7.133208;-3.114566;-6.221313;4.027473;-0.599328;0.233814;3.884077;-0.921606;0.903525
-1.599065;-1.680709;-5.384009;2.841606;-3.009777;-0.329005;3.060840;1.712853;1.023619
4.066423;-0.619500;-5.754678;1.513593;0.158155;-2.168060;1.155494;0.077698;0.988768
3.565502;1.845933;-3.695103;-2.903466;3.038792;-0.104791;1.215401;0.146301;1.513290
7.715687;2.970685;-6.457267;1.106305;-0.087037;-0.289565;1.425031;-4.979497;-2.679897
12.621299;2.940058;-5.253649;5.235827;-1.103726;-3.764434;-1.330082;-2.223739;-0.724098
15.968184;0.301578;-1.489169;4.969646;-0.966524;-5.193206;1.399772;-2.708306;2.524705
15.162720;1.592846;1.905708;1.706028;-5.858080;-3.520831;-1.767120;-2.147952;2.635283
10.588947;3.303970;5.473618;1.641217;-4.298261;-1.662816;-1.898507;-1.571244;2.046840
5.425283;-1.437293;-1.394956;4.781257;2.405007;-0.991453;1.584799;-0.989385;1.894424
1.704994;0.967852;-6.837798;5.232672;-0.600463;-1.936886;-0.680455;-0.189482;0.601885
1.042165;2.706709;-4.848981;1.551086;1.990610;-2.515282;-1.406060;-0.608790;-2.234529
0.752765;3.272001;-2.004532;-3.655422;3.420947;-0.256666;-1.389215;3.455657;-1.188856
2.385796;-4.205092;-1.430257;2.050508;3.972752;-1.035728;1.358744;-2.103503;2.378560
4.206104;-1.389962;-1.779468;4.012000;0.032652;-1.780680;2.230770;-0.401895;-2.064743
3.302907;1.290520;-3.298761;4.615209;-5.396530;-3.194023;-0.084060;-1.343309;-2.152787
10.353768;1.840386;5.645178;-0.824579;-4.319084;-3.846561;-0.877970;-1.236586;1.279716
12.236359;-0.520154;3.367934;2.400900;-1.389809;-3.789618;-2.587337;-4.997837;1.458332
2.074405;-3.841782;-3.733890;2.502683;-0.218537;0.190770;-0.708430;-1.733578;1.691305
2.584808;-2.108696;-2.209890;3.484162;2.621522;-1.899526;-0.068591;-0.269905;1.867914
9.906162;4.173150;-5.898148;1.604987;3.306858;-1.945424;1.080638;-0.514270;-2.940397
14.895105;4.640577;-8.522816;4.615376;-0.861055;0.113136;3.646713;-1.968091;-4.230420
11.176785;-0.981523;-4.728012;7.337084;-2.415210;1.048999;3.658893;-1.563021;-1.067960
2.089886;-1.491201;-3.364155;4.140807;0.194428;4.323523;-1.736453;3.899282;1.501506
0.849947;4.168755;-3.860012;-2.135655;2.304259;-1.257072;-0.694860;3.117375;-0.232770
3.262286;5.084491;-4.818905;-2.900122;2.216006;0.747834;-0.434485;1.986226;0.056027
-0.703964;-2.598461;-2.805506;1.616112;0.625328;-0.186680;-1.484894;-0.375624;0.760155
-3.020192;-3.357564;-3.955757;3.090893;0.336144;0.236079;1.062221;-1.037139;0.654341
3.067468;4.956367;-5.613078;-0.504852;0.351876;0.206905;-2.558187;-0.274290;-1.552339
7.474706;3.501985;-4.181274;-4.016817;0.242793;-3.220224;-0.883793;0.713649;-4.369897
10.238992;-2.857405;-2.463122;1.028126;-0.472472;0.313143;0.468859;1.775163;-0.087085
14.107245;-0.699900;-1.544008;3.260437;-0.337044;-1.047318;0.010952;-0.397524;2.345513
15.060778;3.145111;2.520842;2.589143;-5.038586;-3.529707;0.698700;-1.177198;0.216079
9.076585;3.156376;5.338040;1.320311;-4.852282;-1.412593;-1.039210;-2.751585;0.206140
-0.444663;-5.117980;2.089292;1.396987;2.111131;-0.230067;0.925569;0.500868;0.262927
-5.512331;-3.372623;-4.711042;2.910616;-0.713451;2.364622;-0.189847;1.076746;2.349902
-2.374303;2.862789;-5.392999;-2.281767;0.384241;0.168289;-1.183846;2.338289;-0.287381
3.804380;4.868304;-5.843932;-2.439542;-0.439617;0.675660;4.182088;-3.701685;-5.401808
10.283087;1.623945;-4.523053;2.019506;0.929284;-4.364029;-0.474837;-0.397360;0.714670
11.369665;4.488093;-0.442292;4.583811;-0.862165;-1.752390;1.576958;-1.422308;-0.678021
6.446480;4.919948;4.518013;0.398737;-5.046050;-2.708127;0.293515;0.032667;2.364192
3.330026;-0.386480;-2.182909;3.170621;-3.084317;-3.137473;0.202038;-2.353832;1.412744
-0.221420;0.009762;-5.280086;1.919494;-0.325712;-1.061565;-1.459830;1.476090;0.712615
1.585059;1.406075;-4.687451;0.727385;1.550261;-2.796882;-2.456977;-2.284796;-1.255337
4.268325;0.969478;-4.633111;-1.555997;0.643619;-0.583884;-2.337740;1.236724;1.587866
1.360348;-2.167009;-3.123696;2.150600;-0.760449;-0.361301;-0.719495;0.160860;2.786825
1.972546;-2.655265;-2.794528;4.726508;0.527792;0.376125;0.680058;-0.219906;2.033095
8.525873;-0.320434;0.388528;1.411353;-4.308951;-2.201316;-0.197336;-0.280597;-0.054146
5.592130;2.724200;5.450515;-0.663044;-7.002557;-2.331393;-0.011419;0.068332;-0.472346
2.411710;1.575797;3.111115;0.560836;0.207194;-0.292681;0.841799;-2.306255;0.338363
3.373837;4.815471;0.574788;1.784409;-2.536886;1.796204;6.059854;-1.779703;-0.899869
10.912742;-0.187453;-6.520657;5.008762;-0.946962;2.517465;4.179793;4.321123;4.110568
12.388900;-1.307886;-6.212485;0.288373;-1.673591;1.482232;2.121325;3.818198;2.417205
3.127208;3.676072;-3.300256;-3.326355;-1.863087;0.117980;-0.527615;-2.504764;-0.640416
6.582736;0.745176;-0.518308;-1.628625;1.104450;-1.501574;-2.022808;-3.984906;1.852658
13.016240;-7.351205;3.226420;-1.908848;-0.348076;-0.554378;1.326865;-2.105365;0.450177
13.172123;0.157390;5.541249;0.369330;-0.946061;1.856860;0.616876;-1.148826;1.668076
11.314288;1.540810;0.179496;3.988248;-0.786777;1.844875;3.882333;2.142288;0.379756
19.669549;-3.146946;-3.136651;1.557055;-3.147018;-0.816097;4.502615;1.300008;4.637368
22.457711;-1.055016;-3.419347;-2.412305;-4.770637;-2.487751;1.001736;1.470988;3.200544
10.475762;2.167585;-2.265896;-2.405072;-1.406325;-1.877942;1.102012;-4.272783;0.405861
5.220938;-2.434983;-0.075179;1.043624;2.711232;0.412190;-2.695131;-4.356588;0.952670
7.894471;-6.508994;3.153507;-1.182360;0.989928;-2.005803;3.200677;-2.185363;0.088039
9.555212;2.919888;3.533421;4.125759;-0.477408;1.995350;4.722485;-2.478146;-5.515236
13.287261;4.210854;-3.789158;6.434947;-5.289233;1.381522;-0.485505;0.683910;-2.034042
18.061836;-6.855131;-3.456613;-3.752363;-6.890208;-2.171168;0.993107;1.741070;3.283921
15.166371;-2.720337;-3.698513;-5.489493;-3.910523;1.291062;0.362331;1.344760;1.980227
3.322134;2.677331;-2.671635;-1.747571;0.398232;0.949690;0.025226;-0.979389;-2.520163
4.584986;-3.807841;-0.054650;0.583163;1.471420;0.053601;-0.920263;-1.945742;-0.652896
4.998233;-3.173478;1.007359;1.064533;-0.245317;-0.552047;-0.050195;-2.253749;0.235670
4.140784;6.047020;2.892598;1.499084;-2.364116;1.317275;-1.253291;-1.869549;-0.632065
15.798966;3.072332;-3.091885;4.618517;-1.954320;-0.577252;0.810339;-0.216819;2.385259
21.364902;-4.146243;-3.319396;-0.425820;-3.102298;-3.087169;2.471325;-0.090526;3.932292
15.111381;0.076335;-2.570509;-6.013881;-2.982399;0.000078;0.327745;1.476423;3.056691
1.474060;2.854972;-2.788376;-4.736934;-0.038731;-0.058826;-0.258852;-1.101170;-0.559105
-1.647523;-4.760236;0.265196;0.134144;1.749317;1.276050;0.810113;-1.496177;-0.965222
4.573357;-7.235818;4.072023;-0.999484;1.491244;-2.191407;1.298214;-0.522723;-0.193588
3.348317;2.834252;2.444957;1.919906;-1.333025;0.478297;0.419805;-0.625774;3.352041
-1.856043;6.351336;2.718165;0.576078;-2.568530;0.714507;0.150312;1.740284;2.701628
6.763380;-0.675574;-4.968073;3.793469;-1.174782;1.034635;3.994106;1.648200;2.824423
14.311768;2.499441;-5.267452;0.619541;-0.281302;-1.070161;-1.153714;2.614450;3.233246
9.361469;4.473208;-4.160485;0.299085;2.361278;2.698653;1.473076;-0.770849;1.976765
4.442225;-5.173711;2.916690;-2.241768;5.371027;-1.497975;3.161790;-1.436815;-0.824036
8.010789;-9.581874;5.584538;-3.656669;2.854254;-1.806846;1.475396;1.453632;-0.323269
7.950258;0.298245;2.242524;1.112732;-1.471324;-0.256881;-1.822011;-1.197592;2.275381
4.212582;6.228475;3.144549;0.150344;-2.948749;-0.559070;-1.332252;-0.189207;2.013952
15.046312;-2.173099;-2.924990;2.771184;-1.539102;0.321610;2.287680;1.484458;4.347738
19.826510;-0.617271;-4.119446;-2.136051;-2.724162;-1.412468;1.209797;2.466305;3.208130
11.931656;3.239014;-4.052340;-2.424555;0.670554;2.036443;-0.645857;-1.915012;-0.515249
7.939696;-3.945265;2.554469;-1.234693;6.393585;-1.995025;1.594725;-2.947878;-0.659897
9.501222;-7.425766;5.682982;-2.352019;4.195193;-2.438114;0.147456;-0.749983;0.921868
6.750988;2.817807;2.582301;1.156518;-2.076451;-0.612281;-1.563532;0.452893;2.475100
2.295837;6.518758;2.548808;0.115577;-3.461706;-1.507414;-1.487325;-0.396514;1.643196
14.663909;-3.097280;-4.192649;1.367308;-2.949840;0.175233;3.876822;2.331054;3.230141
19.461509;0.756967;-4.678794;-3.267339;-4.329813;-1.183156;-0.014764;3.200571;3.310023
11.586919;2.052919;-3.829011;-4.702021;-0.934635;2.570638;-0.182986;-0.744684;1.580886
4.830767;-4.772383;1.742873;-1.535475;4.085705;-0.522382;0.150921;-2.486580;-2.118085
2.340788;-6.463695;4.643404;-3.256456;3.280571;-2.428758;0.938885;-0.325754;-0.814849
1.448446;1.013206;2.728208;-0.873381;-2.227269;-1.293172;-1.986008;-0.447716;0.707761
-1.201033;6.194203;2.271426;-0.142231;-4.096950;1.219312;-1.289002;0.196713;0.767432
8.520857;0.427764;-6.508148;4.988872;-3.029425;2.337202;2.918928;1.856091;2.231714
9.390861;-0.916459;-6.500935;0.744643;-2.074682;1.198728;2.778129;0.952109;1.457159
1.426583;-1.726944;-1.467391;-0.866889;1.118583;3.992595;-2.296685;-1.109175;0.927505
4.636900;-3.502674;-1.955670;4.126208;1.883952;4.250725;-2.461224;-0.804524;2.098574
8.724204;-4.317536;-2.304628;2.834377;0.798657;1.580787;0.592529;-1.252785;2.932067
8.277994;-4.296669;-2.949096;3.052209;-2.960670;4.601929;-2.482125;-2.100234;-0.741528
9.017943;-0.027114;4.903297;-0.978336;-1.443201;2.313360;-1.176101;-1.146650;-0.445363
6.932469;-0.520947;6.574314;-0.510782;-1.599909;2.381320;-2.927169;-1.633916;-0.599153
-1.553417;-7.646776;1.843752;-1.466065;-1.275994;0.973728;0.964903;-0.373757;-0.449743
-0.929518;1.594398;2.489506;2.656296;1.177780;1.231678;-0.009181;1.245128;0.787199
0.390003;-0.052222;1.246088;3.203274;2.137828;-0.221728;-1.595752;0.869893;-0.671658
-0.690602;-0.897285;0.015337;1.212666;2.718144;-1.422916;-1.341528;0.053277;-0.053589
-3.226934;-0.589623;2.220556;1.275713;1.240794;-1.828186;-1.251289;0.701325;-0.887407
3.113498;5.432969;5.742210;1.013551;-0.703940;-1.065105;-0.733445;-0.522442;-0.551233
7.491651;1.897902;5.536994;3.085821;2.690924;-2.460628;-1.144454;0.122746;-0.140445
3.667319;-1.403945;1.523796;3.146895;5.632376;0.063688;-2.003309;-0.968172;-0.092980
1.640062;-1.393785;1.177479;2.098886;2.552058;0.541632;-0.449648;2.451213;-0.633922
3.689755;-1.864675;0.099952;7.610206;0.506301;0.725284;3.192387;2.710730;-8.639031
5.339771;4.608573;1.291179;6.771546;1.546610;-2.109840;1.286748;1.834226;-3.340377
2.204913;4.899217;3.101759;6.010545;0.362824;-1.479854;3.646134;1.810465;-7.282514
-2.761856;1.240997;0.924502;2.427976;2.264341;0.336884;-1.565862;0.162972;-0.655559
-1.443432;0.555759;0.065204;2.096690;3.814350;-1.539786;-2.080005;-1.620195;-0.015490
-0.596314;2.354347;2.189010;2.943440;1.841955;-0.709342;-0.068443;-0.396918;0.369429
-0.309326;3.561419;4.720689;-0.013222;-0.816691;1.912429;-2.262249;-1.577478;-1.111855
-0.480657;-0.485098;3.868064;-0.021440;2.136960;-2.826825;-0.386949;-0.532897;-0.270105
-2.255877;-1.233697;1.395977;2.859522;2.524289;-0.231075;-1.025468;1.365622;-0.295176
-0.536902;-1.971603;-0.370476;3.378133;2.259697;0.685005;-0.539341;1.556283;0.113859
-0.246444;-1.482154;-2.242257;3.203467;2.098940;0.574128;-1.589730;1.103678;0.781791
-1.420769;3.666626;2.037085;2.986368;0.537689;-0.783028;-2.395073;-0.059863;0.082372
1.699100;5.789407;5.744453;1.313214;0.893817;1.029756;-1.077853;-0.814413;-0.572891
0.639288;1.509648;0.775560;4.330557;3.416218;-0.457003;-0.386598;-1.187251;-0.284824
-1.644924;1.355550;-0.036686;2.832873;5.415611;-3.097272;-0.244300;-1.031683;-1.047144
0.464972;3.702368;1.178059;4.280478;3.222202;-1.766764;-0.509372;0.731985;0.157583
1.941043;1.927869;1.349051;4.279113;2.118256;-1.002617;-2.958563;0.232826;-3.737166
2.671738;1.274106;5.283169;1.161672;3.114028;-2.023963;-2.107803;-1.312733;-0.463399
2.466952;-0.016930;4.838047;3.159527;4.120662;-0.985156;-2.214171;0.362202;-0.174020
-4.078080;-1.727407;0.752991;3.114252;1.429380;1.899477;-1.020281;-0.126754;1.116507
-5.791908;-1.432844;-3.272274;2.145379;0.312282;-0.421542;0.736645;0.364353;-0.407502
-1.854738;1.461735;-2.581952;5.955072;-1.763248;-1.021636;1.578554;1.013513;-4.793990
-0.064089;2.959251;4.518023;2.342857;-0.317076;-4.777095;4.733363;1.653633;-3.941769
-0.333109;2.618925;3.666352;1.960401;2.100527;-3.275461;-1.217292;2.857109;-0.928791
-0.151348;0.244811;2.811597;3.664757;4.323346;-3.273298;-1.106134;0.071016;-0.854716
1.869931;1.171587;2.426846;3.085366;2.394459;-1.846406;-0.885239;2.064435;-2.559131
2.892272;0.052923;1.225546;2.742596;0.753337;-0.620560;-0.622432;0.582458;-4.198811
0.765776;3.136652;1.363265;3.378367;0.612863;0.413531;-1.132377;0.512774;-0.638480
2.529005;2.122556;3.267244;4.419846;3.552366;1.101485;-1.304387;0.384026;1.505375
3.917026;-2.521652;3.179391;3.303665;3.727150;0.199826;-3.343085;-0.223189;-0.425058
3.316575;1.138694;2.824586;2.966456;2.457432;-2.350103;-1.778760;0.438941;0.600821
0.123616;6.103180;3.424115;2.812752;-0.255131;1.280949;-1.304721;1.168905;-0.730611
-1.422680;3.169305;3.072589;3.679053;3.535237;-1.120481;0.677402;-0.152701;0.669626
1.062436;0.157146;2.390780;1.808646;3.940980;-1.677493;-3.939015;1.522272;-0.408394
1.141565;0.502750;1.569895;1.827920;2.144317;-2.113372;-2.641811;0.937767;-1.317106
1.198214;6.043023;4.177412;1.392031;0.095496;-0.808119;-1.011334;-0.429616;-0.264240
6.618900;2.395781;7.163411;2.988177;2.763846;0.087024;-2.747151;0.580204;0.917003
4.421743;-1.650511;2.321995;2.171027;4.739316;0.556282;-3.056318;-0.052693;1.185548
-0.311882;-1.683878;-0.658483;2.432913;2.760727;0.691293;-0.171106;3.376339;1.513173
1.667069;5.379372;2.739436;1.791797;-0.849806;0.076951;0.015697;2.735862;1.932986
2.177118;4.597209;4.854956;1.020242;-0.210999;-2.436714;-1.777353;1.648875;-0.657528
3.142381;1.308654;0.843944;2.699741;4.386598;-2.749148;-2.701974;0.853741;-1.666965
1.100816;2.538981;1.308323;3.289215;2.998470;-2.885746;-0.341479;2.783736;-2.135111
1.136162;4.462360;5.303780;2.404872;0.539400;0.107882;-0.333600;0.470433;-0.973219
5.831369;1.577969;6.497884;2.863588;3.883693;-1.852850;-0.698451;1.181344;0.521087
3.090332;-0.909975;1.954723;3.631862;3.752400;-0.165317;-3.303450;-0.758506;0.551770
1.091261;-0.652513;0.372183;4.288007;3.323840;0.068872;-2.900035;0.273846;0.625917
3.843476;1.858175;-1.092497;4.591591;4.109256;-0.294227;0.442002;1.822341;0.817272
2.063084;2.376460;-3.201254;3.430252;6.159783;-0.549114;1.211149;1.017736;0.437600
9.135463;-3.651018;-0.068286;-1.032410;2.224630;2.177421;1.039043;-0.032608;-1.278865
4.251468;2.568351;-2.378120;-5.162819;0.883264;3.769972;-1.868893;-0.510143;-1.710410
-1.401588;1.370926;-2.445093;-2.619620;2.380853;-0.882374;-1.541678;0.086401;0.230182
-2.264570;-0.908832;-3.874195;1.313136;0.154152;-0.517888;-2.329073;-1.238753;0.459455
1.826335;3.596862;-5.648950;-3.125839;0.020628;0.347993;-0.943318;-0.962776;-0.259502
7.052132;-0.106658;-2.427940;-3.072468;1.223986;3.755850;-0.534754;-0.759498;-2.766165
9.885252;-5.217755;2.513012;-0.146040;1.861631;2.042114;-0.193623;-0.267568;-2.334438
14.056323;2.344848;5.878968;3.704560;0.890711;2.898044;-3.501058;-1.647353;3.735573
6.621505;6.907674;2.814674;2.869967;-3.332427;5.964588;-0.164417;1.669697;5.112162
-3.564177;-2.043683;-2.031401;0.974747;-3.371064;-2.110482;0.289805;-0.637553;0.095896
-0.544075;-1.771665;-5.263470;-0.808183;-3.353294;-0.853710;-2.076182;0.559349;0.047744
6.185409;3.490993;-6.028703;-3.158554;-0.558331;0.986357;-2.332341;-0.592832;0.925746
8.045372;1.951502;-3.329089;-5.828584;0.613721;1.445739;-1.085801;-2.178273;0.641814
6.887502;-4.018598;0.528690;-2.997040;0.316564;0.884611;0.363224;0.108360;0.485701
6.305840;-1.225274;2.161267;-1.099790;-0.003885;2.227394;0.159532;0.795815;0.331720
3.307692;3.069293;5.815579;0.474868;-0.828088;-1.335503;0.587574;-1.204124;1.364622
1.853497;1.297664;1.732332;1.232874;-2.857463;-1.638187;0.811753;-2.202913;-0.204153
2.772659;-5.098036;-1.901794;-0.633609;-1.096035;-0.601220;0.691529;-0.720129;0.960157
3.272737;-3.328046;-2.714418;-1.603438;0.159853;1.009735;-1.850430;-0.869851;0.664733
5.435711;0.340341;-2.693049;-6.666386;-0.157727;2.143324;0.143426;-3.320555;0.153919
10.201035;-2.506327;-1.032628;-5.873387;0.530798;1.809601;5.071427;-0.511884;-5.259471
6.804646;-5.304312;-0.871229;-1.103625;-2.720047;1.603654;0.312644;-0.311856;-1.162395
2.661077;-1.122184;2.129004;0.919171;-1.969631;-1.466972;0.981152;-3.088497;0.171249
-0.427284;2.821886;3.657660;0.476948;-2.516675;0.728111;1.219445;-0.142263;0.325217
-2.737089;1.296163;3.737563;-1.348742;-2.660213;-1.148553;1.814952;-0.165369;-0.757307
-3.182594;-2.356980;1.132033;-0.054074;-1.889185;-1.115576;-0.900478;-2.941970;1.016877
-2.469503;-2.046076;-2.966488;-2.237155;0.295490;-0.695586;-0.240732;-1.727962;-0.413629
5.200157;1.870445;-4.112427;-5.478343;1.554924;1.066452;0.732804;-1.843944;1.023573
8.243586;0.186586;-2.679051;-5.685048;1.131214;2.785834;0.267783;-3.106574;-0.349380
8.107310;-6.667678;2.984798;-3.081015;1.886861;1.051275;1.235430;1.043026;0.035454
6.207526;-6.641635;0.997299;2.333761;0.020959;5.899032;0.088686;-0.184629;-4.756654
3.555956;1.047200;2.792951;1.608742;-2.010311;1.145858;-0.036232;-1.056925;1.262815
0.047702;4.998356;2.955119;0.679932;-4.690104;2.497548;2.477182;-0.143720;-0.518525
-0.497502;-3.693637;0.731187;-0.293846;-0.519770;-2.552305;2.176089;-1.506964;-0.150373
-0.428818;-4.923647;-2.114698;-0.171753;-1.810667;0.845774;-0.530787;-1.935501;-1.681907
-1.488648;-2.634360;-2.093608;-2.021434;-0.537788;0.286212;-1.324001;-2.283733;0.912459
-2.575083;1.368277;-3.158076;-7.082985;-1.230327;3.984168;0.383039;-0.298726;-1.016559
-0.765290;0.877062;-2.205750;-6.929841;-0.578177;2.386524;0.233111;-2.689277;1.188972
6.666575;-4.516512;0.509303;-5.060673;-1.760335;-1.526273;0.575459;-0.381955;-0.903147
4.806566;-5.214520;-0.616266;-1.436605;-3.790173;2.193454;-0.169760;-1.543418;-2.241751
-0.733011;-0.303127;2.272097;-0.742065;-3.064660;1.773042;-0.429341;-1.381870;0.163709
0.639775;5.261832;1.904513;-0.636433;-5.471589;0.996003;4.247226;0.501973;0.017889
4.143525;-0.143806;2.753146;0.925196;-2.403775;1.047863;-1.745397;-0.647711;1.118860
-0.006895;-6.881648;0.323945;0.120040;1.732154;1.747387;1.093716;-0.863259;2.482057
4.033986;2.906535;-6.154211;0.539968;0.908733;1.354558;-1.360046;-0.997051;-0.183236
4.843223;5.672034;-6.040507;-3.058165;1.707229;0.826905;-0.193773;0.301874;-0.623275
-2.175235;-0.671414;-2.432848;-3.700404;0.894383;2.266164;0.005210;2.800870;0.549970
2.082548;-6.778988;0.368797;0.677915;-0.134959;3.970499;0.019151;-0.950384;-2.163471
3.549241;-2.611100;0.957524;0.201873;-2.255130;1.489089;-1.480361;-0.257287;2.253374
-0.479575;5.655799;2.739385;-1.787845;-7.191065;-1.213085;1.088224;-1.261856;0.816642
0.532501;3.781290;-0.258980;1.783945;-4.673535;-1.316014;3.156644;-1.658939;-0.413561
-4.554155;-3.010433;-3.436497;2.493443;-0.931796;-1.125176;3.245084;-2.192711;0.875870
-3.346570;-2.365987;-3.550989;-0.667708;-2.077696;-0.452416;-1.436290;-1.006151;-0.356491
-4.674101;-0.441203;-4.214768;-1.150732;-1.605772;2.298637;0.746172;-0.937478;-1.167324
-10.512273;-1.922525;-5.431049;0.189258;-1.041940;2.142987;1.415488;0.531530;1.531018
-6.739768;-2.564229;-0.925749;0.661919;-1.517812;0.710753;-0.169063;-0.571767;0.439866
-6.974901;-2.017570;-0.281843;1.214310;-1.135265;0.120105;0.767999;-1.163758;0.428038
-3.675115;0.850525;-2.629211;-0.283543;2.857107;-0.927138;0.684293;-0.477789;-0.270084
-3.193639;3.300829;-2.300083;-6.191532;2.950574;-0.519208;2.446259;-0.312562;0.535393
-6.878297;1.586041;-4.541912;-1.489391;0.642346;0.537748;1.693360;-0.344419;-1.968813
-7.779664;0.443682;-5.264620;-0.064326;-1.883774;-0.658520;-1.477565;1.712089;-0.041531
-5.190081;3.481147;-2.755900;-2.124240;2.578876;-1.778127;1.131441;-1.601520;-0.205282
-6.464798;2.706262;-1.133891;-4.309608;3.444649;-0.730841;2.052461;0.255940;0.116396
-8.504386;-1.458404;-2.509669;0.994162;0.362345;-0.967575;0.553038;-1.052813;0.187922
-7.572407;-1.728241;-1.544666;0.212791;0.662972;-1.026471;-0.293471;-1.106858;0.282638
-4.722494;4.058775;-1.209788;-5.445556;3.865127;-1.562983;1.838301;-1.346899;1.032912
-5.501540;4.878946;-1.911624;-2.464985;3.847597;-2.715803;1.293971;0.976335;-0.948140
-10.244194;-2.906581;-4.317145;2.934619;-1.647271;-0.210135;0.689492;-1.059033;-2.319772
-7.367124;-1.383390;-4.230149;0.160609;-0.655774;-2.083814;0.574090;2.255502;-1.731034
-4.047575;4.852770;-2.178175;-4.441649;3.227642;-3.147074;1.147677;0.003388;1.766361
-5.500956;4.652855;-1.881793;-3.528848;3.689154;-0.635488;1.131458;-0.992270;-0.275447
-8.856095;-2.717254;-0.624122;0.338833;0.511913;0.280621;0.427046;-0.428831;0.128513
-7.900845;-1.940995;-0.551946;-0.801571;0.759452;-0.305053;-0.570032;-0.336169;-0.479627
-5.473349;3.743072;-2.591203;-5.277291;2.151775;0.869260;2.430886;0.411268;0.632623
-6.479144;4.105283;-2.212312;-3.989998;2.292810;-0.008766;1.428559;1.613687;-0.704708
-9.777674;-2.782595;-3.169002;0.863433;-1.240739;-0.026416;0.146987;0.296772;-1.795430
-8.955663;-1.328330;-4.249059;1.702616;-0.750132;0.437800;0.294380;-0.842156;0.274512
-5.859603;3.816633;-1.274961;-4.637713;1.943947;-1.609309;1.738602;-0.315978;-0.216496
-6.348102;4.359107;-1.267284;-4.724395;1.724347;0.693984;-1.682935;1.313726;-0.131788
-8.935460;-1.960872;-1.709609;1.531411;-0.282453;0.860501;0.883205;-0.776228;0.401463
-7.928125;-2.810666;-0.425861;0.031447;0.846638;-0.092527;0.178208;-1.004678;-0.148306
-5.602289;2.984076;-1.434618;-4.496324;2.351839;0.069550;-0.734793;1.596156;-0.675485
-5.795177;3.775037;-1.286774;-5.173227;2.325271;-1.015087;-1.349006;0.492332;-1.848562
-9.031893;-2.046939;-1.856052;-1.084341;-0.004603;-1.621989;0.040600;0.200319;-0.577321
-8.100516;-3.511662;-4.369568;0.989551;-2.011113;-0.860044;0.323094;0.723997;-1.375134
-5.054292;2.296122;-3.950528;-1.292022;0.438392;-2.376636;-1.092564;0.412845;-0.576524
-4.383641;5.384416;-1.719196;-3.494716;3.311608;-0.679438;-0.612633;-0.709269;1.187225
-6.688613;0.856013;-2.185752;-0.439671;1.850232;1.461094;0.583530;-0.536242;-0.088480
-8.443876;-3.036624;-3.201119;0.535483;-1.771467;1.620457;-1.955828;1.127163;0.193727
-6.813937;-1.510901;-1.792002;-0.030604;-0.216802;0.968050;-1.700091;0.535882;1.653126
-5.830128;3.791613;-2.295639;-3.235488;0.719451;2.748692;-1.119982;-0.165257;2.204590
-7.961755;3.482070;-1.743294;-3.196751;1.668860;0.667762;0.138980;-1.721100;0.902304
-10.380479;-2.291408;-3.277208;1.136877;-0.775141;1.030553;0.831116;-1.315867;-1.502864
-8.420898;-0.437055;-3.196948;1.257868;-0.529550;-0.049521;-0.551441;-0.666151;0.368583
-5.941587;5.736005;-2.115201;-2.931678;2.093437;0.092028;0.552794;-2.255839;1.441910
-5.824716;3.694910;-1.232829;-2.590867;2.589915;-1.433736;0.203012;0.252884;0.542412
-9.414313;-2.725918;-1.239863;-0.836933;-0.239794;-0.044238;1.442827;0.358382;-0.276788
-9.405914;-2.839671;-0.779623;-1.056973;0.335521;-1.231238;-0.058026;-0.363136;-0.512794
-5.825220;3.306270;-1.082591;-3.379560;3.926288;-1.111754;1.004495;-1.664513;1.324068
-6.234648;4.515135;-1.356379;-3.738141;3.581581;-1.198367;0.675940;-0.849689;0.964068
-8.919854;-2.556818;-3.179964;-0.645526;-1.041969;-1.154897;0.153564;1.573461;-0.592622
-8.266314;-2.038045;-4.955315;2.462047;-1.338564;-0.241551;-0.525328;0.535446;-2.737515
-2.839902;5.503303;-2.044346;-2.981120;4.324937;-4.094910;1.718530;-0.345280;-0.023395
-2.657420;5.487805;-2.166377;-3.869184;4.022648;-1.461426;0.659249;0.979044;-1.424253
-7.514444;-3.486159;-1.059389;0.358860;0.523604;0.193092;-0.693101;0.332792;0.640379
-5.408025;0.232247;-1.222414;-2.748769;2.337156;-0.489564;-0.893511;-0.477936;-0.571498
-4.868580;2.477012;-1.060930;-6.680968;1.970488;0.041338;1.135396;1.952438;-0.955615
-8.258071;0.586852;-4.191974;-1.300067;-0.135454;0.701806;0.091931;0.080725;-1.369868
-10.258820;-2.660017;-4.204404;-0.191773;-1.264514;0.054995;-0.513228;-0.718757;0.916535
-8.342550;-1.961503;-3.464966;-0.118183;-0.916395;0.845806;0.004194;-0.367314;-0.978107
-7.103532;-1.341728;-0.365480;-2.388047;0.540316;0.658414;0.804898;-2.743579;0.223626
-5.200779;-2.628614;-0.861463;-1.593999;0.643601;0.514426;0.540463;-0.411128;-0.513848
-4.259703;-3.747104;-0.971134;0.085067;-2.552110;-0.476933;-0.340560;0.389808;-2.716170
-3.155969;-4.614763;-1.409365;-1.440473;-3.846398;-1.621393;-1.168633;-0.844697;-1.440331
-2.968482;-2.817374;-0.541347;-2.711997;-4.433181;-3.296142;-1.608421;1.667153;-0.529135
-1.719073;1.760071;0.938103;0.448657;-3.007641;0.295298;-1.153213;-0.144006;-1.263765
1.610188;1.909688;4.471729;-1.587188;0.124043;-1.465613;1.034730;-1.963157;-0.346846
1.616666;-2.849901;2.067465;-2.612039;-0.978160;-0.481026;-1.496813;0.428717;-2.749485
-0.907541;-4.796632;-2.220015;-2.085189;-3.294343;0.722605;-0.906000;1.180897;-3.098890
-3.326671;-6.297107;-2.453723;-1.558722;-2.897864;-2.382038;1.502823;2.486947;-3.492410
3.896508;1.202665;2.643696;2.329064;-1.746248;-2.004458;-0.239768;1.073782;-2.807752
6.476263;2.932756;4.302058;1.146229;-0.484916;0.440800;1.094594;-0.580788;-2.032572
-0.568550;-3.705518;1.121334;-1.056711;-0.908210;1.881101;0.931184;0.985494;-2.917885
-3.772857;-4.001806;1.544805;-3.666619;-2.278236;-1.901465;0.089768;2.126328;-1.316009
-4.068169;-2.992420;-0.512528;-2.280239;-2.071646;-1.214091;-1.510160;0.445453;-1.099355
-5.733966;-5.103104;-1.081271;-3.190428;-2.829403;-2.351136;-1.712897;3.427435;-1.452882
-4.508640;0.710365;-1.109787;2.068512;-3.085342;2.084973;-2.311057;2.988808;-1.130731
-1.310359;4.323871;3.581196;-0.779700;-0.677467;0.284517;0.886912;1.679510;0.220716
0.361826;0.705458;3.029175;-1.728480;-1.342207;0.153344;-1.428392;1.653912;-2.148433
-5.045511;-3.570859;-1.331419;0.550471;-3.129987;0.092822;-0.625058;-0.122095;-1.010946
-6.001153;-5.473549;-2.371169;-0.918428;-1.563105;-0.066345;-0.270132;2.506965;1.212782
-3.343902;-5.836688;-1.922383;-0.437853;-1.532110;-0.909092;-0.805004;1.236364;-0.230271
-1.038859;0.359380;-1.991550;-1.590839;0.745155;-2.868686;-1.373824;0.555992;-0.340533
0.705402;3.218111;-2.000509;-5.181978;-0.576515;1.159319;-0.771066;-2.701178;-0.334669
3.561538;-4.817221;2.556126;-6.613420;0.661357;-3.137107;0.854742;0.659189;-0.477808
-0.349641;-5.403453;2.039483;-3.353316;-1.954201;0.654608;-1.098613;-1.185889;0.660585
-2.437943;-3.924034;1.958973;-3.789208;-2.474625;-0.419268;-1.583862;-0.495260;-0.667916
-2.114340;-5.116513;-0.736915;-2.841197;-3.269984;-0.450447;-1.265449;-0.925679;-1.046449
-1.216739;-4.263565;-0.902828;-0.974743;-3.530678;0.219504;-2.191063;-1.203121;-1.862912
4.233484;0.089216;3.417564;-1.977605;-1.824376;1.508504;0.589941;0.366495;0.903276
6.285252;0.236734;3.577995;0.089833;-0.043752;2.744374;0.433907;-1.653164;-1.931699
2.885992;-2.929480;2.894608;-1.642553;0.956182;-2.464442;0.626183;1.432356;-0.555339
-1.203169;-4.216549;0.564325;-0.165271;-1.680489;1.544409;-0.415934;-1.432842;-1.898404
-4.744521;-5.700679;0.065596;-2.011999;0.096613;-0.694623;0.611936;0.972989;-0.270327
-4.199812;-4.441743;-1.023196;-1.441578;-0.821285;-0.211194;0.249156;1.163825;0.330214
-1.137017;1.919412;-2.018217;-1.388852;1.378857;-3.017527;-2.648278;2.438039;1.204893
-1.306873;4.827482;-3.070286;-2.676152;0.734764;-0.648839;-1.847003;1.217047;1.361157
-2.418862;-0.320934;-3.074335;-1.777640;-1.496119;-1.322471;-2.215682;-0.593100;-0.884207
1.513953;-5.093333;-0.208402;-2.665129;-1.498670;0.827834;0.608263;1.204971;-0.158140
3.125621;-6.348009;1.882180;-3.317134;-0.807022;-0.058477;1.226835;1.712042;-2.689674
1.284705;-6.536694;1.599071;-1.823812;-1.506356;-0.765225;0.761099;1.183680;-3.876346
-0.359297;-5.578826;2.075745;-2.394767;-1.916385;-0.942701;-0.803466;1.802040;-1.909719
-0.280462;-0.909930;1.765019;-0.343604;-2.768923;-0.120305;-2.823760;-1.187109;-1.146275
0.871306;1.869704;4.860427;-2.988209;-1.728834;2.427986;0.615134;-0.227524;1.628072
1.879097;-1.311857;2.867398;-1.237044;-0.041646;2.953577;-1.221991;1.617435;-1.947786
-3.563507;-4.376589;0.198388;-1.017298;-2.095622;0.192251;-0.476498;1.310305;-0.325174
-5.292014;-4.871024;-3.455276;1.130649;-1.553836;-0.137168;-0.589391;0.870083;-0.045705
-5.830447;-3.411624;-4.501541;2.397610;-1.747113;0.744824;-1.739840;-0.129585;0.898518
-3.644755;0.626766;-3.578775;-0.724810;0.042113;-1.568735;-2.612922;-0.550420;-0.562661
-2.576225;3.530994;-2.397213;-3.799127;0.355469;-0.459995;-0.296630;-1.767000;0.294302
-2.272392;1.049140;-2.473151;-1.128433;-0.474562;0.128289;-0.854691;-2.490462;2.434796
1.425226;-3.953485;-0.829805;0.336927;-0.860471;1.641396;-0.158497;1.507249;1.631085
1.001795;-3.339966;0.277778;-1.696617;-1.221280;3.242706;-1.514953;0.384924;-0.358923
-0.338525;-4.629749;1.368947;-4.309007;-2.209102;-2.188441;-2.236653;-2.252157;-0.673380
-0.149045;-2.203886;0.232178;-1.369839;-2.937592;1.386769;-0.865876;-0.007798;-0.250810
3.389794;1.283489;3.973593;-1.517082;-2.236392;2.712121;-1.304958;0.071514;-0.543880
7.574987;-1.130672;2.821707;-2.384511;-3.785230;0.553110;-0.537554;-3.416858;-0.098633
7.860488;-8.376646;1.898946;-6.074420;-4.100333;-2.026685;0.374373;1.825224;-1.902102
2.332631;-8.247968;-0.537591;-2.346075;-1.844780;1.199663;-0.369545;1.137411;-0.272641
-4.735189;-4.788876;-2.176056;-1.315925;-1.747503;-1.568559;-0.871939;2.472111;-0.506153
0.154312;-0.310932;-2.252367;-2.131651;-2.501441;0.124723;-1.168992;-3.293116;-0.471504
2.324398;-1.380668;-1.133082;-4.715378;-1.944067;-1.965257;-1.272081;-2.924075;1.836469
1.620238;1.651547;3.726182;0.832844;-1.121653;-1.459721;0.200606;2.656686;-1.349406
-0.548652;5.200791;2.265193;0.820289;-1.347607;1.269734;0.856533;2.271484;-0.729891
-2.336700;1.825143;0.485652;3.015530;0.366609;-0.012801;1.546892;-0.522478;-0.003741
-2.113509;-2.602957;2.302018;1.240995;0.689886;-1.345836;2.263223;-1.648221;2.051887
-1.308063;4.292797;2.922683;1.639851;-1.640142;0.520139;3.166590;-0.637714;-1.262307
-2.329745;2.903150;0.711661;3.842143;0.782831;-0.944484;-0.087517;0.074030;-0.686500
-1.378994;1.363128;1.294901;2.310136;1.279832;1.551273;0.548863;1.381071;-0.981727
-1.808399;4.859746;2.452408;-0.565895;-0.399813;0.796736;2.570332;1.107916;-0.791677
-4.613482;1.193668;0.053621;1.919733;0.165723;-0.310317;0.486033;-1.197709;1.613334
-4.278295;-2.593849;0.835866;2.677667;1.297285;-0.191818;2.514928;-2.245106;1.866164
-4.581913;2.835291;0.697220;1.981683;-1.076213;2.368920;2.067282;-0.836810;0.971169
-3.893802;3.165223;1.562191;1.778548;0.150121;0.220965;-0.707840;-0.790701;1.428856
-2.745519;1.498872;3.593866;0.053317;0.659746;-0.285279;-0.977767;0.944518;1.431352
-3.674907;4.582627;3.409066;-1.550322;-1.429780;-0.354121;1.017757;1.378293;1.057355
-5.499480;2.225052;0.727371;1.450420;-2.079276;0.427122;-0.264909;0.012672;0.979880
-6.205141;-0.082210;1.142920;1.549766;-0.628517;1.842443;3.061658;-1.041360;1.253032
-5.578972;3.864974;2.121562;0.254837;-1.092955;3.311224;1.180009;-1.035113;-0.093097
-3.425708;0.674651;3.413092;0.953090;2.720236;0.235740;0.566952;-1.433481;1.159812
-1.905800;0.929888;3.030420;1.683777;1.669969;0.883002;0.926834;0.168884;1.570971
-2.778252;5.203733;2.407177;-0.211075;-1.396294;1.262304;1.778539;-0.108173;0.998499
-3.611080;1.134164;1.412341;1.313592;-0.247029;-0.591276;1.556440;-0.784161;1.692543
-3.815894;-0.087401;1.906965;0.804498;-0.759108;1.490756;0.332200;-1.238729;0.564339
-4.186199;4.113990;3.315770;-1.526279;-2.633818;2.520087;1.030002;-0.437396;-0.886427
-3.190475;-0.431669;2.650149;0.668202;1.225757;0.170783;0.431376;0.845587;-0.258941
-1.905605;0.657722;4.085835;0.497361;1.433310;0.663620;0.529603;2.311158;-1.060239
-3.146170;3.585071;3.987370;-1.115619;0.096759;2.218671;4.634572;0.913996;-2.545432
-6.168543;-0.949233;1.300785;0.464557;0.661474;-0.330008;3.153547;-2.182118;2.660448
-7.035763;-2.122616;0.184817;1.457127;0.539779;0.468016;4.819318;-2.214988;3.461822
-7.421185;1.946190;-0.927058;1.361622;-1.617356;2.288658;2.727137;-0.748890;1.102420
-6.355673;4.167125;0.291627;0.053251;-2.062262;1.440145;2.804325;-0.910746;1.142224
12.361746;-0.143431;4.363048;4.066723;9.249800;1.351218;0.429729;1.239699;0.256432
34.005861;-2.058709;5.233678;-2.128916;13.585742;3.557645;6.160929;2.246359;2.073645
22.263013;4.418235;1.770821;-2.450701;4.082257;4.098050;7.161387;5.909377;0.012723
-2.442695;1.374081;1.908616;2.192649;1.008556;1.990194;-0.122381;-0.017780;-4.467207
-4.994236;-2.296973;0.480089;1.627204;-0.979333;0.982302;0.924227;-1.213985;1.233216
-4.838321;1.597003;2.132642;-1.480600;-1.683301;1.616471;1.754320;-0.518990;1.007643
-4.403175;2.697702;2.860718;-1.063347;-1.011853;1.702100;-0.393593;0.762729;0.042069
-5.359941;1.427824;2.457402;1.017162;-0.314770;1.651158;0.616668;-0.023284;1.565031
-4.591770;3.941916;2.099529;-0.533634;-1.880916;1.719655;0.293618;1.347552;-0.466817
-6.090866;4.049765;0.873722;-0.588076;-2.552679;1.103085;0.364803;0.313581;0.386114
-9.004240;-3.166124;-0.201738;1.635692;0.096302;0.057600;2.432801;-2.413449;1.957397
-8.778799;-1.800863;-2.234051;3.847401;-0.701936;2.344639;2.906385;-2.065439;0.993048
-4.978007;5.626937;0.767968;1.441336;-2.976026;0.452707;1.218206;0.143866;-1.214752
-1.373986;3.514871;1.879753;2.412515;-0.683260;-0.501204;0.371215;1.029647;0.171265
-3.142606;-5.000280;2.100158;3.010608;3.668179;-1.200386;2.155729;-1.557673;1.032074
-4.009735;1.521953;2.567586;2.702116;1.148899;1.181399;0.138837;-1.129920;2.051014
-3.558275;4.454064;2.303335;0.632744;-1.075875;1.099745;2.309485;0.459223;2.296699
-5.538515;-0.794803;0.083616;2.693540;0.218308;0.403618;2.490912;-0.937943;0.087737
-6.620312;-2.027947;-1.876852;3.541897;-0.889975;-0.720618;1.348955;-1.465880;0.073874
-4.091870;3.039451;3.074590;-1.098846;-1.597244;-0.703922;1.468629;1.459812;0.588943
-3.970169;3.273295;4.190546;-1.698673;-1.317925;1.370027;-0.253553;0.500742;1.315946
-5.627508;-3.400383;1.314612;0.703563;0.642689;-0.446076;1.111683;-1.328427;0.866013
-5.903596;-2.515021;1.376888;0.733932;0.349442;0.577780;-0.212894;1.469918;-1.576802
-5.512664;4.421479;1.490976;-0.351183;-0.762132;0.739141;2.783876;0.870778;1.173794
-6.551054;4.529824;1.418925;0.833496;-0.773362;1.676419;-0.668899;0.471293;1.287716
-5.756840;-3.120691;-0.345041;1.784500;0.655010;-0.452598;0.771971;-0.699317;1.669306
-4.865580;0.809619;-1.654688;0.454635;2.041376;0.736260;1.503083;-2.361249;0.193840
-6.118162;1.567341;-1.441496;-1.368944;2.209914;1.467229;1.598680;-3.259455;0.948921
-1.238559;-1.207160;-1.133227;4.583785;0.942637;1.833231;1.496595;1.130238;-1.501562
-0.872564;-1.183881;-0.056380;5.495668;0.846312;2.118580;1.489138;0.446142;-1.085470
