-4.177311;-1.794296;1.480675;1.390088;-0.695325;1.102767;-0.412615;0.827293;0.526637;0.165005
-3.011513;-2.553216;2.403251;-0.779596;-3.013638;1.899640;0.239213;-0.175748;0.593349;1.205570
4.113263;-4.260961;-0.889495;1.279678;-3.462791;0.947091;-0.161560;0.864858;-0.569953;1.783698
4.649446;-3.841934;-2.130000;4.303612;-1.106631;1.443872;2.077015;1.639771;-0.105474;0.816443
-4.707001;0.359249;0.113357;1.765108;-0.110019;-1.537690;2.371469;-0.475303;0.064385;1.361194
-4.312941;2.835591;2.070578;2.393313;-0.146476;-1.975716;2.025125;-0.445945;-0.603500;-2.281065
10.004724;-1.755223;2.592298;4.464544;-2.639752;1.269443;4.052320;-1.554113;1.152280;-2.229116
9.973523;-4.059045;3.456432;1.704095;-3.297656;0.799332;1.512775;-1.040415;3.450921;0.621748
-4.274592;0.659059;1.159515;0.089201;-0.412120;-0.244843;2.337719;-1.798819;0.905841;1.805403
-3.855016;-1.270339;1.526841;-0.351734;-0.636286;1.679461;1.525478;-1.809801;-0.809990;2.043127
5.319788;-1.245139;-0.147777;4.172074;0.236909;-0.556169;-0.784552;1.361841;-0.341650;0.115558
5.243801;-0.819646;-1.229431;5.456627;0.040564;-0.125796;0.408238;2.957707;-0.059423;-0.317188
-6.251925;0.415747;-1.065433;0.805020;-2.202880;-0.864452;1.019856;0.415828;-0.016244;-0.059268
-6.784789;2.038426;0.172014;0.859688;-2.179726;-2.767352;1.050578;0.043917;0.442786;-0.453829
7.657541;-1.933959;1.177409;2.717220;-3.441898;0.748867;2.487473;0.081140;2.672494;0.544825
8.347246;-2.396036;2.760595;2.563567;-2.414064;0.483308;0.995160;-0.242057;3.758104;1.786160
-3.303128;-0.636903;4.021430;1.149175;-0.007900;-0.721719;0.498261;-0.743984;0.828772;1.781959
-2.679907;-0.931082;3.649947;0.766497;0.357090;0.659928;0.802454;-1.386277;0.276485;1.983242
6.013450;0.936191;1.457068;4.629565;0.856838;-0.652283;0.018005;1.361533;-0.567064;0.409790
5.113502;-1.904191;-1.324238;5.242261;-0.906922;1.566068;0.934438;1.671646;-0.811741;-0.399887
-5.104196;-0.385906;-1.005616;0.939785;-1.062654;-1.600961;0.605776;-0.360900;1.171355;0.722222
-5.709079;5.230614;-0.152955;3.163519;1.292791;-3.075729;1.250822;-0.323593;0.300341;-0.472051
7.269614;0.373804;0.059245;4.266057;-1.725666;0.517313;3.597457;-0.196892;0.535911;-0.476145
7.688783;-2.401868;1.968751;2.761884;-1.664430;0.730163;0.908023;-1.204074;2.126246;1.373953
-3.561393;0.910615;0.898687;1.003165;-0.630546;0.378482;-0.742503;-0.557317;2.425981;0.902465
-2.801737;1.462248;2.248044;1.668293;1.064427;1.556031;1.271819;-0.615616;-0.413526;1.415387
3.655457;3.299716;0.390109;5.848976;5.177367;-2.714826;1.514379;2.252252;0.656724;1.955172
3.253318;-0.603871;-2.942153;4.746474;1.371228;1.288057;-1.287983;1.356831;0.721605;1.695407
-3.502686;5.102737;-3.478559;1.720712;-2.026764;-1.095157;-2.277837;-0.600267;-2.213727;-4.282055
-5.658628;9.099744;0.761972;3.237476;1.103529;-2.056964;0.120378;0.164601;-1.557627;-1.985141
6.333053;2.563335;0.644222;5.460821;0.465791;0.062573;2.475488;0.301739;0.606397;0.487185
7.125969;-1.105184;1.611618;3.055352;-0.326437;1.591149;-0.116802;-0.058730;1.403914;1.080751
-1.573827;-0.564078;2.807319;0.338350;-0.234127;0.050336;0.450291;-1.587151;0.579568;0.991829
-4.037913;-3.184372;4.663285;-1.588156;-1.865262;0.355815;-1.470744;-1.744952;0.397315;0.903280
4.986655;3.025741;2.735085;5.174767;-0.867892;-0.032416;1.139705;-1.722003;-3.128053;-1.683219
6.765878;2.581384;1.147817;7.343982;0.720030;1.907911;-0.158726;-0.663959;-2.102191;-1.562258
-2.540955;3.584392;-2.724928;4.468828;0.819606;-0.699294;0.296523;-1.704760;0.734898;-3.014007
-7.663479;5.646392;-0.935459;4.251804;2.890098;-0.768495;0.036331;-0.676391;-0.469301;-1.938306
6.850282;2.523113;1.147832;5.469537;2.914340;-2.764951;2.560386;0.488213;0.150424;-0.789919
8.701793;1.459588;1.044475;5.886307;1.206997;0.151099;1.277360;0.075816;0.128438;0.307530
-3.666609;2.159972;0.390133;3.341206;2.114597;0.004797;0.199180;-2.350265;2.438207;-0.700922
-4.733284;3.260674;-0.186813;1.993474;1.263041;0.304372;1.584398;-2.437258;-0.096428;-0.637609
-0.789088;0.299608;-4.779885;3.104986;1.114402;1.436955;0.207100;-0.579482;-0.996561;-1.403830
0.325738;-1.703299;-4.007812;2.527121;0.495508;2.418588;-0.694640;-0.029096;-0.230562;-1.713602
-4.366064;0.541169;-2.204973;1.899471;0.693326;-0.921718;1.393884;-0.221585;-0.667964;-1.337027
-4.189234;0.305110;0.731088;1.809830;-1.334776;-0.404632;1.168143;-0.420479;0.830668;-1.292112
3.747351;0.117159;-0.926288;1.848144;-0.744060;0.890792;-1.990238;-1.097908;0.480667;0.369722
3.359172;0.060583;-0.561752;1.879711;-0.217591;1.444061;-3.609217;-2.114354;2.121588;0.766139
-1.896661;4.161741;1.706308;2.394231;1.652646;0.478975;-1.101137;-0.891050;1.581491;0.476542
0.879969;6.900011;-2.010522;5.283301;3.924020;-0.929855;0.847782;-1.731736;-0.688093;0.050394
2.461171;1.798493;-6.147399;5.061158;1.098405;1.457511;-0.580630;-1.389385;-2.638078;-2.134301
-2.910143;-0.332273;-5.781726;1.525468;0.400846;-2.680823;-0.563622;0.707828;0.388380;-0.195294
-9.139204;1.444363;-0.711562;1.415808;0.850331;-0.343286;0.315817;0.851701;1.581955;-1.184737
-4.689639;-0.016481;0.900110;-0.765596;1.532758;0.410040;0.756953;-0.981029;3.376046;0.290939
-0.116752;3.671140;2.022192;-0.316007;2.938674;1.318882;-3.024836;-0.254118;0.558257;0.076204
-1.952095;5.035941;0.219157;-0.728278;0.996598;-1.816512;-1.952209;0.408372;-1.559218;0.309031
-8.100904;1.535277;-0.561774;0.645501;0.559278;-0.834757;0.356746;-0.786113;0.333008;0.248788
-4.088113;-4.817034;-1.850729;-0.485935;-1.831377;-1.518202;-0.580804;-1.152386;1.302001;-0.112113
-6.144307;-5.049103;0.080712;-1.931695;-3.337275;0.808885;-0.746408;-1.068848;0.031422;0.700695
-1.263538;-5.124392;-4.599062;1.106541;0.995483;-0.234193;-0.342477;-0.642907;-2.891672;0.390090
-0.808956;-5.486179;-5.849523;2.956673;0.218305;1.525388;-2.631628;0.526045;-2.013120;-0.584719
-4.467776;-5.939088;-3.501532;-1.765309;-2.869615;1.376083;-0.116254;-0.749066;-0.662304;1.025238
-8.723674;-0.591777;0.222553;0.650940;-1.053620;-0.199438;1.536459;-1.560845;-0.537907;0.018318
-3.466088;-1.397987;-3.626745;2.095302;-0.490506;0.468852;1.078310;-0.305710;0.858628;0.524584
-1.700761;-4.859381;-4.053438;0.888767;-0.871455;1.948709;-2.666543;-0.059991;0.824464;0.856450
-1.380225;-5.241385;-0.712012;0.471128;-1.357833;0.713048;-1.970781;0.929339;-0.111614;0.046650
-3.246009;-5.896193;1.279030;-1.066247;-1.530215;0.750483;1.744569;-0.195556;0.031002;1.503229
-1.201989;-0.269781;1.525527;1.938020;2.044156;-3.670920;1.097480;-0.432363;-1.887415;1.526925
7.145418;-0.737477;-0.296202;4.972527;1.238777;-1.219969;0.295224;1.219606;-2.346202;2.195962
2.852515;-2.758220;-3.281601;1.585517;-2.613591;-1.922651;2.379472;1.036531;-0.593218;-0.027946
-7.944712;-1.252850;-0.441742;-0.482656;-2.934099;0.368898;1.176838;-1.365823;-0.405388;0.299390
-2.013702;-2.555667;-2.216243;0.222736;-3.534723;2.277702;1.076360;-1.367342;0.799825;0.138201
0.004684;-4.893606;-0.758098;2.772269;-0.548634;2.491492;-2.496154;1.260286;1.760065;-2.062008
-0.728894;-3.935347;-1.003441;0.043848;-1.986865;-0.565653;-0.908543;0.895005;0.475044;-1.155825
-1.598537;-3.508940;0.147593;-0.114297;-1.291297;-0.434429;1.431254;0.232543;-0.659327;0.415384
-0.182678;-3.770983;-3.247968;0.942131;0.646663;-3.065957;0.011579;-0.143402;-2.111856;0.758078
4.137383;-2.682305;-3.010571;2.333414;-0.286880;-2.307524;0.560295;-0.022791;-4.155347;-1.056995
-2.181721;0.128908;-1.258878;0.843083;-1.258029;-3.328713;1.876839;-0.087373;-2.309262;-1.647791
-7.272240;-2.396445;-2.101668;-1.596220;-2.308237;-1.693095;-0.167857;0.026037;1.689669;0.347507
-2.758911;-3.917140;-3.845394;-0.008570;-3.539680;2.448478;-0.813226;-0.545396;1.002568;0.619522
0.728512;-3.297977;-1.411681;2.153721;-0.391012;2.118953;-1.094119;0.500396;-0.190930;1.259217
-0.308557;-3.377139;-0.997738;-0.063205;0.667141;-1.268503;1.769285;-0.172445;0.937440;1.559927
-2.302225;-4.759557;-2.000463;-0.544245;0.620482;0.329343;2.330060;-1.193082;-0.942454;1.197618
2.040725;-3.079496;-2.933703;1.878031;0.396416;-2.472572;1.431775;0.344404;-1.760284;1.501595
6.897099;-2.211469;0.426583;4.773410;-1.257297;-2.363575;0.732056;2.008565;-0.722476;1.209270
1.155568;-0.172364;2.324512;2.261490;-1.603852;-2.148698;1.517588;0.859243;1.014047;-0.170402
-5.264682;0.707803;-0.956875;0.488355;-0.653462;-0.787776;0.626999;-0.951064;1.527310;1.123999
-1.780004;-2.098721;-4.162274;0.879918;-0.994205;1.421641;0.458042;-0.764102;0.751261;0.975097
-1.354298;-3.298044;-3.416461;1.141396;-2.152097;1.839903;-3.099659;-0.176656;-0.758423;-0.027118
-1.618942;-5.188226;0.473001;0.789716;-1.593580;1.197230;-0.967544;-0.650092;0.563111;0.870097
-2.723440;-4.536246;0.620111;-0.222992;-0.836822;0.847165;1.324820;-1.537599;-0.982842;-0.718781
-2.603557;-4.063174;0.422173;-0.237817;-0.050890;-1.569671;0.341986;-0.927872;-2.413698;0.688674
2.983545;-6.219586;-2.286491;1.593502;-0.745254;-0.415621;-3.251427;-0.145462;-0.556861;0.428064
1.374383;-1.279858;-5.364075;0.911764;-1.072534;0.107772;1.765967;-0.629624;-1.032273;-0.234082
-7.208891;0.413018;0.185161;1.936368;1.665439;0.319504;1.184772;-0.000466;-0.821991;-0.001125
-3.383282;-1.982944;-1.889610;2.043937;-1.943260;1.262602;1.117788;-0.194131;-0.398358;-0.237828
-0.306268;-1.332983;-1.821123;1.859210;-1.150178;1.809744;-3.950968;-0.948732;-0.614531;-1.425643
-1.830975;-1.074833;-1.804203;1.335693;0.399178;0.103768;-5.475027;0.421606;-0.092897;-0.986578
-3.037428;-3.071374;0.540772;-0.657733;-1.812022;0.608071;2.421363;-2.144418;-0.522470;1.916201
-3.601331;-5.209477;1.144856;-2.171463;-2.814713;1.988111;1.739335;-2.000190;-0.216880;2.078220
-2.248824;-3.713086;-1.172502;-0.871221;-2.674418;1.401776;-1.686453;-1.262192;0.216931;1.684002
1.036534;-5.437949;-3.839343;1.193585;-0.664999;0.827212;-1.068802;-1.356469;-1.466669;2.305724
-1.398599;-3.041434;-2.344274;0.544096;-1.441583;-0.856664;0.901805;-0.035538;-1.759980;2.942232
-8.189899;0.903968;2.508884;0.183775;2.293852;-1.015444;1.931579;0.517675;1.197525;0.752985
-6.774269;0.374744;0.052197;1.708695;3.384514;-1.271640;1.940798;0.183819;2.137011;1.791947
1.370028;-1.697982;-0.170775;4.590848;1.074595;-0.459213;0.632546;2.434555;0.026110;2.292969
6.910258;-2.164539;0.043342;5.488943;0.813018;0.333969;-0.262967;2.104242;2.947575;0.570130
2.715212;-3.138161;-0.149752;1.433978;-0.158579;-1.510041;1.627875;-1.150991;5.435861;0.066412
-4.974360;-4.793550;-0.583986;-2.129863;-1.693496;1.032150;-0.071576;-1.616522;0.798751;2.449474
-2.529900;-1.811738;-2.354712;2.195794;1.606608;0.244928;-0.532915;-1.643412;-1.328501;0.938652
0.346915;-1.703158;-3.446523;3.487992;1.789113;-0.333895;-2.968301;-0.279847;-1.160884;0.410304
0.191754;0.174414;-1.577961;1.854741;0.100575;-1.374432;-0.109627;-0.764567;-2.068000;0.596163
-5.222560;3.522655;2.508470;1.905398;2.602220;-2.708257;1.621716;-0.827865;-1.291670;0.047722
-5.006105;3.196501;3.283561;-1.289184;0.418778;-0.391474;1.474086;-0.898554;0.261883;0.193841
-3.834117;2.841014;1.587270;-0.739462;-0.792814;1.835902;0.641655;-1.515060;-0.121882;-0.789057
-4.991073;0.358903;-1.148997;0.007288;0.117451;4.650881;-0.700503;-2.045806;-1.873474;-2.205057
-8.478228;-4.092628;-2.815144;-3.080480;-1.333269;3.969115;-0.424828;1.902612;1.746794;-0.038159
0.742484;-2.299868;6.833087;-0.895365;-4.894561;-1.650934;-3.613511;-2.136544;-0.977627;-0.352748
3.786494;-0.818534;6.253878;1.504863;-2.380001;-1.351025;-4.893463;-1.562376;1.639492;0.229937
5.289846;1.575466;1.810370;5.164496;2.136140;0.624698;-4.730519;-0.955108;-0.854080;1.183372
1.137791;4.223617;0.147721;3.527239;2.028487;-1.368789;-0.350702;-0.100698;-2.220253;3.096899
-1.360532;3.991696;0.740665;3.522776;1.219819;-0.273309;0.510459;0.673622;2.566647;1.869209
8.053996;0.691508;-1.416034;5.519402;1.260673;2.023060;-1.587317;-1.568310;4.775603;-0.335373
9.757647;-3.356254;4.170518;1.504771;2.805376;-3.992669;-0.715329;-2.977352;5.930715;0.336198
-2.408044;-3.369486;7.998037;-2.383448;-2.884965;-2.148182;-2.606938;-2.295783;-0.565839;1.830563
2.106566;1.090702;1.954569;1.007161;-3.462345;-0.199165;-3.826674;-1.881922;-2.909303;-0.451625
5.567722;1.444405;-0.432258;3.939690;-2.561776;0.711843;-2.807665;1.193069;-0.170863;-0.102274
2.004162;2.306952;-0.943476;2.261353;-1.817937;-2.701627;-0.862776;2.413117;-0.008204;0.700380
-3.820763;3.123050;-1.185949;2.669966;1.962979;-1.321543;0.409933;0.389426;3.665596;1.566477
1.984445;4.294118;-3.381226;3.525989;2.388997;-0.585648;-1.977263;-0.296637;2.240799;1.070807
3.515520;2.427728;0.084537;3.645407;-0.252179;-0.573699;-3.699676;-0.173525;0.605982;-1.663638
-1.787217;-3.284005;4.785246;-0.566568;-2.196993;-1.493371;-0.925553;-0.267153;2.754244;0.541735
2.153514;0.255140;2.785107;0.214071;-0.440518;-2.641737;-0.583793;-1.811110;0.035807;1.257045
6.408022;0.112750;-2.253267;2.923804;-0.969733;1.058826;-3.041116;-2.871136;0.670917;1.175319
3.650041;3.276684;-4.321195;1.977815;-2.475504;-0.122262;-0.264731;-1.322607;1.090964;1.435949
-3.168371;5.917175;-0.434574;1.292468;1.997538;-0.921058;-0.383778;1.063373;-0.112167;0.307645
3.634523;4.676383;-2.152765;-2.506934;2.797294;1.116792;-2.943430;2.919957;1.497431;-2.637327
6.572138;1.495933;1.503380;-4.140442;1.937509;2.918702;-4.752274;1.978413;1.158715;-1.510514
4.041111;2.352847;6.105303;-1.827914;-2.396257;-1.281055;-0.092953;0.168765;-0.098764;-0.315799
3.093851;2.007986;3.785882;0.974490;-4.011188;-0.714792;-1.096859;-0.763900;0.391971;0.508009
5.207586;1.536950;-1.904293;3.195441;-3.081878;3.966940;-4.855481;-2.301973;-0.566521;-0.508031
3.176535;3.194135;-4.317505;1.989170;-2.736965;0.496657;-0.685126;-0.460438;-0.617223;-0.208514
-1.084206;7.173546;0.445993;2.375749;0.119072;-2.578062;-3.882643;-0.242741;-0.129105;-0.122967
3.859867;8.138868;-0.604105;3.581463;-0.063270;-0.198032;-3.717648;-0.657473;1.051796;0.833045
4.178251;2.773661;-0.547465;4.814781;-1.821618;1.827278;-4.157541;0.455312;1.131034;-1.863894
2.851632;0.362164;3.960389;0.566980;-1.984053;-3.270316;-1.264621;0.760217;2.102975;0.708732
5.394059;-0.239981;5.717891;-2.906963;0.136288;-0.146375;-1.490349;2.900033;0.248941;1.034105
9.108301;-0.377803;2.349716;-3.132460;1.369517;2.554123;-3.825739;3.196608;-0.960228;0.482719
6.339569;3.564279;-0.172671;-2.743777;-0.698709;-0.436881;-0.691103;2.058419;-1.638568;1.896009
-2.678279;8.380544;1.605315;1.808204;2.043064;-1.525108;0.582860;0.600271;-0.306836;2.108793
10.092777;6.076572;-5.811405;3.154747;1.306567;-2.854508;-0.617394;-1.867562;4.005049;1.278133
14.508767;2.738879;-0.380176;1.931367;-3.141779;-4.103177;-2.934997;-2.717017;4.563972;-0.478445
2.119139;2.132572;6.357874;-0.529228;-4.123399;-4.709420;-1.468720;-2.370927;0.672137;-0.677195
1.319027;0.943438;5.499754;-0.772979;-2.917944;-1.791042;-1.627842;-1.971241;-0.410343;0.825532
7.949923;0.489348;-1.489495;2.273145;-2.500777;-0.838423;-3.048743;-0.341111;1.312876;1.122137
6.192034;2.636857;-5.375028;1.584456;-0.879865;-0.963466;-0.224506;-1.148493;0.666595;0.997857
-2.011110;6.732563;-0.060016;0.523925;1.765942;-2.695889;1.329607;0.756655;-0.583708;0.732823
7.027123;3.179559;-2.025684;-3.226808;4.129800;1.040816;-1.104260;1.217594;-0.475893;-0.801794
8.244007;1.939876;0.089797;-6.573682;-1.217512;0.276844;-0.123914;-0.612862;0.576029;-0.653062
-1.876536;0.822236;5.822869;-2.317022;-2.445978;1.656226;-2.579821;0.465308;0.356524;-1.635951
2.166347;-0.800725;1.066092;-2.922655;-1.877652;1.870034;-2.479377;2.347517;-0.514794;-1.730031
5.655392;2.821937;0.222785;-1.514503;1.373955;1.540922;-2.569581;0.894962;-1.046137;-0.397276
2.915885;5.186278;2.394705;1.024860;5.039347;-3.137746;0.803837;1.055229;-0.280317;0.941654
1.192804;5.755939;-1.696433;-1.674781;1.389909;-1.131410;1.849128;0.784662;0.969332;0.700575
5.298146;5.397017;-0.047146;-4.638966;0.299794;1.615304;-7.410118;0.344162;-2.228011;-1.976983
5.198357;2.534601;4.034519;-2.916863;-1.827752;-0.811109;-4.050356;0.777670;-1.501782;-1.902371
1.595582;1.591861;6.250713;-1.034053;-4.362377;-2.341217;0.008002;-1.891048;2.323253;0.880327
9.211248;1.188555;0.672834;3.194743;-0.244949;-2.185003;-3.204706;-2.264939;0.328785;0.276095
10.390834;3.320540;-0.743365;3.632935;-0.164684;-4.703450;-3.833133;0.800511;-0.841728;-0.634622
0.052796;4.103085;-0.314528;1.285890;-1.746870;-7.260820;0.438526;1.765199;0.886965;-3.295135
-2.936879;4.550315;-1.300421;-0.772596;2.651570;-0.052925;-1.056315;1.725191;0.734833;-0.979490
2.846831;11.301368;1.896825;-0.589111;1.786913;1.976037;-1.555703;-0.722032;-1.551964;1.652247
1.211314;11.313310;1.605180;-0.749457;1.207828;-0.178319;-0.148461;-1.575040;0.108243;1.613806
-4.454473;3.647374;0.609567;-0.485092;0.562719;-0.232921;-0.671914;-2.123945;2.962098;0.188832
2.305719;5.397289;-7.809471;0.421246;-1.789022;-0.860952;0.086900;-1.130972;0.838208;2.819649
-6.401468;6.021104;-1.671001;0.050776;-0.844215;1.533525;2.311094;-0.040634;0.859394;3.327603
4.117898;13.884682;-8.539090;-3.802241;0.378911;2.348209;1.567260;1.321524;2.700880;-0.035439
7.260045;12.069033;-6.607955;-4.347204;0.176498;2.206875;3.797746;-1.285948;1.311916;0.110402
1.646297;-2.245208;-4.722511;-4.970609;-0.877587;0.967166;3.854071;3.151741;1.326268;1.185906
5.688308;5.448642;-2.571117;-3.601730;-2.791176;5.001798;-0.168007;1.279903;-1.210733;-0.414227
-0.236889;11.968349;-1.149146;-1.324467;-4.468266;3.158109;1.590648;0.255680;-1.937006;1.880663
-3.759574;16.208216;-4.724552;-0.576620;-0.905897;-0.453474;3.503034;1.281712;0.225785;0.004633
5.897246;12.449550;-5.717612;-2.320226;0.899964;3.278860;4.324970;0.732062;1.575727;-0.780671
2.954621;2.506130;-4.310035;-6.425237;-0.633158;-2.689082;1.424420;1.219337;2.374997;0.289776
-4.261189;2.444037;-1.018020;-2.888555;-1.308919;-0.945313;-0.708064;2.694087;-0.284766;-0.193368
2.818718;1.189928;-3.433655;-3.286709;-2.106437;4.357134;3.460607;4.195529;0.671904;1.123059
1.947006;4.501967;-4.301268;-3.249426;-1.899595;-0.367830;2.699286;2.792184;-0.064883;0.811172
-6.869941;7.515349;-2.175680;-0.084419;-1.028348;1.426674;0.518706;0.910302;-0.002360;2.159170
4.774061;22.797350;-6.201737;0.305673;1.622485;2.950202;3.935441;1.348235;2.314275;2.386483
9.617009;22.239835;-3.347655;1.265014;1.145843;4.211903;3.680423;1.380469;1.785943;2.288040
0.103339;6.740938;2.084867;-1.325606;0.461107;-0.105409;2.201607;0.974878;2.242337;2.116236
-5.576800;3.844837;0.099733;-1.363563;1.709835;-1.984448;0.620943;1.593940;-0.026613;-0.824781
3.676993;2.653874;-1.916780;-3.754922;-3.287119;2.123632;2.910071;3.970703;-0.085190;2.173787
4.229909;2.684605;-1.500635;-3.791608;-4.151126;1.355340;2.673816;3.127002;-0.605231;1.873061
-6.688441;6.097706;-0.794662;-2.151359;-2.491567;0.587034;2.432672;2.040208;0.144014;1.818703
-5.530717;7.777833;-4.027545;-3.288204;-2.401459;0.022541;-1.326717;1.763290;1.944705;1.459566
0.748983;5.196141;-2.058388;-3.256373;-2.123031;3.032729;-2.021819;3.479009;2.680815;0.251797
2.466899;3.070383;0.858270;-2.506411;-0.803480;-0.005197;-1.003649;2.777982;0.273981;1.143724
-2.879611;1.599517;3.362048;-2.176638;-2.421284;1.063816;0.850778;-0.022285;-1.094026;2.876725
1.946422;1.505189;-0.817354;-4.878479;-4.625112;-0.056613;2.334355;4.203314;0.175181;1.055818
4.651250;-0.076594;-2.237957;-3.828010;-4.098422;2.373540;1.673360;4.825068;-0.917651;-0.852620
-2.478198;2.610012;-1.374960;-4.981512;-3.450927;-0.979833;2.923111;3.091843;1.068564;2.258228
-3.927124;4.605734;-3.434802;-5.114564;-3.144267;-1.449004;2.533817;2.798607;1.086229;0.301291
5.274964;9.644122;-1.241091;-2.863603;-2.658506;2.947520;1.930190;1.412190;1.707457;0.854822
3.064371;9.492127;0.224986;-2.838226;-2.955058;3.453746;1.234032;0.553741;2.607718;1.144819
-6.999897;1.989214;0.421314;-0.397985;-1.176015;2.371550;0.496918;-0.274364;-0.360035;1.836016
-3.045236;2.209232;0.108702;-2.435411;-1.491003;1.805007;2.350721;1.554031;-0.340361;1.337929
4.369111;1.800045;-4.400217;-5.869193;-2.678482;2.555657;1.429455;2.956583;0.450372;1.098652
2.837445;3.206887;-5.465472;-5.929376;-2.368220;-0.853684;2.534212;2.522682;1.545974;1.819491
-7.582141;7.029144;-1.018460;-0.886840;-2.374579;0.645519;1.923964;0.693800;-0.061154;1.143889
0.618333;9.894322;-2.891517;-2.467022;-2.641631;1.385913;0.831060;1.875950;0.449610;1.502979
4.020657;6.283218;1.541878;-2.971432;-0.748794;3.017822;-3.943169;1.794624;0.411360;0.874748
1.343007;4.078974;3.212009;-2.135083;0.306275;-0.908812;0.810417;0.140826;0.198508;2.086346
-1.234476;4.951730;5.608157;-0.560968;-0.721925;0.055725;1.955737;2.935669;-0.538067;0.915805
5.757170;4.323188;-1.710803;-3.219074;-2.280586;1.082416;1.792188;6.971285;-0.414493;-0.740087
4.390176;11.157021;-4.591074;-4.101840;-3.921509;1.377026;1.207413;3.575458;1.380033;2.417871
-4.995024;11.398037;-0.005701;-1.241327;-3.233360;0.762093;0.111489;1.552938;1.096015;1.293934
3.415091;21.143123;-2.996710;0.931263;-0.814517;3.770243;2.174913;-0.171849;-0.576547;1.178152
5.891011;19.976766;-1.209472;1.579637;-0.689399;7.408270;1.314080;-0.991338;-0.007504;0.290741
-0.812607;4.053184;0.713037;-1.995165;-1.508447;0.833866;1.845039;0.193940;-0.268298;1.984975
1.824419;3.269056;0.702234;-4.274950;-3.400377;-0.740930;3.781172;1.645037;-0.932536;-0.029047
5.795710;1.189964;-2.907431;-4.307752;-3.060742;3.121437;3.692503;5.475024;-0.017206;-1.107425
1.082968;4.241298;-2.328836;-5.021691;-2.025546;-0.273630;1.756642;2.941599;1.738740;2.423182
-4.396612;5.953987;-1.333930;-1.577494;-0.588719;0.824165;-0.498615;2.510729;1.553291;1.829077
-2.609030;11.097955;-1.193300;0.083600;-1.218853;2.587982;1.091213;3.395621;0.943194;0.995952
-5.188856;10.667932;-0.810217;0.024438;-1.286113;1.063598;0.816637;1.979648;2.313387;-1.027426
-7.843180;6.385284;-2.792192;-1.300834;-0.626111;1.651520;1.090361;0.953447;1.963420;1.901870
-9.070446;2.413954;-1.151616;-1.206040;-1.615999;1.499578;1.568986;-0.608469;0.948308;1.022483
-6.794604;3.527206;1.628444;-1.230407;-3.753332;0.612182;-0.035987;-2.735433;-0.665588;-0.332660
-5.033900;-8.287932;1.974387;0.025478;0.714855;3.196433;2.447884;-0.376919;1.601795;2.723337
-7.258866;-5.638028;1.755501;0.264315;2.096668;1.399899;1.564058;-0.552736;-2.483316;0.233410
0.685906;-7.009357;1.047925;3.009029;2.223978;-0.126788;1.295067;0.543210;-0.756984;-0.115719
3.733899;-9.727629;1.022277;4.278391;0.319912;3.049547;-1.260246;2.907472;1.286870;-0.878178
0.770380;-4.713539;1.623615;1.641858;-1.593673;1.092898;1.671794;0.437191;-0.485463;1.395582
-9.187271;-2.097962;0.464111;-1.275332;-2.570697;-0.979968;0.719928;-0.599020;-1.698210;-1.232070
-11.029362;-2.262192;-1.395592;-2.306521;-2.199252;1.422035;-0.425088;-0.683109;0.996669;-0.549758
-2.095518;-2.258055;3.284831;1.764428;-3.117220;-1.103571;0.256176;-1.042743;0.980892;-3.931087
6.437940;-6.188412;4.325050;3.312671;-3.555564;3.124473;1.833464;-0.485623;1.461424;-2.129078
2.878161;-8.852067;2.605031;1.925835;0.529514;1.357232;1.409330;0.293093;2.257646;-0.598747
-5.269370;-3.099371;1.183173;3.433023;5.392982;1.660598;0.800668;-0.097930;-1.612104;-1.065193
-5.542067;-2.970031;4.228217;2.707549;4.323317;1.399047;3.923030;0.129495;-3.778000;0.910458
-4.873022;-0.752554;3.490891;2.458540;3.411449;0.422066;1.703628;-0.955836;-2.780437;-0.537621
3.245012;-2.215286;3.816641;5.657201;1.277494;2.922088;1.937751;-0.999004;-0.035086;-1.495476
3.156185;-7.594846;3.616882;3.547449;-0.349395;4.204123;1.264036;0.244791;2.572413;0.333115
-3.236977;-5.808005;0.277756;0.120579;-1.626710;3.028172;-0.202243;0.740789;0.926066;0.681577
-7.987249;-4.356012;0.209780;-0.563586;-1.920058;-0.435094;0.275151;0.606846;1.510266;-0.551570
-9.433955;-2.433653;-0.842193;-0.872457;-2.055075;0.806258;-0.573813;-0.366060;-0.183907;-0.131337
-4.171039;-4.244323;-1.210587;0.107770;-3.160421;1.999717;-0.561726;-1.518077;0.677437;-0.675770
1.272237;-6.777457;-2.513307;3.040540;0.054928;3.862652;0.202428;-0.619067;0.201082;-0.840856
0.562457;-6.203392;-1.713445;3.873113;1.660299;2.881367;0.816779;-0.015705;-0.174241;-0.479680
-4.482322;-6.650517;3.194777;0.251589;1.809257;1.791330;2.564645;-0.601401;1.180298;1.787760
-6.242797;-6.484340;2.458268;-2.053030;-0.211467;3.719644;1.741619;-0.367938;-0.864393;2.070093
-3.378969;-1.892355;3.971648;3.201691;2.932569;-0.692153;2.430658;-0.452974;-3.820529;-0.580555
6.177038;-2.631995;6.180198;6.657259;1.785316;1.041864;2.032784;0.229593;-0.085003;-1.155419
5.744837;-5.610817;4.102646;5.501571;-1.441481;5.668558;3.628240;0.089206;-0.455711;-2.975694
-0.473336;4.336671;1.851137;2.478918;0.836594;2.910507;2.488026;-1.506973;-3.376783;0.690271
1.255946;8.194614;0.095690;3.064539;0.315785;1.063692;1.585174;-1.196100;0.854900;1.341654
7.764691;-0.774233;5.113956;7.699483;1.283634;3.788448;2.220178;3.481814;1.140232;-0.438088
5.864454;1.192074;5.470108;3.690169;0.994397;1.343410;2.613292;-0.788515;0.997394;-0.536073
-3.972811;4.849319;-0.054559;3.173915;2.844865;-0.789237;0.079628;-1.066126;2.451850;0.128608
-0.021013;1.159874;-1.678735;1.802332;-1.748153;0.896233;1.401467;-0.850536;0.673523;0.400765
4.671153;-3.277352;0.804052;4.980455;0.167756;4.532374;2.858925;1.765886;-3.764535;-1.358333
2.021937;-1.697974;2.854684;3.313885;0.923498;1.463001;2.790916;0.452275;-4.755128;-1.287250
-4.207109;3.873932;1.089199;3.353286;0.998060;0.315488;0.322336;-1.840074;2.653225;-1.314704
-1.035287;5.569631;3.835024;5.499603;1.172125;-0.454341;1.150827;0.560711;3.696688;0.497536
3.672806;-1.486751;1.986820;3.922207;-0.564398;2.301802;0.178879;0.829731;3.546103;0.312459
3.312191;-1.447403;0.130880;2.536931;0.267463;1.556115;-0.488466;-0.999064;-0.391432;-1.817344
-1.231707;-0.788008;1.020050;1.878465;1.943382;-0.368953;1.513965;-0.783008;-2.914151;0.196539
-5.317248;-1.794333;2.536930;-0.093552;1.744910;0.815099;-0.239144;-1.052417;0.583138;0.975313
-0.127073;1.527392;7.110139;1.281931;-1.978504;-2.313281;-0.283564;0.021838;-1.568429;-0.181206
11.431344;-1.697158;10.314421;5.293464;-5.749692;0.102240;0.038735;0.606211;1.166700;-0.550548
9.115115;-4.779921;7.622296;0.886777;-7.200290;1.070864;0.454909;1.096062;0.981649;-1.408758
-3.135481;2.715289;1.852734;-0.283289;-2.474842;-0.629892;0.680193;-1.456932;-0.326739;-0.754145
-0.666817;4.913343;6.175451;0.619331;-2.035674;-2.851683;0.408074;-0.333107;1.541070;-1.122880
8.819580;-2.086473;4.531663;2.095773;-1.754545;-1.446489;0.668281;-1.424341;3.972729;-1.844384
7.079613;-4.463087;0.640714;3.098371;-2.578583;2.528730;-0.401528;-0.457879;3.802593;-0.953042
-2.913405;-3.896836;-0.230770;0.434380;0.097467;-0.339009;1.394858;0.347214;-1.220847;1.200921
-5.872717;-5.094014;1.962692;-0.579484;1.464995;1.772576;1.483023;-1.041113;-0.991202;1.638641
-6.284197;-5.300264;-0.267755;-0.617000;0.006714;-0.601674;-0.727746;-0.147367;-0.326056;-0.193184
-2.354190;-7.024147;-2.239347;0.552337;-2.562221;2.216352;-0.602154;1.109985;0.605393;0.747066
1.271369;-6.985170;-0.046925;2.902064;-0.216622;2.575996;-0.115330;1.764364;-1.442252;0.738182
-1.509391;-3.807913;0.735699;1.213826;0.269968;-0.420087;2.558418;0.982474;-3.171298;0.869143
-9.149737;0.779048;0.830787;-0.423059;-1.343349;2.020563;2.442261;-2.421712;-1.026222;-3.040959
-5.076778;-1.589500;0.063258;-0.779979;1.392301;4.243995;2.081588;-3.408656;-3.455477;-2.841509
-4.024007;-3.739140;1.579964;-2.092557;1.735959;4.935313;-0.390599;-2.179195;-0.811313;-0.984768
-3.849132;-3.640301;1.039921;-2.842612;0.490804;3.623609;-0.186372;-0.793190;-1.369348;0.108069
-2.651300;-5.840102;-4.376441;0.136342;1.371258;-3.511657;0.553332;-0.067714;2.209397;1.206718
3.081634;-6.822329;-6.422138;1.553349;3.302588;-0.354507;-2.367954;0.348570;1.636905;0.004092
-0.006280;-4.659815;-4.409442;-0.721427;-0.071044;-3.031531;-0.972562;1.721989;1.483158;0.117137
-8.904877;-3.770705;0.271992;-3.175691;-2.904080;-0.047347;-1.271012;1.968831;-0.225804;-1.199477
-5.301163;-3.960916;-2.406353;-3.958117;-0.930693;-0.720668;-0.972506;3.409591;0.574508;-1.799436
0.978790;-4.818118;-4.477621;-2.147078;2.999687;0.058946;-2.701833;5.193027;-1.217884;-3.032331
0.379589;-5.007612;-4.179347;-3.003362;2.425332;-1.381831;0.425909;4.151305;-1.608229;-1.199770
-6.842999;-6.734770;0.777559;-1.023795;2.299541;2.487422;0.843995;0.626155;-0.163926;1.343070
-9.117317;-6.483487;0.026146;-0.175043;1.507174;2.405341;0.983260;0.149647;1.041245;0.178580
-3.759997;-4.114982;-2.347007;1.824606;2.128323;-4.778876;-1.398146;-0.132529;0.739705;-2.765391
2.550747;-3.516314;-6.379913;3.592888;3.702908;-2.626872;-5.068728;1.318372;2.852721;-1.976316
-1.337037;-4.530292;-7.023611;0.805090;2.023950;-1.722528;-0.449059;0.147016;3.591996;0.936139
-11.069132;-3.431550;0.908192;-0.810509;0.057118;-0.586609;0.369428;0.977479;0.180779;-2.284351
-10.157928;-3.449953;0.737924;-1.624646;-0.148410;0.368017;0.361527;0.978891;0.604467;-1.319965
-4.621929;-4.295301;-2.896531;-2.717636;0.770138;0.523562;1.599043;2.283234;-0.232389;0.236494
2.371646;-4.644632;-5.409946;-2.656716;2.892875;1.538183;-1.952213;4.536099;-1.105361;-1.030122
0.667258;-5.091550;-4.635601;-3.649164;1.697931;-1.255754;0.820574;3.571000;-0.410717;-0.788082
-10.858521;-6.263656;-0.070013;-1.154787;-0.082592;1.636850;0.420528;-0.710722;0.119166;-0.219426
-6.831184;-7.292181;-2.039843;1.131361;0.550406;-1.087702;1.744229;-0.365157;2.787868;-0.040686
0.751723;-7.330627;-5.109498;1.653895;1.150950;1.400525;0.436072;0.038313;3.611232;1.781459
0.057615;-7.273587;-5.770230;1.379599;3.158119;0.181816;-1.816997;-0.132828;4.661451;-0.614693
-5.550270;-4.533489;-3.426766;-0.806942;-1.297334;0.235292;0.885467;-0.464042;1.476843;-0.756937
-8.434408;-3.020928;1.271839;-1.079854;-0.329364;0.473657;0.703524;1.666684;-0.629011;-0.186849
-5.555278;-1.467386;-0.498552;-0.943772;0.949429;-0.964747;0.811813;3.175816;0.107583;-1.244873
4.224120;-4.134929;-5.272938;-3.568485;2.551502;0.692823;0.811563;1.905867;-2.079679;-1.856226
4.987763;-6.270575;-4.244001;-4.222377;1.512476;0.066827;2.956360;1.499602;0.521390;0.387784
-6.818744;-4.791541;0.119189;-1.183049;1.542534;-0.821169;1.454026;1.605883;1.697956;-0.558036
-10.005064;-5.665361;-1.216441;-1.098168;-0.372213;0.824200;-0.896052;0.362678;0.872724;0.428319
-7.090499;-4.369436;-0.171222;0.672686;2.466946;0.253119;0.276458;-0.433469;2.017591;1.637561
3.442964;-4.943865;-1.681760;1.062463;3.974855;1.033735;1.735216;-2.946741;1.169686;4.530606
3.895762;-3.909839;-2.216424;2.469205;1.399052;3.520715;-0.573040;-3.632980;-0.635190;1.468121
-4.734223;-1.262308;-1.271650;1.066249;0.317303;-0.883292;-2.488717;-0.248541;-1.430459;-3.094047
-9.660746;-1.641309;0.611090;-1.134610;-0.364358;-0.453297;0.654748;0.249697;-0.470181;-2.886777
-6.339323;-4.334081;-2.522397;-0.384211;-0.298550;-0.912478;0.487745;-0.080618;0.980015;-0.475749
2.026766;-5.362004;-4.281855;3.424801;6.289340;-0.126129;-2.003329;-0.582963;4.114977;-1.852058
3.003362;-3.549405;-3.540458;2.607540;3.822248;0.203983;-0.736683;-2.098219;3.878584;-0.457929
-5.574991;-3.698424;1.028567;0.663252;1.310316;-1.681162;0.957034;-1.356230;-0.633753;-0.343950
-8.683040;-4.865891;0.878300;0.064059;1.501840;1.742403;-0.074618;1.262705;0.799991;-0.375598
-7.298430;-6.080226;0.935635;2.325993;3.339508;2.819106;0.813982;0.312280;0.409335;1.320271
-5.151291;-5.119647;-1.059535;0.532911;0.132359;-0.286012;-1.090199;-0.959567;-1.295587;-0.211266
2.535848;-5.492299;-2.660189;3.228258;2.628321;1.814695;-1.040203;-1.396787;2.468479;0.643258
1.299835;-5.130900;-3.317476;2.005579;3.263771;0.274812;-0.894399;-1.122947;3.892240;0.655529
-8.569625;-2.938798;-1.246135;-1.609869;-1.602039;-0.588350;-1.225044;0.417439;-1.441393;-0.477452
-9.316860;-2.130259;-0.525128;-2.025473;-0.302824;-0.710341;0.770033;1.685406;-0.021815;-0.720487
-6.545274;-3.438744;-2.314419;-1.219169;-1.246580;-1.350687;0.474323;0.250537;0.797520;-0.378449
-0.107658;-3.411751;-5.677724;1.393138;3.791889;-1.775279;-1.107317;0.107983;4.556882;-1.370337
4.383699;-4.516743;-1.371565;3.255168;5.506465;2.885101;-0.971866;-4.350757;3.778040;-0.252148
-0.738192;-2.730784;1.964833;1.746664;2.991896;-0.863072;0.040055;-1.803505;1.372332;1.457712
-8.168882;-1.845166;0.875866;0.677124;1.385216;1.601547;-0.896602;0.157858;1.253047;-0.639201
-8.354383;-1.220290;-1.839541;2.956980;3.569871;1.337666;-0.874984;1.238696;0.537029;-1.022529
-3.130549;-2.606453;-2.515035;3.086527;3.202991;-0.026238;-1.326456;0.067954;-0.917345;-0.617912
2.018515;-5.612434;-3.615238;3.675603;3.048026;2.145724;-2.026895;-0.513167;2.962593;1.374458
-0.418967;-3.025712;-4.201927;1.479100;3.056021;-0.684789;0.347849;-0.787527;3.482924;0.532607
-9.015310;-2.490645;0.230243;-1.245981;0.149940;1.463230;-0.239142;0.141064;-0.103577;-1.061035
-6.858503;-2.583423;0.045498;-1.980063;-0.520490;0.458226;-1.821077;2.418209;0.584374;-1.347963
-5.022784;-0.160240;-1.078552;-1.207354;-1.181900;2.622667;-1.373713;1.846164;-0.983279;-3.000529
-6.662760;0.997788;-1.441778;-1.107060;-0.879731;2.209602;0.289666;-0.301218;-1.501497;-5.332726
2.243980;-4.219532;0.246413;1.007997;0.559706;-1.255200;-2.615076;0.487371;-2.618397;1.407332
5.085725;-0.724076;-1.224970;1.238630;-0.112957;0.101565;-3.450617;-0.394999;-2.646325;2.005254
1.929353;6.579159;2.293828;0.638572;-2.678076;-3.339604;-1.217864;-0.249805;-2.924051;1.153097
-0.401112;9.291657;3.643733;-0.377380;0.015192;0.152706;-2.042350;0.144704;0.436223;-2.456332
3.599766;6.432376;-0.278564;-1.421745;-0.048109;4.631145;-0.478374;-1.027541;-0.225327;-1.193746
3.081050;2.698980;1.212419;-3.178992;-0.486238;5.604419;-1.951119;-1.409070;-1.304300;-0.599231
-1.969576;-1.366959;5.244117;-2.041211;1.567335;-0.312091;-0.799781;-0.068936;0.346111;-0.012637
-1.775932;-1.741755;3.414663;0.700824;0.861358;-3.572754;-0.570161;1.429419;0.291283;1.255877
4.991385;-5.315143;-0.278445;0.742047;0.199412;-1.026472;-1.824741;0.587267;0.001743;2.742539
6.077547;-1.279813;-0.966670;-0.970550;-4.714535;0.872433;-1.808550;-3.548277;-1.147358;0.968175
0.008713;3.717649;4.344515;0.511300;-3.053792;-1.863001;0.364707;-2.300348;-0.070917;0.553118
-2.622890;7.176918;2.156990;2.227284;-2.125053;0.682455;-0.025592;-0.848366;-1.115844;-1.049835
3.008404;2.860864;-1.022279;3.014571;-0.592496;3.089648;-2.206885;-2.391497;0.089698;0.211256
5.132300;-1.519236;2.650051;3.531123;2.562919;1.834268;-4.083892;-2.475944;2.828638;0.738230
1.686143;-1.573326;4.499080;-0.114321;0.628969;-0.803507;0.047059;-0.230219;0.558253;3.147346
-1.782218;-3.137838;4.596422;-0.899481;-0.250810;-1.171105;-0.898616;0.400922;-1.568619;1.714301
1.588269;-1.777903;-2.010990;0.752158;-1.276010;1.138194;-3.504842;-2.110231;-1.497010;0.436580
1.426640;-0.563016;-3.641816;0.992888;-1.999409;2.227403;-3.199247;-1.692210;-0.132606;0.921125
-2.990523;3.074157;-0.113464;-0.536476;-1.807564;0.430476;-1.398625;-1.516509;-0.347154;2.316414
-2.262424;5.095129;2.021821;-1.497098;-0.458128;0.323632;-1.219221;-0.094105;-0.714661;0.621884
2.540984;3.555420;0.890052;-3.281158;0.008336;2.716722;-4.150779;-0.104416;-2.034165;0.007377
3.476498;1.888464;3.606734;-2.641987;3.032248;2.786140;-5.451262;0.022365;-0.331916;-0.825611
1.354797;0.116380;5.656192;-1.899110;1.763714;-1.584557;-0.712228;-0.473486;0.161776;-0.410051
4.010265;0.375254;8.840856;-0.928827;-2.566265;-2.658588;-0.345069;2.912662;-1.412049;-0.573131
7.523054;-1.153141;6.489513;-2.639950;-2.392413;3.106628;-1.520071;2.952919;-1.673032;-3.284771
3.804095;0.500445;1.610262;-3.471700;-0.670581;2.363022;-1.231509;1.298742;0.215485;0.719836
-1.714768;6.531378;3.575779;1.274144;0.939344;2.113965;-3.061366;1.656822;0.316461;-1.081051
2.945413;8.745533;-2.168264;-1.203977;1.697765;2.421295;-3.566530;0.820817;-1.046492;-1.525813
3.647268;4.709580;-2.421672;-3.196594;0.385469;4.011691;-1.553135;-2.695483;-1.462778;-2.791435
-1.638942;0.162282;4.710597;-2.911800;0.988443;-2.110891;-0.863078;1.109533;1.366533;-0.205279
3.721095;0.807426;8.457468;0.266349;-0.874174;-1.752126;-1.262625;4.263793;-0.156849;-0.419072
9.256707;0.849257;8.973164;-1.084033;-0.605622;1.831821;-2.976633;3.146862;-1.238391;-1.942336
5.336781;5.228057;3.133620;-2.588872;0.637736;1.404221;-1.406482;0.019546;-0.268744;1.965045
0.796222;11.735500;3.665551;0.600610;0.831447;1.846722;-0.208551;-0.892051;1.089884;0.708129
4.346888;9.291198;1.934681;-1.755224;-1.847251;4.368485;-1.210105;-1.784228;0.348426;-2.283262
5.030415;2.940748;4.997367;-4.188863;-2.738738;4.410381;-2.078040;-1.960110;-1.317515;-2.901535
-0.108167;-1.254018;6.121255;-3.085234;-1.286123;0.414957;-2.845659;0.643450;-1.267439;-0.971825
2.935853;-1.754486;7.420307;0.223669;0.848545;-0.231151;-0.673108;4.326266;-0.042871;-1.725050
5.549926;-2.629692;5.143211;-2.041812;-1.572322;2.859580;-3.760555;4.513345;-1.512072;-2.797994
3.523822;0.582977;2.024274;-3.126614;-2.483683;1.920787;-0.718980;0.852264;-1.935716;1.301172
-1.595847;4.778910;4.728398;-0.583479;-0.332269;0.671054;-0.606135;1.060681;0.079685;1.436874
1.546243;12.331856;1.327794;-1.127444;-1.007812;4.079525;-1.847137;-3.110170;-2.089151;-1.873015
3.239125;9.755075;0.353058;-1.756467;-1.147166;6.485883;-2.359959;-4.253397;-3.543673;-2.954909
0.577678;-0.801968;3.898270;-1.662982;0.783637;-0.383279;-1.007974;1.294071;1.402401;-0.990553
-0.369815;-0.014890;6.213793;-0.230335;-0.088877;-0.171988;-0.263866;1.323843;1.088995;-0.347286
3.315205;-0.802670;4.580754;-1.789804;-0.456958;2.083847;-2.046117;2.314808;-0.076953;-1.837827
5.315426;-2.739771;4.615133;-3.359010;-1.680811;3.868869;-2.703300;2.463801;-0.564090;0.330788
3.181678;4.949973;3.798376;-3.005054;-4.777513;1.589052;-0.979293;0.016934;-0.621822;1.034792
-2.853078;7.582608;5.078177;-0.014457;-1.265383;-0.205230;-1.041123;-1.158235;1.922759;0.301006
1.419419;4.195102;1.690342;-2.635418;0.663094;1.119858;-1.145501;-1.541475;0.172506;0.387745
5.618246;-0.470122;5.469217;-2.645041;0.575861;3.550594;-2.479783;-0.404974;1.134617;-1.636026
2.439824;-1.401203;6.391413;-1.314072;1.697708;1.891095;-1.278920;0.796862;2.068812;-2.093759
-0.979039;-0.706514;5.364898;-2.400068;0.853663;-1.588633;-1.303942;-0.506650;0.045120;1.811534
5.449701;-0.947140;9.308763;-2.005250;-2.643753;-3.366576;0.279041;3.068632;-1.470441;0.184302
7.799793;-3.885966;6.209779;-2.355678;-3.079441;3.592392;-0.848679;3.411215;-1.581981;-3.548015
4.945311;2.119895;2.710410;-3.479170;-3.510904;3.127806;-2.188099;0.580791;-1.371862;-2.233820
-0.715185;4.168219;3.667554;-1.397172;-2.751814;2.201467;-3.061874;1.085066;-0.633222;-2.973140
-1.117060;2.270889;3.196374;-0.680096;0.057665;3.726913;0.933297;-0.602780;-2.323944;0.913409
-0.765979;7.307158;5.650763;-0.529765;0.767006;0.978907;-0.850173;-0.739211;-0.647336;1.811172
-3.309656;8.386791;6.941683;-0.859214;-1.353499;-0.113537;-1.060466;-0.738116;0.286591;2.774036
-6.051038;-4.717785;-0.583696;-0.376262;-1.157037;0.137160;0.850404;-0.657264;0.294509;-0.288187
-8.441181;-3.443723;0.266241;0.073348;1.763758;0.323124;1.320900;-0.326441;-0.963832;-0.199131
-1.598972;-4.406423;-2.678150;0.814318;-0.846344;0.552178;2.103884;0.803772;-1.514935;0.298829
5.718475;-7.217764;-1.108352;2.338569;-4.948969;1.987666;0.517732;1.759491;0.751481;-0.417328
4.248413;-5.476002;-0.463541;1.240704;-4.560415;-1.427779;3.322527;1.403748;0.310576;0.363497
-5.231007;-3.239799;0.182709;0.037694;-1.741910;-1.997523;1.436765;0.163729;-0.314807;0.954893
-4.347803;-1.695670;5.686372;-1.173359;-1.231783;-3.275010;-2.417553;-1.454345;-1.283674;0.165222
18.991477;-1.163874;8.243336;-8.889432;5.506633;-6.852855;3.549324;-5.501252;0.184604;0.240163
19.658454;-3.606904;6.848433;-8.693299;9.060940;-5.304135;2.288059;-6.282391;1.166105;-0.325584
-4.446141;-2.354685;-1.113132;-3.904218;2.432846;-2.575656;-0.449416;-0.933065;-0.584038;-3.421798
-6.171927;-4.074760;-2.112808;0.066551;0.425306;0.874535;0.940093;-0.800109;-0.322201;-0.339953
-1.312830;-3.244017;-1.598111;0.522693;-0.451498;-2.411202;1.846898;-1.364366;-1.486101;-1.231900
12.905397;-3.692691;-4.098719;1.908070;-2.126272;-3.244550;3.808644;0.780095;-1.800906;-0.174884
11.510999;-3.395726;-3.851206;-0.809648;-3.600033;-8.017835;5.042666;-0.994215;-1.080961;-0.567831
-5.545322;-2.543053;2.238660;-1.647792;-2.476421;0.009383;-0.197216;0.277755;-0.834938;-0.656302
-1.781147;-3.128171;4.085014;-3.072076;-1.699530;-0.032313;0.892223;-0.512540;-0.816042;0.263594
10.642019;-4.010372;5.796522;-7.661033;1.683037;-2.110109;0.698895;-3.549761;-0.158762;-0.360291
11.870299;-4.668543;7.888731;-7.102201;3.354921;-2.159316;0.510634;-4.547816;1.350842;-1.087160
-3.479818;-4.897914;3.752063;-3.670864;2.985206;-1.801758;-1.584680;-1.726941;0.450240;-1.648872
-8.239149;-2.230603;-0.698293;-0.130222;2.201469;0.724644;-1.094993;-0.145026;-1.122896;-2.448200
-6.015899;-2.196161;-1.314404;0.809002;-0.225531;-0.950941;-0.513712;0.037976;-1.817775;-2.641092
6.596419;-5.327391;-0.181549;0.935379;-4.888183;-1.200376;4.277273;1.121552;-0.319383;-0.979597
8.239755;-6.062347;-0.311768;1.532400;-4.941599;-0.335337;2.971879;1.030901;0.054396;-0.884042
-3.036005;-4.506047;-1.370182;-1.118824;-3.610097;-4.268994;-0.128145;1.259380;-0.448207;-1.227873
-5.384775;-2.974951;2.863095;0.898734;-0.804955;0.063997;0.800068;-0.424371;-0.990097;-0.559370
-5.645324;-2.011681;3.401366;-0.949092;-0.512441;-0.250071;0.779865;-0.482095;-1.081774;-2.181014
16.219906;-2.419421;2.816812;-7.434407;7.328601;-5.995989;3.697876;-4.169471;0.626712;-1.909756
16.304442;-1.869233;0.938096;-7.384022;8.326682;-2.615076;3.193317;-5.013865;0.165797;-0.789185
-3.291259;-3.027634;-0.424289;-1.248479;3.112129;0.643567;1.680531;-0.292297;0.399238;0.397406
-5.862592;-2.318717;-0.732979;1.320882;2.540251;2.078837;0.155773;0.720323;0.013075;-0.017269
-7.035918;0.393923;0.239955;1.682906;2.770248;-1.164912;1.092310;-0.086985;-0.217646;-0.697265
10.505221;-0.628600;-3.683764;1.458283;-0.977098;-3.258738;3.832936;-0.348330;-4.027938;-0.823255
10.967654;-2.798859;-4.153729;2.318626;-1.843842;-2.915549;4.609418;0.149749;-4.309192;-1.252575
-5.898700;-2.337708;0.049498;-1.577824;-3.702310;-2.574714;0.704274;-1.589818;-0.120086;-0.300554
-7.339100;-2.469654;1.484033;-1.293787;-2.929545;-0.528883;-1.864220;0.759070;0.041101;0.019926
-4.947725;-3.122334;3.281185;-0.887413;-0.444501;0.639838;-0.892243;-0.036048;-1.266325;0.171641
6.011817;-2.982952;4.312828;-4.320909;1.979663;1.809724;0.803605;-2.888215;-1.103340;1.546459
10.871373;-3.574079;6.491496;-5.473284;2.419950;1.194392;0.558657;-4.694269;0.982838;1.835463
1.496097;-2.138719;5.086015;-5.723906;-0.440878;-1.692049;0.234373;-2.771894;-0.142779;0.020657
-7.473243;-3.990408;0.148802;-0.729942;-1.237286;2.595555;0.468395;-1.160005;0.640096;1.222957
-7.749674;-2.092004;-1.540897;0.376685;-1.749320;2.264526;0.464838;-2.021470;-1.152909;-2.729936
-0.931979;-2.212372;-1.854423;1.397518;-3.172071;2.066102;1.073205;-0.644663;-0.263634;-1.657458
6.890529;-3.655389;-1.614775;4.051042;-2.893006;4.192952;1.388050;0.429850;-2.856951;-0.783091
5.772114;0.060834;-1.207418;1.161342;-1.022612;-2.403883;5.000071;0.122936;-3.065866;0.574494
-5.353448;0.162685;1.714440;-0.788242;0.504056;0.889212;-0.338650;-1.546241;-0.884077;-0.401394
-4.963898;-3.055111;2.638471;1.003978;-0.845974;-0.598589;-0.358908;0.138079;0.617735;1.121008
12.096991;-1.209318;1.085147;-7.863701;2.195020;-8.124102;5.224556;-2.438822;0.318317;-0.587371
17.778843;-3.635718;-0.084722;-8.188861;6.261245;-3.443572;2.406060;-4.635616;1.333631;-1.065539
3.339448;-4.258025;-1.946459;-7.129255;0.967966;-3.587328;2.123785;-1.148640;-0.051703;-1.147930
-9.143079;-3.535548;-0.275395;-1.664647;0.153333;0.108031;-1.065340;-1.140291;-0.721348;0.283976
-8.083996;-0.135578;0.657084;0.601389;1.723914;0.302676;1.043995;-2.052903;-3.138113;-1.887827
2.116452;-0.146921;-1.587739;2.275074;-1.498691;-4.539294;2.604830;0.470541;-2.580888;-2.774823
8.726623;-4.725018;-2.675779;1.824448;-1.497994;-0.816774;2.093336;0.673283;-1.788442;0.266295
2.841105;-4.012497;-2.323455;-0.310498;-4.154096;-3.579357;2.330454;-0.221115;-0.037346;-0.010354
-6.254447;-1.785184;3.175606;-2.124659;-3.516582;1.536319;2.820558;-0.892610;-1.187975;2.015175
-4.320442;-1.087987;3.192594;-3.056879;-2.218457;-0.403222;-0.048937;-1.688001;0.364888;-0.538808
-2.860993;-2.719805;2.153649;-1.691515;1.721412;0.036542;-1.503620;-1.619216;0.680609;-0.265004
-4.878881;-2.859218;0.379738;0.876318;2.401533;-1.186513;-0.647517;1.170209;1.496059;0.123944
-3.142649;-2.983413;-3.292038;0.102224;0.667564;-1.959542;0.125564;0.853328;-0.673546;1.747889
4.596880;-5.366597;-4.804158;2.960095;-1.292391;-0.181157;-1.666238;1.605323;-0.508317;-1.121581
3.191280;-5.034298;-3.964044;1.316419;-2.256621;-2.043616;0.813152;-0.037051;-0.760399;-0.546366
-8.446785;-1.266910;0.454311;-1.531750;-2.289653;0.495885;0.583826;-0.162760;-0.230615;1.635784
-8.769543;1.505196;-0.929601;-0.966925;-0.680222;1.410959;1.456128;-0.227164;0.630252;-0.698316
6.760763;1.101033;-1.922668;-5.318816;2.388184;0.328384;3.081410;-3.160519;-1.584319;-0.037129
8.373873;-1.926796;-0.818930;-4.064455;5.506351;1.757436;1.180542;-3.914231;0.986508;-1.920743
-5.569554;-2.873120;-1.632097;-2.767703;1.751911;-1.193881;2.160257;1.010795;0.818739;-0.976289
-7.054879;-3.394540;0.353973;-1.217527;0.463180;-0.260569;-1.093494;0.900408;-2.299593;-0.079154
-2.192434;-2.636112;-1.464584;-2.052214;3.041150;-1.245889;1.227477;0.553516;-1.148867;-0.398896
5.527130;-4.125747;-2.554013;-3.861241;4.280313;3.438537;1.534026;-2.758244;-0.547860;-1.792666
3.876436;-4.370445;-3.422029;-6.131158;3.560520;0.242713;3.159568;-1.807591;-0.335262;0.146114
-8.014541;0.395998;-0.508827;-1.467238;-2.637156;3.734523;4.284841;-3.421042;-2.157283;-2.612363
-7.145525;0.921794;0.111040;-1.179226;-2.555322;3.863805;2.350433;-3.247287;-2.849873;-0.976778
-3.702650;-1.208645;-1.666546;-3.874053;-0.892891;2.005103;0.928382;-0.575828;-0.364046;0.286209
3.602826;-4.398024;-2.463210;-4.810682;3.032301;4.850802;0.500682;-2.061014;-0.728800;-1.003637
3.160982;-3.694005;-1.727625;-3.777713;3.341833;0.764212;1.882375;-2.564445;1.273987;-1.605872
-5.658477;-2.491728;1.915521;0.606690;1.672492;1.415959;0.432199;-0.151326;0.759999;0.547551
-7.071170;-3.682801;1.094266;-0.200055;-0.759047;0.846504;0.040215;0.115528;-0.324443;1.011862
6.524646;-1.193248;-6.130598;0.001831;-5.112631;-2.559690;3.884485;-2.730970;-1.738169;-3.237251
8.888617;-1.370710;-5.110755;2.720102;-3.541533;-1.342970;0.022654;-1.498229;-1.158393;-2.424759
-2.674464;1.718192;1.332986;2.432213;-1.360792;-2.348727;-0.271788;-1.308953;0.216252;0.554421
-6.459183;3.688300;1.869629;0.170701;-1.311293;1.887679;-0.062035;-1.347719;1.497199;-0.076374
5.399197;3.375980;-3.151418;-4.685179;1.800924;1.853316;3.119548;-2.110404;-0.967558;1.553889
6.916834;1.583097;-2.059747;-4.550615;1.778317;4.154346;0.592661;-2.635422;-0.191993;-0.558412
-2.851949;-3.342294;1.315358;-3.457702;0.747341;-0.818561;1.774155;-0.230371;2.035510;1.495441
-6.474114;-2.112575;1.746274;-1.873764;0.287854;0.927234;0.765767;-0.340634;0.818427;0.900252
0.522422;-3.099198;-4.139176;1.427485;-0.982403;-5.400169;3.458692;0.909248;0.382894;0.739208
7.064441;-4.688260;-6.603136;3.369462;0.864349;-2.795314;0.766030;2.508603;-0.545786;1.511931
-0.005465;-2.957648;-6.080401;0.451348;-0.233447;-5.540515;2.101011;1.744852;-0.204173;0.731869
-10.597862;-0.092819;-1.582436;-0.768200;-0.534860;1.160818;0.700103;0.315572;0.127574;-0.668624
-4.322208;0.707654;-0.049813;-4.237496;0.565896;-3.452999;0.629528;-0.039640;-0.703930;-3.294916
7.496184;-2.116497;-1.480328;-5.884808;3.109035;0.477351;1.567048;-1.483026;-1.217820;0.276379
5.654696;-1.053770;-1.390392;-5.131446;3.411513;-1.915332;0.697723;-1.376936;1.226412;-0.871355
-5.568903;-0.820071;0.085523;1.271810;2.534479;1.348852;0.349433;0.199470;1.140273;1.532893
-5.611800;0.297277;-1.722856;-1.963049;1.721143;-4.192791;-0.762324;2.080890;0.206018;-2.746668
4.829882;-3.154653;-3.945586;-4.818329;4.463116;-0.360873;1.662528;0.249493;-0.917466;-0.428602
5.670908;-3.707629;-3.545342;-4.221136;5.073091;-0.425393;1.614313;-0.229619;-0.936993;-0.142980
-5.983837;-1.486122;-1.529707;-1.991049;-0.495979;0.329758;1.391625;0.160422;-0.368585;0.569771
-8.368909;-0.714424;-0.785609;-1.389599;-0.872882;2.607677;1.306554;-0.416586;-0.135736;0.213853
6.938581;0.421829;-1.476676;-5.202990;2.624939;1.339253;2.816380;-3.297289;-2.293498;0.138715
7.549586;-1.092607;-0.700804;-4.928122;3.738448;2.819726;1.770522;-4.350559;-0.876497;-2.255814
-6.450124;-1.473321;0.497387;-1.079230;1.736923;0.970820;0.651303;-0.352059;2.245744;0.758563
-6.826585;-0.950610;-0.706089;0.622960;1.725381;-1.386826;-0.512767;0.059449;1.897876;0.674291
6.475277;-1.326656;-8.502001;1.490177;-1.897750;-2.361701;1.978241;-2.521812;-1.643907;-2.770845
6.628913;-2.133770;-7.931356;2.912110;-1.957064;-1.170713;1.274426;-3.282720;-2.606868;-3.752252
-6.052154;-1.835202;0.563975;-0.521953;-4.147501;-1.669549;-0.158251;-0.442322;0.270138;-2.470187
-4.768961;1.485147;1.498865;-1.998798;-4.181857;1.154209;-0.763575;-0.253344;-0.422923;-1.750732
6.406933;-0.942587;-1.581245;-4.939198;1.545635;1.666642;2.309778;-2.537617;-1.967558;0.995263
6.889567;-2.434236;0.102410;-4.143151;3.579609;2.213130;-0.153957;-2.679492;1.626195;-1.181472
-4.912747;-0.341902;1.129460;-1.621416;1.002707;0.639233;0.712285;-0.996457;1.504271;0.949944
2.866138;-1.645612;-3.114316;0.779745;-0.082884;-3.593227;-2.286507;-0.072163;-1.690710;2.979830
6.350262;-1.309800;-3.643626;1.658897;-1.717618;-1.657478;-4.100484;-0.327029;-2.152913;0.696046
-0.907077;4.661846;-3.627205;0.248736;-4.400902;0.298894;0.957599;-1.366733;-1.081970;0.226157
-6.002507;4.316571;-2.494410;-2.032924;-2.475814;1.961047;-0.759549;-0.730505;-0.220327;-1.530158
0.193144;1.724189;-1.217263;-2.161075;3.168674;3.880605;-0.739487;-0.510392;-0.975552;1.053778
-0.110193;3.503628;-0.339054;-1.294025;4.609668;1.935723;-0.384103;0.253715;-0.887256;1.238569
-6.063146;0.455207;-1.957453;0.925348;0.636658;0.753291;-0.854724;1.079410;0.346408;0.557145
-6.250257;-0.505752;-1.408877;0.966058;-0.026019;2.743085;0.414436;-0.918947;1.520701;-0.797058
3.174715;0.324937;-1.636145;3.537223;-2.735516;-0.410513;2.990085;-2.317655;-0.152436;-3.726882
6.346765;-0.245785;-4.149119;3.733943;-4.962686;2.756352;1.273186;-2.618529;-0.321629;-2.816827
-0.282954;-3.155462;5.970096;-1.283420;-3.114201;-1.238967;-0.778423;-0.456233;-0.798191;1.715063
-2.769353;-2.381152;5.884230;-2.228057;-3.901127;-0.687388;-2.227895;-0.722188;-0.845567;2.320597
2.182908;-3.352294;-0.418144;-1.517266;-4.282621;-3.718463;-3.795132;0.548151;-0.628854;0.901997
0.493694;-3.962399;-3.734843;0.006270;-5.325801;-0.237728;-4.736810;1.071550;0.148396;0.431686
-3.788938;7.879080;-0.022424;-0.133693;-2.130804;-4.932316;0.385388;0.187852;0.719677;1.427003
-0.055033;5.592946;-0.616702;-3.071170;-1.853338;-1.486048;-1.835530;-0.676175;1.747278;0.136687
3.359414;1.483235;0.693076;-5.157332;-1.042975;1.544525;-4.907782;0.088363;2.068194;-2.564683
3.168961;-1.532309;2.528426;-6.170668;-2.396320;-2.353516;-0.689771;-0.502660;1.768531;0.710160
-2.420652;-1.130149;4.316434;-2.856681;-4.657122;-1.416675;0.027751;-1.530986;-0.406891;3.032731
1.863691;-2.795253;-1.718467;-0.924442;-3.506736;-2.488846;-0.284379;0.091813;-1.557094;2.165049
-4.219528;3.445177;-1.066695;-0.409490;-2.800622;-2.535231;0.067312;-0.710101;0.900435;-0.317161
6.759533;3.858851;1.431088;-6.398474;-1.628101;-2.381384;-4.461317;-1.310287;1.689183;-1.116334
3.463576;2.709185;5.968851;-5.431427;-2.821520;-2.962033;-0.362495;-2.328642;1.085309;0.441385
-0.119868;-1.546268;1.796311;-1.363266;-2.908023;-2.529603;-0.384877;-0.715614;-1.464686;1.227644
1.853742;-3.399093;-3.550709;-0.347692;-4.371012;0.119271;-4.010711;-0.269096;-0.250537;1.585222
1.486058;2.240758;-6.263845;-0.947133;-4.247601;-1.582102;1.661540;-1.475690;0.272474;-0.780814
-6.076262;5.719280;-2.595924;-2.064863;-2.528779;-1.005171;-0.487851;-0.590819;0.657340;-0.341260
1.558767;1.409908;-2.208680;-6.509481;-2.013006;-2.346819;-2.127373;-0.558529;0.442158;-0.266626
4.191978;-1.034713;0.777275;-5.081645;-0.262531;-0.896587;-2.587753;-0.065658;2.794903;-1.628788
-0.549184;-0.639785;4.391500;-4.631269;-1.587293;-1.551136;-0.911087;-1.167811;2.473844;-0.649783
1.735259;-3.978564;-3.927988;0.138657;-2.713054;-0.151513;-3.679952;-0.976036;0.157276;2.792279
-0.692898;0.228553;-5.463200;-1.533362;-3.173715;-3.204327;-0.431563;-0.070864;1.135749;2.479053
-6.684143;5.155855;-0.381712;-3.573758;-4.498276;-4.409525;-1.581152;-0.007550;1.325900;0.155069
1.260313;3.397742;-3.793630;-6.069377;-1.039446;-2.347765;-4.121385;1.714397;2.682088;-0.838719
2.687142;1.322155;-2.005272;-4.439828;2.986161;-1.354627;-3.225802;1.578249;3.207164;-0.300079
-4.962104;-1.966294;2.340577;-2.022091;-4.221171;-2.449713;0.094551;-1.569166;-1.052666;1.754437
1.942461;-1.115173;-3.443023;0.480191;-3.686481;-3.169287;-2.819845;1.272297;-0.733864;0.021416
0.947613;0.669467;-5.979857;1.381884;-3.376263;-2.113153;-3.192688;2.222407;-0.192364;-1.484906
-5.498886;5.562910;-0.695827;-0.655794;-3.302730;-3.205658;-0.441227;-0.203341;1.485989;-1.148165
3.686442;5.298431;-2.456821;-4.950793;-1.217775;-3.193930;1.672089;-1.357195;1.878223;-0.482592
4.374865;2.172640;-2.890162;-4.540894;1.221517;1.340392;-0.833682;-0.632682;2.264804;-1.221439
-1.372097;0.425920;-0.044739;-4.614250;-3.072588;-1.255874;0.145740;0.330038;1.599162;0.480701
-3.767961;-0.159529;2.670937;-2.382015;-4.379177;0.535808;0.244314;-1.791286;0.062370;2.073486
1.152518;2.263210;-4.576115;0.058511;-1.345981;-2.610724;-1.441214;-0.322916;0.026245;2.151809
-3.176004;3.305712;0.972356;-0.521382;-2.802552;-4.689443;-1.167950;-1.058055;-0.850200;-0.844568
1.215161;3.712512;-0.995390;-3.739876;0.118982;-2.243909;1.711940;-0.507828;0.288803;0.044498
3.721563;0.329828;-1.138758;-4.744058;1.573263;1.436396;-0.386682;-1.753690;1.331669;-0.970280
0.233315;-0.673694;1.216960;-5.968265;-3.175065;-1.234666;-0.648113;0.141285;1.369394;0.891929
-3.717647;-1.389518;3.243842;-3.332003;-5.754201;-1.539399;-0.129901;-1.950206;0.470551;1.879691
2.605955;0.570700;-2.949634;1.636180;-4.283229;-3.209921;-1.667088;1.775083;-1.804801;-1.278108
-4.681163;5.824433;-0.540207;0.179248;-5.854215;-3.656826;-0.841873;-0.072960;-0.097395;-5.274151
0.392442;6.897861;-4.641586;-3.719274;0.254435;-2.817419;1.671630;-0.103818;0.575551;-1.965075
2.503093;0.821087;-2.709114;-4.989309;1.820249;1.975008;-1.185483;0.826728;1.934231;1.167857
0.386314;1.457451;1.697281;-5.589905;-2.333387;-3.971838;-1.889504;2.039502;-0.035796;-0.340546
-2.354235;2.829572;4.812913;-2.578744;-4.824648;-0.343009;-1.126981;-1.827156;-0.645093;1.206048
1.580624;0.470525;-2.920772;-0.038325;-3.535039;-0.665926;-0.302828;-1.681098;-0.201771;2.291578
3.279152;-0.041059;-1.936065;1.300050;-5.088850;-0.010186;-1.976325;-0.470017;-1.141776;-0.218988
-2.603102;3.031525;-0.516815;-2.063999;-5.397948;-3.664898;-0.182388;-1.244706;0.640928;-1.890727
-3.811388;4.726058;-0.939607;-1.987774;-0.122279;-0.308940;-0.591323;-0.289938;0.984544;-2.446419
-0.420813;5.434232;1.068002;-1.934522;1.302550;-0.515816;0.329727;-0.362025;-0.414870;0.489019
-5.645324;3.729559;2.627317;-1.367192;-3.061588;-1.965301;-1.315567;-2.658229;2.350088;-0.862389
-5.652481;1.286323;2.580386;-0.693388;-4.007062;-1.308918;0.044885;-2.962367;-0.185853;-1.247477
2.154186;0.336302;-4.130284;0.925062;-3.728622;-1.994376;-0.267668;-1.874134;2.741250;-0.059107
-1.584381;-1.333559;1.602172;3.126926;-0.298630;1.725471;1.530375;-0.712971;0.170066;-1.539628
-5.054385;-2.233999;0.266051;-0.614177;-2.727155;0.593188;1.335420;-1.166287;1.467117;-1.905684
-8.991965;-1.348341;-1.448615;-0.586511;-2.067948;-0.454800;1.012190;-0.508227;1.798939;-1.074632
-2.339624;-1.393844;0.612038;-0.487193;-3.326450;-2.662559;-1.196599;0.982513;-1.192515;-0.359780
8.383241;-4.541115;4.116626;3.041564;-5.449523;1.393801;-0.286675;1.192073;0.114323;0.220900
6.387999;-2.589859;2.913813;2.041901;-4.581593;-0.151762;3.624809;0.819638;1.763146;0.583848
-7.020814;0.603829;0.459298;0.557578;0.917776;-0.628836;0.974964;-0.538943;1.331527;0.555894
-6.982920;0.935813;0.722754;1.808015;2.895028;-0.985932;0.411534;0.015977;0.705048;0.131054
7.503693;-0.872529;5.334086;4.266470;-2.727326;-2.394247;2.592769;2.042584;2.032917;-1.315759
9.555820;-3.720899;4.521509;3.937165;-2.653230;2.248600;3.708667;1.126337;1.853907;-1.588565
-1.688029;0.973704;-0.036965;2.664209;-1.910779;-1.148501;0.560511;-0.070364;1.790406;-3.275091
-6.918056;0.963122;-1.857993;0.124426;-0.891540;1.208839;1.907854;-2.004677;-0.180818;0.525745
-8.156574;-2.587921;0.059542;-0.820668;0.199390;-1.863834;0.178756;-1.277550;-0.151167;-0.170730
1.179659;-2.348625;1.614814;2.146228;-2.258058;0.355406;0.650805;0.387816;-1.564157;-0.323300
7.197719;-4.733397;4.515896;6.332398;-2.823945;4.900892;1.450040;1.588006;0.047158;-0.671643
3.909865;-1.254390;3.591571;3.008794;-1.125263;0.046947;2.915705;-0.022589;0.818359;0.673247
-7.036233;4.574784;1.330523;0.544462;0.866705;-0.520891;0.767877;-0.346050;0.112825;0.755306
-6.582376;4.675799;1.633724;1.518394;1.689279;-1.606228;-0.344763;0.094736;2.262776;-0.512121
-3.053306;1.827389;2.451333;1.172165;-2.809219;-0.891867;0.556509;0.490505;2.344999;0.211365
8.397051;-3.691753;6.813499;4.632883;-3.833336;1.333149;2.936433;2.226218;3.023527;-1.265762
8.591545;-3.006502;5.922975;4.623832;-3.799015;3.426602;3.480141;1.129656;2.575007;-2.704492
-1.687956;0.067663;0.590470;1.153961;-1.165455;0.875913;2.423437;-0.949424;1.757237;-1.229484
-8.074080;-0.434837;-2.154919;-1.922138;0.015730;0.193457;-0.733837;-0.862951;1.673495;-1.532810
-4.399312;-2.320614;-0.935545;-0.493330;0.256264;-2.147822;-2.007996;0.781769;-1.695318;0.500034
4.695587;-4.194327;3.750370;2.463944;-4.265485;0.622705;-0.989363;1.875183;-0.113346;0.066790
4.616567;-4.763778;3.677727;2.265307;-3.355526;1.373359;2.027084;1.920788;-0.317000;-0.312306
-4.933697;-0.813927;1.022600;1.389703;-0.511261;-2.431293;1.228481;1.136453;-0.357635;0.473251
-5.516505;3.306807;0.960559;1.057174;-0.265226;-0.222670;-0.763968;-2.191083;-0.337383;-1.938814
-5.808849;5.368363;1.027328;0.980231;0.647227;-0.194072;0.356073;-2.108028;-0.235424;-0.335286
3.194695;2.178484;1.956768;2.662270;-3.696543;-1.040388;2.923029;-0.352140;1.588754;-1.722810
9.453001;-1.182384;3.106576;5.283310;-2.296636;3.919697;2.291620;0.170048;2.494278;-1.499144
3.937995;0.970993;0.168290;2.629116;-0.691360;-1.240560;2.488292;-0.213786;2.185838;-0.985516
-8.613171;-0.045278;-1.691053;-0.369896;1.010498;-3.010738;0.034460;-0.642874;1.857109;-0.710052
-2.233049;-0.817657;-1.903528;0.420934;-1.135217;-0.580980;0.888913;-0.080738;-1.028528;0.268218
5.802481;-2.624233;2.744294;4.222533;-3.491886;1.842385;0.684123;1.736759;-1.313220;-0.500472
5.801976;-0.077350;3.645020;2.590682;-2.775347;-1.060674;3.250189;0.261232;0.432678;0.056720
-3.493405;3.434600;2.801892;3.184429;0.920771;-4.716836;-0.423837;1.287527;2.162260;-3.511452
-1.582094;1.401349;3.792343;4.565109;1.318735;-3.059583;-0.499061;2.178872;1.917012;-1.946962
7.367867;0.157033;4.782286;3.836537;-1.617551;1.771059;3.030598;0.295980;2.429455;-0.154504
6.617386;-0.848884;2.384027;2.776169;-1.926555;1.257435;3.574013;-0.237329;1.847402;-0.800500
-4.417533;-1.328386;-2.262600;-0.449062;-3.199081;-2.108800;0.589768;-0.249629;1.678867;-3.735221
-7.884871;0.207767;-2.171037;-0.189881;-1.701974;-0.565058;0.841428;-0.429415;1.057528;-0.415562
1.033684;-1.063143;1.747039;1.781951;-3.373640;-1.339803;0.828906;0.327866;-0.463073;-0.810637
8.434738;-1.676729;5.815942;4.981723;-3.361271;1.596097;1.329754;1.821467;0.608518;-1.263529
4.754909;2.100336;5.721890;5.626020;-0.328935;-1.774786;2.479029;1.609189;1.431982;-1.153473
-5.126987;3.853350;3.046996;3.919554;3.201822;-2.598241;0.222682;0.833552;-0.022912;-0.857664
-1.564773;1.945227;3.869281;2.281525;0.351973;-4.090910;1.503214;0.539049;2.377934;0.739162
12.064062;-3.438985;5.329140;3.094947;-3.116207;-1.086132;2.529723;1.735268;2.628267;-0.961002
9.561521;-3.570068;2.954779;1.893193;-3.584719;-0.733628;3.066521;0.697888;1.768179;-2.223034
-7.157661;0.389350;-1.657300;0.502444;2.087026;-0.623651;-0.329734;-1.596417;3.100543;-2.116915
-6.560025;-0.111092;-1.677896;-1.079372;-1.014566;-1.137008;0.167360;-0.931430;-0.407710;-0.177399
4.600364;-3.880143;-2.389803;0.398915;-5.417677;0.520190;0.897641;-0.169910;-0.073757;-1.124986
6.451022;2.239825;-1.971260;3.590679;-3.167367;1.859326;1.377941;-1.177186;-0.039037;-0.163624
-3.559836;8.412547;0.833740;6.195958;5.711865;-4.109823;-0.220578;0.384213;-0.456847;-0.828560
-1.792180;6.237949;4.921813;4.275935;8.724587;-1.065583;-0.103747;-0.081178;0.422574;-1.171463
-0.345227;0.642640;3.717460;1.088876;5.166173;2.117688;-1.319303;0.174954;1.679821;-0.294192
-1.657533;2.873644;2.203208;2.487202;6.668120;1.764256;0.848952;-0.333675;0.685574;1.149794
-5.230201;1.359581;1.679837;0.156088;0.453632;0.784004;1.123763;0.321119;-2.142719;-1.968666
8.741267;1.310037;-1.611630;-4.411205;1.776373;-0.925228;-0.461435;0.886127;-3.744316;-1.767446
9.016868;0.985127;-2.250987;-5.266872;1.579647;-1.473527;-0.137297;0.309660;-3.195221;0.158058
-2.908806;1.484195;1.875270;-0.509904;1.138711;-0.281165;2.289916;0.164549;-1.266840;1.528553
6.675992;0.725218;0.614502;-3.159560;2.221562;-1.346508;1.820551;-0.558535;-0.499790;2.450836
7.658208;-1.564179;0.568757;-3.585948;3.670406;4.733573;-0.658022;-1.241913;-0.592676;2.310333
-0.092322;-2.108610;-0.289495;-4.318635;0.111476;-1.854403;0.987917;-0.483296;0.932237;-0.337370
-0.514324;-0.287578;-1.406310;2.995899;1.819535;-2.025256;-1.648192;0.298793;1.855495;-1.081902
3.608125;-2.063497;-4.108837;5.295866;3.190917;0.431037;-2.156976;1.023094;1.444882;0.261977
0.228470;-0.440119;-4.755377;1.079978;0.146882;-1.454069;1.520077;0.534674;-0.377170;2.023857
-5.920630;2.007938;-0.429113;-0.260637;1.087720;-2.254071;1.491808;0.612975;-1.207612;1.011829
3.163451;0.978083;-0.100754;-2.347338;3.007916;-0.430112;1.401362;-0.471510;-0.118035;2.413340
6.114255;-0.349288;0.235873;-2.814863;5.327844;4.308376;-2.865030;0.715028;1.233941;1.888202
1.347605;-1.077607;-2.044996;-4.928453;1.119469;-1.233625;0.245828;-0.380114;0.764602;0.207383
-3.750046;-3.328051;-0.668401;-0.159189;-0.513114;-0.661224;0.603653;0.409690;-0.373509;-0.341607
3.826576;-4.535009;-1.478977;3.132811;-1.344441;0.576656;-1.034372;0.739867;-0.774260;0.001388
3.817657;-5.004209;-2.690749;1.106376;-2.969595;0.779791;2.232316;0.820766;0.303885;1.494165
-6.852241;-1.852536;-1.266076;-0.339979;-1.161049;-1.880381;-0.154959;0.787842;0.950505;-0.068839
-4.707844;1.364508;-1.623239;-2.447067;1.712009;-0.773301;-1.196155;0.050524;-0.362422;-1.166028
0.700809;2.200903;-2.444690;-1.771315;2.987716;1.614815;-3.512985;1.408683;0.325096;-1.249167
2.385586;-1.602432;-2.258344;-1.731827;3.082064;3.312854;-2.308222;0.956781;0.701906;-0.904512
-1.912121;-2.162313;-2.908687;-3.690376;-1.539122;-0.007476;1.888678;0.165054;-0.048753;-0.732303
-4.026125;-3.153245;0.317524;2.267503;0.313787;0.999336;1.135921;0.010619;0.662698;1.470149
0.289558;-3.689503;-2.526196;2.072102;-1.098996;1.325227;-2.756402;0.603391;1.675617;1.230277
1.774007;0.957455;-4.309444;3.576646;-1.252034;1.444432;-3.634998;-0.281914;0.537325;-3.795282
-2.240851;2.264680;-3.439166;1.879322;-1.247996;-1.088494;0.219419;-1.575787;-0.329659;-3.999742
-7.827595;-0.406473;-1.088192;-2.477076;0.625850;0.023351;1.292421;-0.661507;0.850842;-0.064308
1.320305;-1.095468;-1.312231;-4.041595;3.282241;-0.184462;-0.667517;-0.186411;-0.912154;0.554444
6.322146;-3.298844;1.575751;-3.917981;3.149062;4.090535;-2.037133;1.152033;0.931389;0.718463
2.291073;-1.770952;-0.310943;-2.959395;-1.314399;2.251712;2.582480;1.377218;-0.465576;1.474275
-6.073939;-0.393709;2.003943;0.542996;-0.567965;2.456692;2.470406;-0.214136;-0.345519;1.617690
-1.480702;-2.004733;-3.703393;2.076280;0.789834;1.308873;-0.750622;-1.419515;0.477663;0.688224
1.007415;-3.414477;-3.071662;2.576179;0.801368;3.647861;-2.881209;-1.280600;1.408813;2.435091
-2.828181;-1.497186;-2.938406;0.201055;-0.415394;1.206841;-0.855852;-0.770334;1.715646;2.295618
-7.272713;-0.658092;-1.874762;0.384560;-2.264525;0.311869;0.424562;0.067023;-0.038441;1.173247
-4.781918;-0.778554;-2.192422;-1.622755;-0.644480;1.781780;1.519199;0.906073;0.245804;1.132048
-0.876067;-1.872114;-1.086084;-3.157286;0.288893;5.318588;-1.553938;-0.036932;-0.187468;2.074717
1.548953;0.992895;0.116503;-2.051240;2.507891;4.670365;-2.821641;-0.454258;-0.614978;0.712759
1.894292;3.406895;1.291141;-0.003921;3.204241;1.062134;0.435661;0.104347;-0.965211;-1.027736
-2.993551;1.790625;3.053127;1.340605;1.249571;1.342172;1.667972;-0.531369;-1.703060;-1.098397
-3.033924;-1.296961;-3.294912;3.118907;2.370623;2.066361;-1.229655;-0.451768;0.884693;0.829683
2.159289;-2.419449;-4.682487;3.204016;0.401523;2.997372;-2.391859;-1.357422;0.555688;0.807458
2.196364;1.025347;-3.964359;3.746866;1.422707;1.735584;1.595158;-2.080392;-0.851707;0.169634
-5.707078;4.492785;-0.438723;3.208770;5.593383;-0.079914;2.750258;-0.541270;-0.109386;-0.332516
-3.448042;3.106679;0.151539;-1.558429;1.634953;-2.877857;-0.775000;0.951047;-1.894376;0.239250
8.567091;-1.177991;-0.045534;-5.810959;2.113158;-0.751920;2.376179;-1.805964;-1.481663;2.001039
8.465363;-0.725930;1.726368;-5.274413;2.998359;0.897999;-0.807332;-1.121368;0.631237;-1.680282
-2.892567;-0.371651;1.773455;-1.763066;1.708554;1.999437;0.142151;0.538607;0.235792;-1.021459
-2.732354;-0.252593;0.245915;0.914657;0.419964;0.879098;0.647835;-1.138264;-0.858846;1.954676
2.959519;-0.635353;-4.600664;3.464014;0.352149;0.775002;-2.372747;-0.371219;1.065682;1.182463
1.837188;-1.921072;-6.261817;0.325465;-1.363990;0.251184;-3.234135;-1.093228;0.554274;1.250105
-3.862267;3.811026;-1.813932;0.739163;-0.414806;-1.349763;0.003665;-1.253424;-1.125180;1.404586
-6.432131;5.685229;-1.301760;0.528732;1.524301;-0.133560;1.323189;0.045943;0.632908;0.711319
-3.025869;3.123041;0.474293;-0.011349;3.489742;2.540893;0.841034;-1.200695;-0.413213;1.942441
-3.763924;2.656976;1.975120;-1.285045;3.309578;3.856921;-0.493256;0.361955;-1.408134;2.081783
-0.952568;1.496033;5.301283;1.181898;2.095154;-2.965703;-2.103133;-0.489477;-1.959884;2.351559
-1.511952;1.832449;5.574340;1.423679;2.813820;-4.209951;-2.739586;-0.412501;-2.074828;0.898625
4.407656;2.765098;9.161125;-1.336997;1.337265;-5.492810;0.413742;4.768888;0.385033;-0.505767
10.490464;0.631015;4.527073;-1.515692;-0.672596;1.115330;-0.207377;7.020641;-1.587498;-0.278319
3.150685;1.086288;-1.678540;-3.004473;0.486327;-1.545522;-0.433461;5.583910;-1.659200;-0.062240
-3.258605;2.024019;-2.920220;-2.560740;0.573148;-0.593781;-0.453917;1.851117;-0.611089;0.210343
0.087475;-0.788819;-2.405783;-3.047140;-0.209821;2.116232;-1.281633;2.451041;-0.344704;-1.900141
0.123670;-1.654017;1.547294;-1.519317;2.625910;3.581116;-3.138528;2.697167;0.074904;-0.148151
-2.377496;0.108049;4.094181;0.198929;5.753006;-2.184609;-1.384637;0.939334;0.326644;-0.190409
-1.940565;1.843989;6.616650;1.629852;6.332748;-4.110978;-0.358700;3.331285;-0.288321;-1.223961
5.737583;-0.046733;-0.679380;-0.552650;3.425516;0.690382;-0.665332;5.471200;-2.120869;-0.172649
3.897758;-1.852070;-2.907067;-3.234695;1.903075;-1.130772;-1.141277;4.362959;-1.998566;0.113260
-7.237054;-0.587095;1.021580;-1.871053;0.190198;-0.590700;-0.453488;0.166259;-0.501708;0.171616
-3.765787;1.486184;-2.800463;-2.906628;2.104290;-1.702845;0.951751;0.351183;-0.265787;-2.400508
4.663661;-0.571464;-3.925695;-3.997837;1.239444;1.544240;0.336035;-0.123948;-0.782908;-3.049095
3.596987;-1.783741;-0.666563;-3.031264;3.061219;0.842046;0.780670;0.770302;0.740793;-1.639314
-4.293441;1.426878;4.840945;1.434584;5.034683;-1.394928;-0.881365;0.568475;0.441349;-0.065617
-1.312438;1.861508;5.259837;2.291652;5.758125;-2.681472;-0.317780;3.774169;0.046043;0.546761
4.615211;-1.091017;-0.100026;-0.287860;4.162381;1.291404;-0.827586;5.498794;-0.871558;-0.367682
1.828924;-4.079937;-3.259719;-3.275481;1.515646;1.498247;-0.138428;3.026792;0.008624;0.715140
-7.355008;-2.804027;-0.551990;-1.496988;-0.527520;1.445597;-0.931023;1.549461;1.390768;0.471060
-5.311215;0.289205;-0.245574;-2.247047;-0.442771;-0.107855;0.981251;1.536269;-1.724211;-1.758660
4.714283;-1.790026;-1.322439;-3.110208;3.722800;0.921062;1.272838;0.258745;-1.811565;-1.578347
6.304575;-3.879615;2.596601;-4.233222;3.845077;0.094164;-0.076965;-0.158027;0.777514;0.290015
-3.205392;0.151190;6.319735;-0.113923;2.826992;-2.037844;-1.337637;-0.245532;-0.854329;0.154353
-4.258510;0.878404;4.224316;2.475193;5.834420;-1.772265;-1.332077;2.156910;-0.111223;-0.189077
4.935109;0.186678;0.271633;-1.154185;4.351022;0.046683;0.191861;4.813360;-1.183254;1.047930
3.819653;-2.062771;-2.934068;-1.756118;1.737430;2.608083;0.773212;4.946037;-1.885934;-0.507406
-6.409847;-3.179556;-0.727313;-2.546940;-0.822603;2.016986;0.155155;0.600794;0.610496;-0.459151
-9.223256;-2.076239;0.060612;-1.470313;0.129879;-1.121006;-2.384240;1.168478;-0.190950;-1.427796
0.476226;0.289279;-5.320619;-4.549519;2.116507;-2.852042;0.155726;2.336934;-0.466416;-1.918083
4.072226;-2.416982;-4.079399;-3.716013;2.475400;1.578226;-0.039670;1.479350;-0.207415;-2.637675
0.032730;1.883625;2.409707;-2.376727;1.164735;2.119202;-0.928629;0.419542;1.857153;-0.867266
-1.420266;2.698621;7.005575;1.693087;4.147962;-0.176313;-0.266805;-0.424755;0.733667;1.204130
0.048605;0.587990;5.476654;1.421084;3.286739;-2.266623;0.369864;4.568601;-2.002700;1.323971
4.128242;-1.718582;0.815354;1.216216;2.505360;4.968292;2.520990;5.313700;-1.161927;-0.299286
0.454702;-1.989991;-2.737450;-1.928074;0.410276;3.415415;-0.390404;2.613610;-0.347470;0.298991
-5.372875;-0.780603;1.145569;0.435203;2.610548;-0.104891;-1.759269;1.645456;-0.482695;-0.750781
-5.341230;1.623701;-0.154013;-2.879160;2.354197;-3.076214;0.675548;0.783742;-0.102929;-2.072754
5.152692;-0.983987;-1.410020;-2.828401;3.535506;-0.623763;0.865831;1.310955;-0.441429;-2.708395
5.889503;-2.737938;1.866007;-3.472595;4.647493;-0.929603;0.241701;1.248723;1.160756;-1.246056
-5.125604;-1.252651;5.437869;-0.032327;3.842142;-2.095413;-1.557220;1.189902;0.443362;-0.733146
-3.880845;-0.350386;6.431009;1.341450;3.858738;-1.477849;-0.690432;2.025081;0.760075;-0.600572
8.911602;0.553412;1.852023;-1.816483;2.953033;-0.381628;1.222077;5.865665;-2.422952;3.248005
6.691989;-0.971393;-1.326174;-1.081429;3.443153;-0.399326;0.040344;6.850385;-2.034237;0.249719
-6.651538;-2.530432;1.043452;-1.852465;1.887058;-1.468167;-1.257638;1.315630;0.641286;-1.087238
-6.468637;-1.292610;2.045256;-3.660142;-1.392012;-0.749503;0.599535;1.630062;-0.510383;0.003932
7.558091;-1.926355;-5.916697;-6.842859;2.130639;-2.376090;1.747502;1.826744;0.967406;-1.037476
9.965801;2.430960;-2.982932;-4.156861;4.703247;-3.356113;-0.133505;1.077116;3.223585;-3.872068
-2.020242;2.926381;7.002050;3.038706;6.114027;-2.725693;-1.597589;2.021361;1.110749;-0.392447
3.879057;0.180061;4.629698;-0.865672;1.512626;-1.892533;1.493996;5.849469;-2.166853;1.596490
6.947226;-0.750056;1.617211;-0.375427;2.309257;1.470388;1.486580;6.099061;-1.080419;0.635908
-2.625521;-1.737629;-2.773647;-1.069144;4.003778;-0.949565;0.750863;2.116275;0.665520;-1.381901
-6.919196;-2.626956;0.791064;-1.103305;1.362197;0.724865;-0.897465;0.700760;-0.276327;0.962115
-2.981055;-2.892692;2.431364;-3.050717;-0.396473;1.580229;0.858891;0.994403;-0.334832;1.904132
-0.646413;-0.907672;1.464845;-2.898083;0.688557;0.245589;-1.197627;1.181178;-0.075527;0.434111
-2.119652;1.430384;0.760212;-2.333546;0.859824;-0.197589;-1.520399;1.216929;-0.732075;-0.697627
-2.146628;-5.570912;-0.248906;1.815028;-0.089130;2.201463;-1.405878;0.801398;-1.236553;1.700943
-3.944482;-2.885967;2.329249;1.126879;2.363567;-0.236598;-1.594644;-0.727551;-1.860415;0.500798
-5.213358;-2.528297;2.854791;-0.591466;2.345592;-0.222564;-1.855075;-1.234860;-1.207541;1.147449
-4.960812;-5.360546;1.313297;-0.101902;2.551981;0.817123;-1.115805;-0.133144;-0.634546;0.902626
-2.930789;2.110209;0.058244;3.570734;3.765215;-0.366347;0.281728;-0.222239;-3.614227;-0.200694
7.150083;0.780368;-1.897532;7.430058;1.211233;-0.676785;-0.262667;2.058527;-3.016744;-1.662610
5.586910;-4.605552;-2.081873;-0.245368;-0.941163;-3.641194;1.060995;1.068142;-1.278210;0.206505
-6.011457;-0.327194;2.320987;-0.822875;0.065624;-0.053947;0.836415;-1.028465;-0.603995;0.869174
-6.838784;2.247982;2.489336;-0.155578;-0.428569;-0.481490;1.337439;-0.602998;0.490623;1.126087
-2.665800;6.106752;1.345017;3.756766;-1.462383;-1.167514;1.957872;-1.070701;1.430337;0.585833
8.103790;1.506362;-3.586544;5.293449;-0.375818;1.127997;1.540757;-1.877627;2.020146;-0.420706
5.769866;-3.509984;-4.533956;2.198997;-0.188165;1.745583;2.717981;-3.109789;0.128609;-0.426173
-4.502186;0.180278;1.161771;2.562341;4.415444;-0.161404;2.060285;0.772147;-0.559425;0.345567
-4.077587;-0.770232;2.426996;2.218109;4.762391;1.881790;2.227949;2.307731;-0.969103;1.570938
-3.794191;-2.053578;4.582030;1.341528;5.978597;-0.064971;-1.274046;0.086096;-1.062756;0.623971
-4.586532;3.829581;2.835548;2.322197;6.258337;-1.102463;-1.204830;0.225818;-3.185917;-0.392948
5.866742;0.621662;-3.837444;6.018574;1.738553;0.000579;3.824822;1.049124;0.490703;-0.123917
6.156256;-7.787102;-3.189746;1.064235;-0.803804;0.890133;1.297369;-1.664905;2.307809;0.737776
-3.800818;-5.870976;-1.930244;-0.660586;-0.681676;-0.180367;1.983267;-0.907362;-0.942965;0.538995
-3.949688;7.548569;-0.841371;4.237521;0.026926;3.394452;2.622730;-4.173051;-5.710966;-4.883703
-4.748312;10.189512;0.674314;3.218873;0.912851;1.832751;2.534875;-2.614400;-3.781299;-3.476360
-1.592572;7.694427;1.459507;-1.102272;1.178892;0.923519;1.911875;-3.907255;-0.773997;-1.723352
6.819583;4.544614;-1.349779;-3.440456;2.341130;3.559379;2.057930;-5.103004;-2.760372;-2.432333
3.942947;-4.738251;-1.823866;-4.663767;3.788847;2.968108;0.267133;-0.484726;0.915840;0.263726
-4.447927;-4.187738;-0.965306;-1.084230;2.747697;0.645699;0.426234;0.583916;1.236895;0.039066
-7.277317;-5.561246;-0.254034;-0.341981;1.805711;1.510635;-1.806895;0.291676;0.671277;-0.814496
-6.857679;-6.460587;0.661587;-0.583000;3.762246;1.861258;-1.255459;1.076408;0.906861;0.447512
-6.611560;1.234074;0.386112;3.853002;4.732829;0.552945;-0.907945;1.286162;-2.819892;-1.737915
-0.897939;1.695444;0.177478;5.478556;1.991963;-3.519112;0.370992;2.079929;-1.207431;-1.131548
5.070078;-6.580701;-1.275893;3.051771;-0.973998;2.656589;-2.298515;0.173445;2.187966;-0.195063
3.300848;-7.018575;-1.883222;0.023150;0.862980;-1.136207;1.919686;-2.443932;1.375053;-0.644023
-1.328586;-0.405632;5.055779;1.397467;2.498225;-1.532616;4.058141;-1.086537;-5.339105;-0.502774
-0.295349;2.194669;5.191316;3.338513;2.120592;-1.034852;2.620322;1.102638;-5.762467;1.532739
-6.981664;5.998461;2.225316;-0.215292;0.166776;-0.392782;-1.038572;-1.009232;1.316292;-0.503231
-3.999552;5.708518;-0.609467;-1.212465;1.657952;-0.257078;0.411021;-0.978042;2.662906;-1.380900
2.537279;-0.127816;-4.199345;-3.113895;4.058097;2.076417;0.184136;-0.997982;1.421633;-1.971164
3.853738;-2.854731;-1.545163;-2.882809;3.770549;2.707089;0.012922;0.342167;-0.767314;0.616264
-3.818966;-1.843728;0.821473;-0.862390;0.621294;0.686623;0.947809;1.058890;-1.616039;1.043819
-7.271895;-5.711212;-0.036401;-0.421945;1.317360;2.998292;2.274212;0.102939;-0.233820;0.950269
-5.412245;-4.932148;1.139020;-0.775214;0.602649;5.100703;1.899581;-1.875933;-1.058469;1.898345
-5.048100;-4.610402;2.868188;-1.519968;1.859042;3.315305;-0.366824;-0.952306;-1.035425;1.269176
-3.311658;0.171308;0.151144;2.020061;3.470381;-1.550318;-0.246046;0.091466;-4.341675;-0.120004
6.238302;-1.049419;1.869998;5.757192;-1.226911;0.919237;1.355349;1.474645;-0.612433;-0.472448
5.420083;-6.786056;1.562137;1.143480;-2.178410;0.574115;1.150114;0.518061;2.259843;0.996543
-4.143982;-2.437187;-0.918211;0.249685;-1.419874;-1.835526;-0.020357;-0.741067;-0.196567;-1.803799
-4.297001;5.717250;2.126626;3.246539;0.985987;0.678890;0.648562;-0.104394;-0.416118;0.961000
-5.773186;8.406782;2.684037;2.539273;0.904560;-0.124172;0.694363;1.016350;0.554750;0.893303
-6.359770;4.309713;-0.129870;-0.979673;1.837809;0.677136;0.959165;-0.748696;3.108446;-0.430390
2.962306;-0.335702;-3.581365;-3.037482;4.452719;1.133678;-0.928483;-0.128037;1.653040;-0.491270
4.440987;-0.927402;-2.046075;-2.982232;3.889808;4.060801;0.065891;0.194765;-1.488373;1.032404
-1.930922;-1.931981;3.237142;0.086645;1.628827;2.124663;2.751853;0.308050;-1.743947;2.065263
-4.350444;-4.386267;2.221701;-0.856533;-0.030542;1.125158;0.152238;-0.833371;0.552181;1.032768
-5.815933;-4.528575;-1.159160;-0.110025;0.854792;2.202832;-0.671591;1.190801;0.292756;1.340710
-6.905747;-2.804452;-0.684303;0.156830;-0.522946;1.268889;1.353162;0.225438;-2.140204;-0.857953
-0.790180;-2.152068;0.298486;0.301986;-0.847921;-1.963643;-0.141395;-1.438490;-1.277390;-0.459819
6.965762;-4.286161;1.380249;1.557191;-0.238103;0.933996;-3.316527;-1.589015;-0.363312;0.892350
6.361623;0.032874;1.343735;3.986649;3.343843;-2.910745;0.582391;1.199297;-1.366250;1.864316
-5.552449;2.345447;3.651119;2.999542;0.844965;-1.638471;1.751272;0.934080;-2.254906;-0.989920
-9.782576;2.155722;1.537952;-1.179757;-1.104302;-2.197620;-0.801442;-0.457557;3.546380;-4.548699
-2.839547;3.120068;0.057324;-1.974766;-0.265299;-0.387288;-2.795510;-0.841743;3.123221;-4.982767
0.840330;0.956040;0.340356;-3.069537;-0.554398;1.943744;-2.146338;-0.137955;0.320071;-3.543821
-0.048416;7.178741;1.171149;0.735007;2.608265;-0.428658;2.009314;-0.938563;-1.954323;-1.856291
0.385476;-1.585360;-1.097687;-1.254336;-1.937340;-3.463498;-3.454456;-1.930723;-2.373005;1.563076
6.027265;0.398352;-3.204424;1.896659;0.408804;-2.671954;-5.647611;-0.310280;-3.715887;1.079301
2.368445;2.906588;-4.384506;2.876065;2.207008;-4.248245;-0.701459;1.246173;-1.959360;1.822346
-1.958357;4.596944;-0.913298;3.021539;0.365022;-1.212073;-1.353772;-0.133433;0.855518;-1.515830
3.609345;2.772997;-3.064205;3.763855;-0.202627;1.817150;-3.874400;-0.504134;0.666983;-0.442855
1.805656;-1.543403;-3.801656;0.946479;0.419368;-1.947645;-0.124255;-0.872052;-0.536581;0.705467
2.864496;-1.679949;-2.026622;-1.039191;-1.178303;-7.232892;-0.400457;-2.789053;-2.565774;1.398228
8.844256;4.174128;-6.306005;2.038131;-1.229972;-4.034921;-2.180052;-3.068231;-5.525104;-0.471942
1.080609;5.986503;-7.062957;4.146082;1.093667;-4.066847;2.119778;-0.698231;-2.121299;-0.597396
-4.189039;5.858977;-1.631715;3.902619;-0.035309;-3.160520;-0.332684;0.942972;2.046205;-1.497267
3.012646;3.201446;-4.082137;3.145961;0.300312;-0.609339;-2.625162;0.649142;1.520550;-0.050545
1.747048;-1.382799;-4.274016;0.522951;-0.602033;-0.837926;-1.371248;-0.328171;-0.450874;1.753042
0.291546;-1.413958;-0.419305;-1.112317;-3.087180;-3.391974;-2.069426;-1.762198;-2.930438;1.616896
4.411109;-0.116469;-4.149811;0.912994;-0.401495;-3.421022;-5.289062;-0.141256;-2.545432;1.790905
-0.173099;0.685144;-5.365948;1.970486;0.868113;-2.886306;-0.244795;1.013162;-0.854825;2.639775
-2.460991;2.398376;-2.267503;4.832149;-0.208470;-0.891268;0.212817;0.537068;-0.164299;-5.383620
5.750907;1.535375;-1.114657;4.601272;2.044069;0.405197;-3.005148;-0.713218;-0.764907;-0.736655
3.369383;-0.326006;-1.349195;1.510898;2.922789;-2.655264;-1.170681;0.715983;-0.911190;3.341267
1.737525;-0.918310;0.426776;-0.167892;-1.310728;-4.951241;-1.854741;-0.835902;-3.021389;2.251450
5.492066;-2.781681;-3.315785;0.134864;-1.181517;-3.504436;-4.773413;-0.334570;-2.462071;0.930233
-1.021280;-2.094410;-4.787383;0.769881;0.569033;-3.921816;-1.677884;0.552827;-1.158615;0.740502
-1.943571;-0.530404;-3.271702;1.223048;-1.586471;-2.888024;-2.611179;0.891956;1.995384;-0.255161
6.436064;0.737262;0.368897;1.323771;-2.578583;0.756880;-3.543828;-1.590825;0.504616;3.294149
3.612932;2.956095;1.210083;0.490788;-1.048964;-1.593263;-0.139067;-1.402820;-0.326762;4.759149
1.758090;3.400980;-0.157208;0.481269;-2.096906;-1.091943;-2.031826;-1.816193;-1.822698;3.832444
5.693220;3.061590;-1.375513;2.720278;-1.106470;1.446072;-3.448631;-2.677457;-4.503910;1.286424
-1.522319;4.182968;-3.874238;2.938095;0.814241;-1.122303;-0.654026;-0.645152;-2.990820;0.343850
-5.103484;2.580973;-1.997381;3.883953;2.229819;3.087046;2.890102;-0.366779;-1.311235;0.505141
-0.551671;2.806457;-2.754106;2.899180;-0.272007;-0.673289;-1.460605;-1.469558;-2.053112;-1.258884
3.757507;-1.741030;-2.373926;1.863059;-0.264589;-1.525113;-2.606793;-0.365506;0.336946;0.731717
0.441270;-2.177641;-2.140498;0.047792;-2.805173;-2.617880;0.101143;-0.127833;0.477567;1.357410
-0.459761;-2.283307;-2.154114;-1.330161;-2.726523;-1.651969;-1.187653;-0.745193;-1.715930;2.317524
1.586336;-4.454879;-2.893431;0.540547;-0.573494;0.418786;-4.223234;-0.244800;-1.447670;1.209319
-3.002967;-3.288375;-0.950290;1.525632;2.100793;-2.065783;-1.572231;0.479731;0.194873;1.461357
-4.237571;1.687472;-1.729971;2.939621;1.199535;-2.258364;0.010055;-0.045739;1.721880;0.660347
6.453355;1.624969;3.764230;3.411115;1.285225;0.020215;-3.136114;-2.714229;0.196452;4.110645
5.315455;-0.240991;2.523289;0.792926;-1.957183;2.579828;-2.220235;-2.691400;-1.750908;4.689270
-2.289748;-1.196159;0.915502;-0.866582;-3.221288;0.183393;-4.250334;-2.090689;-2.170807;1.220719
4.771918;-1.994830;-0.212733;1.474242;-0.065983;-1.493213;-2.877186;-2.215532;-4.391440;1.783386
4.293695;1.541829;-1.803786;3.688857;1.654394;-2.202913;-4.260010;0.216603;-4.319584;1.496801
-6.737871;2.372865;-1.639002;2.563863;1.513296;-1.199859;-0.408380;0.541415;0.259447;0.150181
-4.805155;1.774842;1.574325;0.649532;-0.271248;-0.239146;-1.963998;-1.074716;0.433680;-0.221476
5.609172;-0.329360;-4.237584;1.190409;-2.896749;-3.083801;-2.141459;-0.771058;0.443030;0.686218
6.017590;-1.701808;-5.043895;-0.149614;-2.304586;-4.300767;-0.181174;-1.006527;-0.199139;0.610612
-5.590538;-0.341697;1.229674;0.337724;-0.391721;-1.414769;-0.218398;-1.837944;0.552829;1.411484
-0.446840;-1.644285;-2.586081;0.491978;-0.566113;-0.547789;-1.304901;-0.514022;-1.076968;2.759788
3.821712;0.404593;-2.277113;1.738869;0.153462;2.985969;-0.171843;-3.836916;-1.561144;2.178792
-0.873944;4.619662;0.164061;2.437603;1.184416;0.446828;-0.160592;-0.680331;-1.203068;3.986540
-2.885490;4.731712;-0.184280;5.869979;4.529365;-4.019328;1.157683;0.612665;2.258873;-0.321284
5.600723;5.902168;-1.042104;4.555600;1.301964;0.655687;-1.393945;-3.061601;1.316841;-0.154294
5.384447;4.405656;-0.171065;3.569611;-1.331927;4.514952;-1.907198;-4.657401;-0.638283;0.780500
-3.165902;1.840783;0.056321;0.625350;-2.029466;2.366887;0.967003;-2.517883;-1.649562;0.282779
-2.638548;-1.390645;2.045470;-0.449551;0.722112;-3.978047;-2.993233;-1.397807;-2.177723;1.262929
5.074323;0.571773;-2.690902;1.321896;1.314544;-2.860782;-4.987131;-1.041158;-2.429821;2.322227
2.658412;2.828249;-5.478999;3.671409;2.110877;-0.609775;-0.272252;-0.602400;0.520326;3.563788
-4.050037;5.472337;-0.307516;0.780942;0.712075;1.281694;0.734356;1.239137;0.496325;2.909337
-0.700482;4.943179;-3.212159;-0.852176;0.416846;2.373530;-0.145583;1.525228;0.197376;1.160740
-0.374929;2.454760;-2.653704;-1.099782;2.936360;2.637202;-2.067301;1.660678;-1.483274;0.612277
-1.693521;4.657011;-1.611100;2.891587;3.151709;-1.178476;0.103925;-0.153192;0.440959;0.956177
-4.172899;5.369605;-2.026507;3.704296;1.661080;0.026463;-0.253940;-0.183228;3.773539;0.939108
