-1.148443;-1.069547;0.085999;-0.747093;3.472886;1.753181
-1.152584;-0.114819;0.080548;0.434746;3.376810;1.085677
-1.073150;-0.289937;0.154806;1.043340;2.904803;1.250671
-1.078585;-0.620324;-0.039097;0.205736;4.004796;1.791054
-1.210299;-0.055851;-0.101958;-0.084788;4.993616;1.688960
0.033401;-2.343631;0.291971;-0.420779;-0.089321;1.171113
0.138776;-2.261469;0.324319;-0.299568;-0.974213;1.320712
-0.941524;-0.266727;-0.046129;0.336206;3.937192;0.991449
-0.915660;-0.486059;-0.071318;-0.087629;2.139843;-0.438176
-1.298060;1.717889;-0.087080;0.254007;0.805290;0.552008
-1.408711;1.463388;-0.129542;0.403265;3.510138;1.582875
-1.500585;0.744297;-0.110292;0.025295;5.069931;1.839585
-1.431659;0.114172;0.009396;-0.091160;5.076548;1.746655
-1.447100;0.518216;-0.035338;-0.100056;5.165306;2.127195
-1.355077;0.238010;0.042226;0.327389;5.568384;1.832837
-1.460123;0.564095;-0.043155;-0.104640;4.673112;1.953949
-1.539273;0.813145;-0.206943;-0.763460;4.607917;3.087563
-1.475406;0.774435;0.044267;0.202496;3.575146;1.752288
-1.436938;0.907739;0.162271;0.958826;3.840632;2.054537
-1.396074;0.353486;0.057031;0.677521;5.378513;1.524029
0.001343;-7.477986;1.198582;1.366138;3.519544;6.051508
0.943809;-4.890886;-0.198908;-0.886907;3.296004;1.156171
0.956360;-4.738150;-0.335654;-0.830603;3.336438;0.778276
-0.709334;-2.317762;0.024242;-1.566545;2.973481;0.266990
-0.945203;-1.331750;0.379322;-1.046723;2.298978;1.290206
-1.080307;-0.591379;0.237769;-0.371450;3.367165;1.555882
-1.402882;0.090861;0.100163;0.124050;4.367758;1.014929
-1.149228;-0.644445;0.240326;0.484041;4.366001;1.452251
-1.215906;-1.109576;0.108711;0.124884;4.949361;0.945908
-0.767358;-0.738930;0.198019;-0.371698;1.434916;0.857910
-0.630458;-0.775998;0.194941;-0.167783;1.228470;0.513250
-1.332708;-0.583713;0.126537;0.108871;3.975467;-0.526202
-1.445323;0.657112;0.071153;0.321100;3.878105;1.578350
-1.565206;1.013961;-0.023497;0.055595;4.037966;2.769254
-1.501869;0.583179;0.017171;0.186711;3.834597;1.729802
-0.936026;-1.643389;0.048374;-0.865460;2.642080;-0.100693
-0.813799;-1.729026;-0.114707;-1.535608;2.107008;-0.402660
-1.217803;-1.014752;-0.017038;-1.043395;3.385381;1.222985
-1.426849;-0.215466;0.081626;-1.253704;2.906218;2.899407
-1.257071;-0.866393;0.175415;-0.093445;2.883250;1.901957
-1.043693;-1.599884;0.272325;0.340008;3.628203;0.678358
0.231912;-5.010829;0.280356;-1.312301;1.981704;2.389898
0.175218;-5.034227;0.306236;-1.321018;1.346007;1.873633
-1.245999;-0.070051;0.218733;0.069604;3.086868;1.682199
-0.442675;-2.030656;0.639144;0.610110;0.147352;4.100045
-0.369550;-2.732223;0.362672;-0.335971;0.546685;2.057786
-1.323932;-0.681155;-0.097684;-0.824554;2.598649;-0.549556
-0.942449;-1.431179;0.283299;0.572860;4.320524;1.100522
-1.008655;-1.872731;0.264692;0.756232;5.292148;0.712774
-1.509833;-0.295246;-0.270286;-0.548078;5.086942;-0.415454
-1.594763;-0.085521;-0.296256;-0.340028;6.187065;0.248884
-1.455555;0.383354;-0.176897;0.170955;3.718208;-1.185966
-1.239142;-0.047051;0.023303;-0.302925;2.419025;0.132053
4.916432;-7.152454;1.711226;1.979415;-2.348374;4.299012
5.530088;-5.570838;0.709022;2.140563;-2.356627;2.888337
1.148167;-4.001479;-0.409816;-0.436429;0.861713;-1.832322
0.357361;-4.053292;-0.153705;0.129484;2.336193;-0.842225
-0.833113;-1.117898;-0.121026;-0.246103;3.451546;-0.228188
-1.134962;-0.845610;-0.188269;-0.568077;4.262338;-0.945203
-1.333843;-0.066292;0.008381;-0.033176;4.092316;0.736475
-1.161854;-0.484911;-0.035458;-0.131539;3.845589;0.188456
-0.553682;-2.859609;0.196012;-1.102324;2.645211;0.402259
0.127612;-3.730996;0.265953;-1.082527;1.623065;1.222053
0.074778;-4.278614;0.386220;0.053228;3.906570;1.347045
-0.850285;-1.986032;0.358670;0.221131;4.824949;0.686793
-1.346437;0.525041;0.057800;0.422508;4.315686;1.610397
-1.204539;0.240976;-0.012429;0.052251;3.232705;0.727629
-1.323842;-0.230088;-0.125050;-0.209122;4.220523;-0.315405
-1.216916;0.558694;0.105409;1.029055;3.990839;1.507815
-1.213072;-0.651295;-0.017224;0.093261;4.310276;0.484487
-1.462301;-0.180589;-0.191071;-0.557076;4.295559;0.502408
-1.514096;1.314157;-0.153555;-0.014191;3.779613;2.717773
-1.429516;0.304406;-0.158727;0.029636;4.175757;-0.134921
-1.432111;-0.050365;-0.104474;-0.111359;4.664076;0.128235
-1.427681;0.978009;-0.051616;0.344051;4.135658;2.136676
-1.345723;0.010202;-0.037029;0.017144;3.843046;-0.455795
-1.432981;0.272871;-0.088304;-0.197043;4.178762;0.059918
-1.563113;1.117530;-0.147106;-0.501793;4.208033;2.390301
-1.353106;-0.060490;-0.128172;-0.283695;4.359989;-0.254533
-1.247322;-0.263856;-0.027932;-0.174268;4.111776;-0.143948
0.319506;-2.983820;0.904908;0.262324;1.732860;0.893461
1.455314;-4.309186;0.267718;0.406058;0.200101;-0.904306
0.387937;-3.780365;0.304255;-0.084697;0.857252;1.798157
-0.111570;-1.232354;0.392517;-0.019479;1.617363;2.340818
-0.130261;-2.643596;-0.060418;-0.638598;2.950663;-0.940207
1.633139;-7.289759;0.587491;0.886458;1.158303;2.590105
1.524411;-7.446363;0.357758;0.690808;2.429352;1.975322
-0.625545;-1.776068;0.174852;-0.378244;3.760245;1.208488
-1.256282;-0.155697;-0.149550;-0.225840;3.795094;0.236170
-1.233820;-2.109302;-0.178369;0.142338;6.768175;-2.161638
-1.341976;0.102001;-0.064296;0.412700;5.335706;0.186346
-1.492481;1.483159;-0.180222;-0.109435;3.660049;2.832952
-1.128767;-0.498165;0.096404;0.350157;2.588421;-1.219369
-1.066790;-0.483661;0.089277;0.137202;2.839612;-0.821912
-1.354805;0.764804;0.025646;-0.042624;3.044225;2.209313
-1.524706;1.102285;-0.108942;-0.419623;2.680155;1.711577
-0.493874;-2.884862;0.338290;0.033800;2.786279;-1.436136
0.671877;-8.212200;2.443609;2.647298;4.548146;8.026949
1.885123;-11.158957;3.596882;5.442491;3.447201;15.806714
0.670781;-6.408681;1.592798;2.540492;2.462700;7.369885
-1.455615;0.313462;-0.156049;-0.141339;4.739326;1.026589
-1.305750;0.094985;-0.138555;-0.017314;5.348754;0.947629
-1.301270;-0.587429;-0.207705;-0.504166;4.911848;-0.779896
-1.144473;-0.171516;-0.059664;-0.443991;3.274266;0.523932
-1.082420;-0.354411;-0.027877;-0.117816;2.630269;1.130181
-1.217996;-0.798518;-0.086464;-0.131428;3.787755;-0.115175
-1.372000;0.689430;-0.131683;-0.342105;3.885027;1.933000
-1.356817;0.177368;0.013914;0.160161;4.791954;1.755707
-1.356764;0.347349;-0.141997;0.421046;3.951772;-0.779497
-1.431129;0.467865;0.003387;0.076781;3.527018;0.970856
-0.470174;-4.471056;0.802471;0.540564;3.300938;1.235930
9.640778;-7.688817;5.896771;3.217660;-0.722439;3.663177
3.463710;-3.699019;-0.555877;1.982583;-0.807257;1.677722
4.223760;-2.836955;-2.056896;0.749653;0.222767;-2.243571
2.748241;-2.945643;-1.310593;0.198410;0.613301;-3.130498
1.761111;-1.921025;0.136478;3.119707;1.248184;0.304452
2.050620;-2.143665;-0.193378;1.523892;1.697902;0.193333
2.780054;-2.855732;-1.430207;0.844723;1.293643;-1.383001
1.665013;-4.221035;-1.149185;0.695610;2.185781;-3.584272
-0.169073;-0.295466;0.286839;2.295522;3.293588;-1.287995
0.268914;-2.032024;-0.072911;2.839341;3.990993;-0.623671
1.401112;-3.908766;-0.270181;2.759665;2.874428;0.264161
1.516077;-3.202331;-0.046537;3.897865;1.879265;-0.749496
-0.214680;1.558950;0.337039;2.774567;2.628101;-2.402321
-0.942956;1.895144;-0.327154;2.519316;4.169677;-1.657846
-0.108033;-0.602466;0.160721;3.958688;4.170711;-0.637750
-0.239136;0.537544;0.250084;5.238985;3.502988;0.474985
-0.857225;2.353026;-0.281457;2.878347;3.268176;-1.916012
-0.263765;0.980331;-0.012095;2.567596;1.971002;-2.155290
0.152966;-1.078958;0.030109;1.414187;3.071056;-2.686022
0.260294;-0.059490;0.283379;2.349507;3.621520;-2.196515
0.405904;-0.897737;0.366310;2.494772;3.622650;-2.124273
10.421897;-8.646303;6.713178;5.986602;2.489821;1.538683
11.405016;-8.827538;5.750355;6.476854;0.163813;0.444462
3.283318;-3.054222;0.907682;2.278092;-0.440896;-0.056052
3.027447;-2.631738;0.312804;2.581768;0.018749;-0.387826
1.408777;-1.748095;-0.313706;0.841055;1.361772;-0.511086
1.606636;-1.832967;-0.547766;0.189275;0.649823;-0.837842
1.131507;-1.439410;-0.317490;1.233910;1.475144;-1.042310
0.440102;-0.828874;0.250432;3.074216;3.096808;-1.162227
1.141253;-2.021245;-0.594103;0.504817;0.893507;-1.389778
0.783710;-1.777462;-0.819133;-0.772651;0.785417;-2.402856
-0.105856;-0.600728;-0.322476;0.177446;2.976626;-2.304543
-0.581648;0.913603;-0.182615;1.785828;2.989827;-2.469349
0.259161;-0.700399;0.212671;2.422044;3.591986;-1.791760
0.328833;-1.358218;-0.234568;1.092599;4.607543;-1.988352
-0.539582;0.753507;-0.510522;0.823081;3.747364;-1.595377
-0.448338;1.162558;-0.028425;3.023456;3.575493;0.383252
0.062096;0.258415;0.156150;3.043583;3.348709;-1.402109
0.078377;0.584547;-0.246190;1.953474;2.994245;-2.788016
-0.221795;0.343820;-0.204633;1.330956;2.693239;-1.641885
-0.474022;-0.580691;-0.270934;1.003852;4.348230;-1.656277
-0.676490;1.771223;-0.191040;2.256986;2.913702;-1.837899
-0.903491;4.047826;-0.122722;3.484349;1.631574;-0.371564
-0.715696;2.037400;-0.123210;2.243283;3.128291;-1.225059
-0.711227;2.121221;-0.129694;2.284194;2.990794;-1.219109
-0.764200;1.351850;-0.188608;2.331834;4.307450;-1.028344
-0.656627;1.575163;-0.255350;2.227831;3.472487;-1.765628
-0.794693;2.227566;-0.349976;2.306794;3.604892;-1.689159
-0.791359;2.695736;-0.285888;2.612525;3.093924;-1.458434
-0.365603;0.891920;0.273420;3.066485;3.150470;-1.792162
0.096432;-1.402723;0.029414;1.874448;4.108686;-2.856126
0.152251;-0.565475;-0.220020;0.905291;2.065330;-1.106164
0.699766;-2.272068;0.041265;1.545725;2.456587;-2.214502
0.730311;-1.881036;-0.151096;2.002794;4.016682;-3.324451
0.518678;-0.337191;0.008647;1.938471;1.859241;-0.994380
1.503039;-2.186055;-0.701339;-0.284799;0.450221;-2.224485
1.371693;-3.132921;-0.638082;-0.002504;1.308363;-2.101197
1.218688;-3.681239;0.711746;5.477145;4.464824;1.531993
1.140813;-3.507998;0.990613;5.937881;3.198504;1.570674
-0.662389;2.373191;-0.074638;2.900098;2.693987;-0.239332
0.155471;-1.729845;0.143779;2.069450;4.682070;-0.992934
0.820510;-1.905512;-0.089571;1.636934;4.032377;-0.854268
6.566620;-6.797638;0.022204;3.643087;1.302187;2.627875
9.895109;-6.750393;-2.497657;3.057747;-1.981053;-0.891235
7.449388;-8.319918;-2.130610;3.084004;-1.602897;0.957087
6.984827;-5.606712;2.031171;3.928023;0.218856;-0.233185
12.048404;-9.635246;-1.352341;5.770415;-0.863681;2.161771
8.780192;-12.127126;-1.288747;6.793089;-0.735553;2.543261
-0.917626;2.443079;-0.212276;2.581768;3.721693;-0.292127
-0.742189;1.552322;-0.241229;2.049205;3.809048;-1.387670
0.334734;-1.405530;0.844937;5.494035;2.852363;2.340726
0.259037;-1.441325;1.169884;7.374744;3.379283;4.139202
-0.759185;1.245175;-0.029529;2.826010;4.033448;-0.830660
-0.667143;1.672786;-0.081241;2.817773;3.409073;-0.918452
-1.006953;2.819938;-0.383984;2.935353;3.890212;-0.911696
-1.033639;3.078607;-0.410903;2.658784;3.257520;-1.369358
-0.535173;1.604631;-0.104692;2.868908;3.699120;-1.138606
0.123725;-2.072950;-0.466845;0.275002;3.313888;-1.854563
0.900095;-1.021243;-0.285192;-0.164644;0.910299;-1.996101
1.047673;-1.961439;-0.676756;-0.398935;0.972930;-3.070970
0.093774;-2.580398;-0.362878;0.506495;1.245842;-2.028973
-0.847529;2.345308;-0.105776;2.503334;3.254688;-0.794425
-0.587219;0.785997;-0.088506;2.287168;4.061235;-2.139866
-0.625972;0.784656;-0.188573;2.587940;4.274929;-1.443598
-0.337037;-0.077813;-0.202187;2.118037;3.804823;-2.470517
0.067831;-0.047921;-0.311702;1.426880;2.783667;-2.460058
0.002675;0.289585;-0.348578;1.246992;3.261843;-1.328508
-0.452462;1.468877;0.117157;3.003203;3.559510;0.575539
-0.752815;2.295442;-0.126653;2.875287;3.530077;-0.699439
-0.180356;0.186768;0.241312;3.059815;3.831078;-1.270555
0.048893;-0.952638;0.086216;2.874502;4.642077;-1.957484
-0.219183;0.657424;-0.262563;2.017043;3.031534;-1.288412
-0.192244;1.188466;0.110156;2.574471;1.408679;-1.968149
-0.629773;1.152671;0.068847;2.971651;4.173019;-1.178481
-0.963822;1.321762;-0.369106;1.646677;4.985852;-0.527396
-0.755080;2.101391;-0.008614;3.171248;3.012077;-0.386949
-0.885824;3.498998;0.116299;4.468984;2.502532;0.693744
-1.034204;1.684977;-0.287238;2.133669;4.864836;-1.395479
-0.957618;2.713919;-0.257743;2.446146;2.861985;-1.753364
-0.985859;3.897791;-0.137048;3.529670;1.984795;-0.526336
-0.870309;1.832362;-0.185630;2.769749;3.905585;-1.511013
-0.804442;2.481218;-0.206780;3.013175;2.750594;-1.861142
-1.021881;3.713216;-0.294982;2.999041;2.787569;-0.576781
-0.795367;1.851337;-0.071719;2.320152;3.628739;-0.772952
-0.876960;2.946035;-0.037877;3.014076;2.650054;-0.248297
-1.143565;3.186976;-0.363532;2.675209;3.278208;-0.699035
-0.814566;1.945390;-0.106914;2.588944;3.159303;-0.849370
-0.864644;3.344546;0.195994;4.060998;2.079690;0.802845
0.019138;-2.457659;0.731812;4.303147;5.193886;-1.301714
25.127972;-11.044042;0.559095;8.186088;-6.757158;-1.619935
39.053627;-11.060528;-6.092930;8.720707;-10.842336;-3.876742
-0.865458;-2.143979;0.090498;-1.708501;3.061269;2.306630
-1.032172;-2.244122;-0.199270;-2.351773;3.100363;0.731803
-0.894094;-1.067557;-0.283678;-1.843449;1.130538;0.315972
-0.848746;1.336563;-0.021406;0.087799;-0.484686;1.419236
-1.088751;1.262766;-0.106261;-0.198224;0.286144;0.629303
-1.109512;-0.825968;-0.037068;-1.979993;0.954330;2.267086
-0.942187;-0.507744;-0.112867;-0.708604;1.323329;0.181041
-0.895879;-1.800801;0.015310;-1.509536;1.465665;-0.452401
-1.123320;-2.419379;-0.300883;-2.892162;3.729870;0.233658
-1.014895;-1.831807;-0.403567;-1.398792;5.205193;0.089982
-0.798271;-0.920465;-0.385001;-1.020052;1.951626;-1.532535
-0.974953;0.616493;-0.124796;0.350072;0.902527;-0.356991
-1.190459;-0.810340;-0.212342;-2.248027;0.213244;0.876180
-1.189248;-2.048316;-0.277716;-2.674340;2.020725;-0.174503
-0.800965;-2.397919;-0.008148;-1.499270;1.832610;-0.469444
-0.875257;-2.119555;0.036106;-1.446825;1.343884;0.893315
-1.248625;-0.768831;-0.080809;-2.099710;0.319899;1.554054
-1.044261;-0.438713;-0.145000;-0.755663;2.426646;0.070605
-0.984155;-0.609660;-0.202071;-0.011000;2.789794;-1.604790
-1.243541;0.523181;-0.053273;0.014812;1.505052;-0.393922
-1.064930;-1.820421;-0.128525;-1.722022;2.064771;-1.082958
-1.024731;-0.868029;-0.396051;-1.001625;1.979755;-2.260133
-1.069811;-0.198663;0.113830;-0.342390;0.651011;0.189672
-0.921176;-0.973453;-0.037279;-1.200312;1.443743;0.373378
-0.753523;-2.154561;-0.171850;-0.874329;3.538958;-1.064170
-0.880300;-1.122227;-0.094198;-0.170018;2.963004;-1.443135
-1.303932;2.381352;-0.085762;1.081242;0.380398;0.084948
-0.851581;-0.793919;-0.302509;-0.228378;2.788482;-0.653722
-0.564534;-1.274158;-0.393702;0.223268;2.948279;-2.587987
-0.661006;-1.390266;0.009095;-0.402448;1.778615;-1.372418
-0.841817;-1.999096;-0.252415;-1.573183;2.031915;-0.539544
-0.740091;-2.290477;-0.158739;-1.790910;2.920955;-0.339457
-0.642172;-0.566658;0.076054;-0.529351;0.553895;-0.679171
-0.828509;0.582142;0.056954;0.552797;1.094622;-0.578909
-0.845496;-1.777363;-0.292454;-1.894992;2.324818;-0.578553
-0.620774;-0.407704;-0.383992;0.192725;1.417474;-1.245588
-0.835220;-0.052511;-0.001754;0.081506;1.155262;1.374730
-1.256573;1.155837;-0.129867;0.125082;1.147472;0.834908
-1.110257;-1.204746;-0.338768;-1.765157;3.409134;-0.314780
-0.948246;-1.173457;-0.528077;-1.320174;3.548578;-1.504956
-1.050330;-0.839332;-0.206997;-1.538358;2.331681;0.418777
-1.205032;-0.387310;-0.274383;-2.064069;1.347562;1.319324
-0.834724;-2.041064;-0.090898;-0.987834;3.530519;0.125586
-0.663548;-1.748988;-0.123887;-0.886416;2.191385;-0.286690
-1.049008;1.196127;0.083065;0.457513;0.440017;0.442952
-1.249619;0.852443;-0.143175;-1.247615;0.306745;1.498859
-1.149738;-0.937938;-0.278968;-1.741395;2.370790;0.179034
-1.114681;-0.743764;-0.174664;-0.901721;2.534420;-1.045382
-1.064234;0.253363;-0.037647;-0.187793;1.413322;1.290561
-1.002261;-0.696834;-0.157608;-1.436525;1.581412;1.493764
-0.890058;-1.719930;-0.146874;-1.044693;2.997323;-0.523211
-1.030789;-1.441543;0.170772;-1.045110;1.947361;0.783917
-1.384528;0.231663;0.008541;-1.639150;0.593967;3.059358
-1.196262;-1.034822;-0.294933;-1.186169;3.310650;-0.650887
-1.086815;-0.712222;-0.319438;-0.791666;2.743348;-1.612790
-1.124160;0.993169;0.013971;0.480124;0.934838;0.225962
-1.091471;-1.183043;-0.079353;-1.244288;2.112837;0.650472
-1.129345;-1.321223;-0.306737;-1.685284;3.248875;-0.118245
-1.083425;0.058964;-0.037867;-0.628344;0.997820;0.025155
-1.265064;1.608071;0.181431;0.784074;0.083465;1.615182
-1.260915;-0.628819;-0.222767;-1.660007;1.428205;1.244716
-1.143620;-0.945091;-0.414608;-1.959489;2.242303;-0.849182
-1.281949;-0.173644;-0.159194;-1.673003;0.949590;0.747259
-1.245586;-0.473301;-0.022387;-1.676924;1.156416;2.282091
-1.040863;-0.852231;-0.441073;-1.693178;2.997869;-0.352657
-1.096340;-0.841525;-0.506416;-1.079534;3.399873;-1.661935
-1.207196;1.257132;0.019770;0.641680;1.066861;-0.311049
-1.069791;-0.089300;-0.032775;-0.499186;1.015075;-0.437070
-0.890042;-1.524869;-0.302159;-1.286768;2.412668;-0.613616
-0.878139;-0.574026;-0.119890;-0.455991;1.278781;-0.725412
-1.114966;0.094122;-0.129633;-0.639945;1.321101;0.218082
-1.054362;-1.226510;-0.308914;-1.748546;2.503707;-0.547403
-1.051954;-0.289475;-0.355533;-0.466811;2.281035;-2.267234
-1.037843;1.109688;0.145581;0.617284;0.144190;0.077442
-1.030014;1.080121;-0.021663;0.263373;0.198958;0.529141
-1.053669;-1.213506;-0.358786;-0.938839;3.103353;-1.171095
-0.985442;-1.000501;-0.276521;-0.212928;2.966447;-2.498385
-1.159966;1.245691;-0.027516;0.685340;0.869951;-0.544592
-1.010994;-0.336617;-0.244508;-0.620764;2.006199;-0.952795
-0.910259;-1.310496;-0.437110;-1.063451;3.025985;-2.145339
-0.952347;-0.304346;-0.068661;-0.534665;1.696871;-0.847922
-1.113270;1.139566;0.191802;1.004475;1.211642;1.214802
-1.046797;-1.203971;-0.434794;-1.286883;3.132737;-1.397034
-0.955925;-1.279516;-0.465028;-0.943685;3.342300;-2.606697
-1.043261;0.572586;0.118259;0.764590;2.262946;-0.151195
-0.961059;-1.941849;0.029446;-1.544172;3.215272;0.980239
-1.172411;-1.036902;-0.407188;-1.318721;3.325831;-1.122688
-1.189942;-0.230946;-0.142333;-0.637287;2.341735;-0.682557
-0.730649;-1.614066;0.694676;0.408490;1.693362;-0.074978
0.037814;-2.266351;0.120575;0.433263;2.167159;-1.580856
-0.196854;-1.006497;0.355688;1.729658;1.684179;-2.076354
-1.040588;1.976640;0.155443;1.064165;-0.280813;-0.168443
-1.191774;-1.131801;-0.097776;-2.549508;0.290083;1.357384
-1.068919;-2.004124;-0.090293;-2.742150;1.364786;0.083509
-1.052217;-2.031500;-0.094554;-1.737448;3.491508;-1.045750
-1.003707;-0.341670;0.003671;-0.171005;2.395419;-1.028737
-1.379638;1.288140;-0.267715;-1.093541;0.700534;1.616456
-1.187713;-1.305086;-0.145671;-1.936017;2.279859;0.150892
-1.015649;-1.875665;-0.237596;-1.197672;3.943797;-1.151341
-1.112641;-0.038949;0.064550;-0.320915;1.736319;0.461336
-1.326536;1.474626;-0.055580;-0.186328;0.565186;1.272634
-1.173350;-1.475710;-0.290377;-1.643523;4.483704;0.151306
-1.076761;-0.791525;-0.329882;-0.574014;3.295608;-1.291889
-1.189332;0.913691;0.102413;-0.057145;0.996305;1.368729
-1.222598;0.699893;-0.024974;-0.547507;0.558055;1.056733
-0.986958;-0.914046;-0.372749;-0.328763;3.466825;-1.464408
-0.731728;-0.708288;-0.203409;0.413555;2.586032;-2.074765
-1.124854;1.694072;0.340690;2.299780;1.017331;0.178858
1.555740;-13.482843;3.888340;8.831118;5.085335;10.253371
7.969003;-9.617815;3.654644;5.846054;-1.006934;-0.007585
-0.652907;-0.362018;-0.259340;-1.858657;-1.225564;-0.980956
-0.979277;1.296639;-0.070876;-0.482542;-0.848448;-0.245766
-0.273634;-2.059999;-0.055596;-0.557607;0.603314;-1.285648
-0.255081;-2.299155;-0.239208;-1.474798;0.272946;-0.959662
-0.742312;-1.507210;0.010839;-1.038178;2.463926;0.339526
-0.901987;-0.063258;-0.164415;-1.331580;0.378590;-0.736352
-0.684046;1.398591;0.100282;0.232112;-1.927783;-0.927639
-0.160341;-0.623000;-0.044773;-1.160460;-1.775842;-1.052685
0.691131;0.522882;-0.146588;-1.068656;-2.517977;-0.406501
0.508180;-0.500517;0.210655;-1.229309;-2.372825;-1.304971
-1.108889;1.190075;-0.293971;-0.104004;0.887281;-0.261356
0.303101;-2.532053;0.055913;1.981481;-1.180783;-1.129454
0.601131;-1.092488;-0.194926;1.028384;-1.603857;-1.524640
0.105372;-1.162063;0.347334;0.925255;-2.059159;0.874864
-0.802886;0.165865;-0.176215;-1.077941;-1.624947;-1.101920
0.634265;-3.284984;0.556777;0.631601;-0.732881;-0.795385
2.311586;-3.646063;1.580843;1.199469;-1.837923;-1.483729
1.529800;-3.217829;1.473078;0.945462;-0.848781;-1.435355
-0.313239;0.644995;0.050812;1.132245;-1.384749;0.481526
-0.094528;1.109350;0.218961;1.459877;-2.211715;0.567247
-0.469884;1.566879;-0.119158;-0.704655;-2.613049;-1.380324
-0.820773;-1.254910;-0.331898;-1.895015;-0.194963;-1.950083
-0.787350;0.374932;-0.314386;-2.012721;-1.935685;-0.628756
-0.636678;1.113528;-0.152836;-0.994691;-1.797962;-0.698110
-0.738981;-0.804688;-0.147658;-1.191476;0.486588;-1.023210
-0.754744;-0.127759;0.047042;-0.050109;-1.018502;-0.141929
-0.775330;0.730110;0.061396;0.196852;-1.520252;0.583098
-0.950096;0.695843;-0.172357;-0.890271;-0.468887;0.161525
-0.603920;1.487475;0.052583;-0.198197;-1.377621;-0.319835
-0.547566;0.289080;-0.046645;-1.032721;-1.608383;-1.229873
-1.272250;0.400114;-0.203145;-1.315848;0.160525;0.102620
-0.416315;-1.422282;0.123902;-0.996228;0.155073;-0.764666
-0.255674;-2.015671;0.001425;-1.306738;0.571134;-1.841562
-0.057218;-2.517510;0.031029;-1.194541;0.199997;-0.726145
0.045163;-1.028872;0.005941;-0.856978;-1.213421;-0.617593
-0.608001;-0.061733;-0.225934;-1.659601;-1.419497;0.495940
-0.740113;-0.734962;-0.108257;-1.418464;-0.575937;0.658303
-0.589739;-0.102019;0.050952;-1.061704;-1.463463;0.043466
-0.582366;-0.056013;-0.102415;-0.441468;-0.596869;-1.444577
-0.553644;0.934973;-0.125815;0.062940;-1.300310;-1.119496
0.035326;-0.183206;1.107993;0.888496;-3.346532;3.720270
-0.139929;-3.035187;0.068249;-3.228449;-1.864495;2.051130
-0.763243;-1.732852;-0.329188;-1.935841;0.754628;-0.653312
-0.457143;1.227698;-0.094770;-0.519435;-1.983172;-0.480945
-0.265739;0.573404;-0.231921;-0.705571;-1.953470;-1.849540
-0.287244;-0.997235;-0.153693;0.709031;-0.537558;-2.184340
-0.313543;-0.602371;-0.103548;0.816264;-0.592878;-1.967797
-0.687498;-1.412238;-0.331433;-1.678260;0.521922;-0.652483
-0.455907;-0.857776;-0.236386;-1.597214;-0.772187;-1.542126
-0.617339;0.297357;-0.113842;-1.857011;-2.106463;-0.234888
-0.971960;0.023351;-0.393693;-2.214750;-1.062571;-0.025846
-0.937822;0.423608;-0.276269;-1.878823;-1.244129;-0.390793
-0.974582;1.023603;-0.232223;-1.317926;-1.554945;-0.154007
-1.049662;0.536845;0.003374;-0.380729;-0.207742;-0.129677
-0.898617;0.492059;-0.125200;-0.889115;-0.920893;-0.740507
-0.448617;-2.634843;0.437996;1.465922;-1.023673;1.384718
2.094656;-5.063601;1.631037;4.312166;-2.048554;-0.129999
2.744707;-5.944299;1.578605;3.095981;-2.675403;-0.722289
0.983695;-4.237822;1.042975;0.509814;-1.238104;-1.027669
-0.235755;-1.018993;0.176734;-1.217470;-1.271696;-0.708883
-0.166585;-1.478038;0.092960;-0.998212;-0.260234;-2.450920
-0.476454;-1.884395;-0.181729;-0.959994;1.019776;-2.078588
-0.583931;-0.131860;0.218776;0.590991;0.132718;0.545748
-0.797826;-0.297911;0.003884;-1.335611;-0.722648;0.057062
-0.885667;-0.621815;-0.086859;-1.450994;-0.220389;-0.114916
-0.739053;0.527253;0.037480;-0.499109;-0.663440;-0.800311
-0.844665;-0.289766;-0.234484;-1.569350;-0.627281;-1.480627
-0.847605;-1.282257;-0.278895;-1.430740;0.290618;-1.180331
-0.715504;-0.800498;-0.112948;-1.138578;0.125237;-0.628319
-0.882574;-0.841981;-0.089724;-0.981893;1.331793;-1.262429
-1.150442;0.555946;-0.152694;-0.629492;0.510653;-0.494017
-0.947067;1.433453;0.062184;-0.177084;-1.134686;0.003790
-0.798622;0.189609;-0.132915;-1.395303;-0.907267;-0.178738
-0.811708;-0.812655;-0.126614;-0.900768;0.259507;0.077007
-0.787641;-0.138263;0.004119;-0.452755;-0.182755;-0.134568
-0.814378;0.602721;-0.082795;-1.103338;-1.082685;0.197938
1.694519;-8.218718;1.855866;3.755811;-0.851594;2.994192
2.668383;-6.307244;1.590136;2.892344;-0.637628;0.303587
5.098907;-5.456353;1.236760;3.196761;-1.550008;-1.408574
7.692002;-7.378904;2.091408;3.717933;-1.417186;-1.802746
5.715671;-8.769379;2.556434;5.153296;-1.142669;-0.052304
0.193910;-0.472476;-0.286470;-1.385986;-1.327591;-0.798262
-0.332806;-2.147723;-0.249262;-1.329855;0.603080;-0.732474
0.159616;-4.598620;0.521580;1.281730;0.038225;2.433564
5.393004;-6.229614;2.461747;2.775718;-1.246710;-2.059113
9.074750;-6.378962;0.871238;3.289644;-2.365931;-3.147660
5.995923;-5.987954;0.790533;3.047775;-2.324911;-2.331174
1.221369;-2.140861;0.682284;0.953425;-0.621329;-2.246263
3.433818;-9.854872;1.693010;4.897393;-2.470011;2.797892
9.415920;-8.918443;4.513619;5.946470;-3.524406;-1.758330
9.763908;-11.027085;4.721282;6.722475;-3.868867;-2.398914
-0.340604;-2.021391;-0.256413;-1.564737;-0.554429;-2.526527
-0.656916;-0.768518;-0.081981;-1.545928;-1.008540;0.216991
-0.098496;-2.114781;-0.004156;-0.820016;-0.652487;-1.411285
0.976451;-2.611050;-0.196510;-1.344725;-1.185647;-1.823187
1.163248;-2.238960;-0.413767;-1.399239;-0.472579;-2.357202
0.289214;-2.551343;-0.229663;-1.595454;0.135407;-1.967264
0.296240;-2.257679;0.017497;-0.393404;-0.323819;-0.732106
0.420692;-1.793989;-0.148597;0.078082;0.627950;-2.539331
1.130835;-3.643344;0.380187;0.867728;1.149449;-2.559550
1.264882;-3.959585;0.139707;0.153958;0.056344;-4.002492
0.988048;-2.490301;0.053773;-0.877987;-0.697088;-2.385266
3.479131;-6.218772;0.739789;3.127938;-2.119393;-0.957472
3.062029;-6.793832;0.568157;3.117513;-1.446667;-1.647767
0.496978;-2.700622;0.117393;-0.382551;0.256664;-3.105932
0.114213;-2.844405;0.411441;-1.097457;-0.011798;-2.188780
-0.721556;-2.633097;0.530453;-0.754511;3.128582;0.201222
-1.010644;-0.181485;-0.110883;-0.974834;1.392192;-0.959941
-0.470778;-0.834749;-0.052265;-0.638175;0.348601;-2.017118
0.225955;-1.867166;-0.110101;-0.777215;0.076554;-1.867600
0.780171;-2.536092;0.401063;-1.299299;-0.649387;-0.050524
5.215797;-5.624527;3.097452;1.891189;-1.759795;2.104046
110.188728;10.908018;23.219288;-4.930089;-0.241072;-0.252418
168.828617;20.062427;-32.539258;-7.338688;10.779658;-3.478797
120.425617;-5.196051;-71.556350;6.167387;-2.810514;8.977036
-1.166690;3.221991;0.064085;1.231804;-0.991562;0.354501
-1.045329;3.143621;0.391584;2.912513;-0.760628;-0.755005
-1.245489;2.519576;0.135338;2.014724;0.155938;-0.786949
-0.865972;1.458259;0.320125;1.751401;0.050244;-1.229921
-0.750652;1.724526;0.328824;2.488090;-0.230566;-1.690376
-1.193113;3.616970;0.100654;2.419540;-0.369427;-0.864888
-1.279822;3.271431;0.110947;2.529163;0.021111;-0.188311
-1.239096;3.195430;0.167344;2.690897;0.113798;-0.972298
-1.236480;3.418158;0.182800;2.943256;-0.326524;-1.448310
-1.493519;4.392262;0.074089;3.190980;-0.055410;-0.165779
-1.369401;3.862483;0.211668;3.400353;0.425850;-0.853608
-1.275673;3.506105;0.236067;3.301507;0.202925;-1.390126
-1.461679;4.474848;0.072811;3.029717;-0.391481;-0.408335
-1.362600;3.856359;0.158979;3.069467;-0.308424;-1.303654
-1.373034;3.712207;0.065313;2.829376;-0.131940;-1.704993
-1.389453;4.320017;0.136188;3.397943;-0.380446;-0.317449
-1.381942;4.606913;0.253220;4.086181;-0.549079;-0.469643
-1.261537;3.736699;0.295844;3.659677;-0.462702;-1.455709
-1.316181;4.051874;0.215327;3.302712;-0.249482;-0.468168
-1.287102;4.131644;0.398067;4.062792;-0.444466;-0.276043
-1.302892;3.529505;0.336354;3.892160;0.001471;-0.913111
-1.401612;4.226312;0.182659;3.393127;0.253932;-0.317833
-1.462693;4.909171;0.027222;3.221193;-0.245114;-0.265412
-1.417668;3.722326;0.157588;2.983986;-0.298724;-0.976737
-1.294248;3.594458;0.269086;3.291145;-0.443182;-1.025488
-1.383329;4.582579;0.143530;3.455810;-0.301884;-0.042253
-1.223874;2.866990;0.121552;2.662963;0.281230;-1.870539
-1.237315;3.157948;0.123191;2.565236;-0.354176;-1.751620
-1.425643;4.652196;0.121731;3.234919;-0.556627;0.396988
-1.385496;4.136989;0.233316;3.413837;0.060562;-0.791231
-1.281005;3.711660;0.211111;3.257543;-0.249186;-1.580624
-1.423600;4.600371;0.104842;3.242837;-0.336129;0.005642
-1.443162;4.817938;0.043335;3.206908;-0.351715;0.136159
-1.443769;3.861039;0.036985;2.917028;0.365902;-1.312685
-1.346886;3.942199;0.182011;3.298553;0.280743;-1.063303
-1.390754;4.935917;0.105546;3.141769;-0.621418;0.398820
-1.361881;3.524489;0.026318;2.589458;0.158776;-0.933321
-1.281355;3.235872;0.039369;2.768229;0.433496;-1.539310
-1.511934;4.618811;-0.054867;2.363470;0.307410;0.250125
-0.949782;0.592376;1.091346;2.894066;2.864469;1.830375
-0.844223;0.721259;1.103806;3.117749;2.588486;1.924759
-1.433962;4.523785;0.036037;2.651041;-0.370321;0.440612
-1.418716;4.104107;0.204800;3.305148;0.241838;-0.590198
-1.307449;3.915210;0.241954;3.605721;-0.255045;-1.638028
-1.378888;4.724003;0.097388;3.285370;-0.403175;-0.415203
-1.385616;4.300598;0.069267;3.047093;-0.069383;-0.858043
-1.363312;3.569214;0.105697;2.886166;0.302657;-1.397693
-1.441586;4.311930;0.141111;3.271204;0.218038;0.041642
-1.457308;4.574171;0.324279;3.840100;-0.414271;0.029920
-1.394025;3.632365;0.127883;3.135809;0.167959;-1.785150
-1.429469;4.175342;0.086939;3.295205;0.180763;-1.769855
-1.439028;5.090557;0.196910;3.957322;-0.231890;-0.207006
-1.336141;4.144242;0.391244;3.719428;0.176894;-0.566136
-1.296633;3.307079;0.214254;2.935035;0.325964;-1.455077
-1.362221;3.767690;0.086469;2.904805;-0.178111;-0.978092
-1.371597;4.424382;0.022100;3.053975;-0.254895;-0.339399
-1.340519;3.457559;0.127882;2.934264;0.695691;-1.474869
-1.384961;3.921716;0.200462;3.351232;0.434628;-1.543099
-1.479839;5.022833;0.143752;3.656233;-0.593664;-0.107804
-1.477863;4.864687;0.132095;3.310502;-0.358513;-0.607445
-1.420407;3.875396;0.209202;3.133344;-0.210050;-1.673998
-1.417325;4.303486;0.242909;3.514012;-0.000140;-0.338528
-1.417126;4.785179;0.118018;3.530169;-0.267820;0.161876
-1.226632;3.383387;0.251981;3.032005;-0.062653;-0.856115
-1.176531;3.325221;0.324577;3.129542;-0.382678;-1.340979
-1.338349;4.592345;0.157527;3.436241;-0.811345;-0.291504
-1.413216;4.437746;0.090870;3.510862;-0.059097;-0.553680
-1.448787;4.161446;0.135559;3.368542;0.655722;-1.023834
-1.406383;4.120990;0.096605;2.754251;0.111937;-0.593519
-1.383901;4.517406;0.088565;3.035865;-0.646710;-0.142073
-1.435986;4.025934;0.024396;2.787281;-0.049630;-1.290382
-1.354475;3.894860;0.235463;3.496118;-0.114411;-1.491670
-1.337581;4.647573;0.269777;4.280877;-0.066894;0.120960
-1.339840;3.962822;0.177630;3.587975;0.497954;-0.643451
-1.388163;3.811344;0.083745;3.011594;0.152400;-1.130570
-1.360912;4.412661;0.239364;3.670158;-0.686323;-0.608636
-1.294422;4.293394;0.369741;3.613906;-0.391141;0.212295
-1.242287;3.012427;0.213003;2.801123;0.924643;-1.344064
-1.267182;3.578245;0.273215;3.216840;-0.059111;-1.759220
-1.464292;4.923956;0.182242;3.227780;-0.962202;-0.233286
-1.423675;4.425706;0.089235;2.962598;-0.474073;-0.839774
-1.392574;4.053263;0.063528;3.102744;0.011811;-1.695282
-1.367070;4.415629;0.130632;3.590390;-0.646512;-1.047533
-1.283485;4.181476;0.248222;3.799914;0.025698;-0.371442
-1.321573;3.760115;0.245199;3.788069;0.589644;-1.406679
-1.333124;4.146275;0.260088;3.483063;-0.136847;-0.971274
-1.334218;4.500492;0.060368;3.187170;-0.303305;-0.813254
-1.301624;3.601590;0.012259;2.661360;0.017379;-1.890281
-1.297586;3.854292;0.162578;2.846183;-0.733565;-1.408385
-1.341035;4.705725;0.192868;3.337754;-0.546635;-0.023763
-1.268071;3.388673;0.251227;3.200201;0.031758;-1.225641
-1.326817;3.695304;0.133958;2.884900;-0.496633;-1.209631
-1.313334;4.190684;0.195800;2.944507;-0.464372;-0.174634
-1.238604;3.371688;0.250443;3.196435;0.224803;-1.531464
-1.166594;3.278475;0.469356;3.938293;-0.016726;-1.062148
-1.301967;4.186084;0.238051;3.499612;0.101523;-0.551693
-1.252492;3.599584;0.137237;2.895772;0.246878;-1.894146
-1.153975;3.564718;0.285845;3.122823;-0.500622;-0.826670
-1.255454;3.945738;0.267105;3.166738;-0.237440;-0.660456
-1.196374;3.079560;0.269840;2.881838;0.429197;-1.708946
-1.209984;3.424868;0.230190;2.743739;-0.237279;-1.042762
-1.363433;4.390596;0.205194;3.177514;-0.558080;-0.341430
-1.333069;3.480480;0.226341;3.443146;0.160365;-1.345679
-1.180263;3.467141;0.198988;3.205675;-0.270613;-1.243073
-1.245555;4.044728;0.295452;3.424039;-0.314664;-0.584624
-1.427019;4.038035;0.071067;3.178844;0.335665;-1.514508
-1.303451;3.874357;0.121123;3.197890;0.220022;-1.380475
-1.383452;4.291959;0.013739;2.752111;-0.164172;-0.636750
-1.324173;3.447442;0.056916;2.759239;0.184886;-2.088588
-1.273745;3.652806;0.128927;3.229382;0.148215;-1.269985
9.770170;-12.214511;7.766641;7.587762;-1.635920;5.678148
107.096651;5.902371;38.352603;-4.274285;0.094473;2.520106
0.844679;-1.754076;-0.107843;0.262856;-0.753328;-2.286304
0.737467;-2.026657;-0.084266;-0.177427;-0.421107;-2.128305
-0.089628;-0.249548;-0.208092;-1.902651;-1.200228;-0.585049
0.197153;-1.423348;-0.397842;-0.780506;-0.316230;-0.177692
0.820419;-1.757645;-0.802466;0.131622;-0.349931;-3.739821
0.296661;-2.486190;-0.637061;1.144628;1.389708;-4.766834
1.523716;-2.888529;-0.786189;0.368979;-0.986073;-2.908040
1.903363;-2.801691;-1.077822;-0.037436;-1.424119;-3.707607
0.333422;-1.468159;-0.181231;-0.686007;-1.448908;-0.661385
-0.124019;-0.324789;-0.485531;-1.093258;-1.826385;0.704815
0.470548;-1.789613;-0.558987;-0.784759;-0.209281;-2.697323
0.252224;-1.911995;-0.462169;-0.417614;0.136471;-3.617059
-0.235209;-1.232051;-0.533498;-2.598789;-1.810959;-0.923729
0.196345;-0.662471;-0.523854;-1.224680;-0.913925;-0.836542
0.250530;-0.721436;-0.844310;-0.942544;-0.151896;-2.444360
0.037999;-1.252729;-0.548521;-0.370495;0.224288;-1.959753
-0.473667;-0.759582;-0.130106;-0.301645;0.653300;-0.314016
-0.902657;0.043568;-0.375339;-1.458278;-0.323562;-0.120447
-0.527927;-0.502448;-0.113729;-0.383671;0.150835;-2.076598
-0.495313;-0.501231;-0.269939;-0.641583;-0.117656;-2.055771
-0.680341;-0.198160;-0.443862;-1.208769;-1.488393;0.347035
-0.744644;1.337346;-0.296613;-0.443866;-1.490218;0.428680
-0.837865;2.035296;-0.193914;0.673290;0.103073;-0.884835
-0.859067;0.327915;-0.292887;-0.344107;-0.251843;-0.858805
-0.949764;0.512465;-0.240620;-0.615431;-0.709412;1.032825
-1.054462;1.793972;-0.265036;0.205926;-0.392000;0.278498
-1.018643;1.082691;-0.191672;0.710568;0.922897;-0.109043
-1.033485;2.020742;-0.411425;1.545919;-0.344547;-0.701351
-0.963483;2.521748;-0.393277;1.159919;-0.317354;-0.287867
-1.027427;2.442336;-0.103819;1.332454;-0.752105;-0.565029
-1.105100;2.670434;-0.142681;2.424230;-0.142134;-1.057536
-0.998019;2.405750;-0.282970;0.803800;-1.014118;-1.000331
-0.833017;1.699960;-0.066344;-0.120426;-1.647358;-0.008824
-0.895784;1.172370;-0.263919;-0.048122;-0.673279;-0.270882
-1.041299;1.317898;-0.262682;0.181197;-1.135620;0.516978
-0.737399;0.487747;-0.164963;-0.564695;-1.219567;0.588692
-0.272204;-1.395882;-0.131034;-0.657071;0.922547;-0.548752
-0.361251;-1.669173;-0.118150;-0.884149;0.105198;0.046522
-0.991328;2.205233;-0.028424;1.193958;-0.278055;0.416326
-1.196071;1.778309;-0.199781;0.440915;0.254175;0.250565
-1.088993;1.003823;-0.173898;-0.187727;-0.243056;0.323465
-0.844028;1.572477;-0.043728;0.892751;-1.366623;0.507910
-0.919102;0.289702;-0.135248;-0.440574;-0.471369;1.051186
-1.016281;-0.171021;-0.365562;-1.226335;0.014471;-1.141230
-0.894441;1.180087;0.049734;0.493926;-1.086760;-0.588901
-0.871069;1.931745;-0.098484;1.003797;-1.394843;-0.850311
-1.031711;1.587063;-0.110542;0.795825;-1.748799;0.369417
-0.837135;1.895772;-0.146234;0.120166;-2.158271;0.815992
-0.689287;1.333030;-0.185125;-0.195111;-0.916034;-0.055157
-0.872449;0.845724;-0.435953;-0.691579;-1.065457;-0.707556
-0.733806;1.305025;-0.199148;-0.714281;-2.525871;-0.984671
-0.464261;1.005096;-0.057834;-0.657456;-2.188883;-0.770627
-0.646627;0.375111;0.155037;1.575978;-0.154579;-1.188361
-0.854154;1.636723;-0.108674;2.665492;-0.497404;-1.174249
-0.761430;2.545425;-0.229143;2.012938;-0.850375;-1.615233
-0.860202;1.460304;-0.067332;1.025822;0.566435;-0.923926
-1.184203;2.368082;-0.252258;2.090420;-0.190220;-0.264598
-0.903545;1.442070;-0.226250;-0.017596;-1.575436;0.900006
-0.735886;2.039696;-0.088761;0.223281;-1.662829;-0.229483
-0.908579;1.739608;-0.040687;0.357546;-0.012871;-0.094852
-1.252802;2.209988;-0.167184;1.574979;-0.155408;0.020361
-1.121268;1.891117;-0.088409;1.559093;-0.358978;-0.691393
-0.647861;0.382490;-0.266483;1.295218;-0.223163;-1.891760
-0.283786;-0.236444;-0.505580;-0.179895;-0.086207;-1.680127
-0.237939;-0.087949;-0.517212;-0.742949;-0.254805;-1.529968
-0.254289;-1.501723;-0.359805;-0.631998;0.301485;-0.406701
0.194745;-2.588970;-0.236295;-0.962114;-0.129094;-0.022509
0.706564;-2.810870;0.149410;-0.382590;-1.435041;-0.843405
0.900088;-3.455645;-0.009767;-0.222577;-0.461887;-1.572088
0.291654;-2.973682;-0.271287;-1.028462;0.072265;-2.318198
-0.455322;-1.329622;-0.255897;-1.804929;-0.222170;-0.359596
0.018746;-2.629869;0.638030;-0.756897;-0.541909;1.153099
0.374560;-1.909710;0.108481;-0.205910;-0.426506;0.050081
-0.134113;-2.477289;-0.177345;-1.250489;-0.874502;-0.707476
-0.772814;0.505937;0.003797;0.695038;0.142123;-0.680397
-1.025136;1.130597;-0.326774;-0.879135;-0.938840;1.283788
-0.926576;1.736433;-0.131294;0.349033;-1.520880;0.433185
-0.671717;0.202965;0.359947;0.677385;-1.293111;1.802984
-0.004280;-0.645494;-0.008156;-0.646739;-2.688015;0.210226
0.101399;-0.337535;-0.019810;0.367594;-1.071528;-0.968421
-0.442095;0.021363;-0.495178;0.775818;0.253460;-4.340503
-0.510484;0.486637;-0.343592;1.070822;-1.003995;-2.870320
-0.805327;1.726460;-0.125587;0.359418;-1.234595;-0.287222
-0.906552;0.525224;-0.022900;-0.159212;-0.528052;0.357406
0.018162;-1.519955;0.369996;-1.365125;-2.304996;1.341612
0.208029;-1.476051;0.112756;-0.875257;-1.108158;-0.496559
-0.683864;0.289159;-0.312205;0.621963;-0.068981;-0.760405
-1.051578;2.026993;-0.474249;-0.493139;-1.050614;-0.342939
-0.935103;1.848235;-0.546244;-0.462228;-1.068778;-0.260445
-0.746037;0.625168;-0.321213;-0.155207;-0.799511;-0.013364
-0.470613;-0.411210;-0.161202;-0.153900;0.490674;-2.249131
-0.629018;-0.924363;-0.094234;-1.177813;0.924634;-0.035140
-0.968058;1.026318;-0.470061;-0.965992;-0.780134;0.513752
-0.821986;2.506607;-0.248545;0.814408;-1.793300;-0.781495
-1.007101;2.320764;-0.232915;0.359675;-0.439286;-0.960984
-1.257671;2.280308;-0.273353;0.667695;-0.916598;0.823309
-0.974509;1.381573;-0.319939;0.057847;-0.760848;-0.608587
-0.557609;-0.932345;-0.375233;-1.300219;-0.027828;-1.456861
-0.450844;-0.080999;-0.434835;-0.777711;-1.491831;-1.754980
-0.715176;1.309088;-0.079872;0.813019;-0.172394;-1.263543
-0.942481;0.562919;-0.211026;-0.305653;0.213131;0.150780
-0.946348;0.922229;-0.418068;-0.458643;-0.453158;-0.257982
-0.778460;1.532007;-0.262526;0.220928;-1.076733;-1.579328
-0.780833;0.662729;-0.299678;-1.228960;-1.501204;0.087252
-0.887290;0.023633;-0.357556;-1.195475;-0.503903;-0.161800
-0.900498;1.659119;-0.259066;0.275685;-0.237632;-1.623183
-0.935283;2.097746;-0.263832;0.841661;-0.703325;-1.605422
-1.201129;1.254841;-0.201986;0.174209;0.489274;0.378368
-0.525002;0.688895;-0.193844;1.689361;-0.849862;1.015328
-1.373129;1.182458;-0.230390;-1.543314;-0.390858;1.603303
-1.334487;1.396126;-0.049597;-1.201238;-1.330279;1.645966
-1.181580;1.544293;-0.032629;-0.851803;-1.914644;1.115885
-1.136175;1.107977;-0.035527;-0.548924;-0.775826;1.156603
-1.347949;1.053288;-0.120728;-0.581551;0.774575;2.063488
-1.315009;1.498737;-0.181803;-1.114577;-1.442996;1.860713
-1.164773;2.187049;-0.167392;-0.722475;-2.768299;1.392959
-1.221635;1.431605;-0.292090;-0.869306;-0.515486;0.920700
-1.376823;0.772477;-0.357993;-1.182787;0.697947;1.527745
-1.138832;2.102426;-0.110054;-1.049478;-2.892783;1.714479
-1.119336;1.494885;-0.137122;-1.572090;-2.370761;0.914510
-1.537923;1.356182;-0.294097;-1.576436;0.284876;1.734059
-1.342999;1.628089;-0.029911;-1.513815;-2.726350;2.363177
-0.965007;0.193404;-0.080404;-1.255750;-1.835059;0.276966
-0.965344;-0.665494;-0.203508;-1.281070;0.182465;-0.600060
-1.052603;-0.397871;-0.134178;-1.793121;-0.284573;0.084607
-1.278684;0.536083;-0.039280;-1.173034;-0.076171;0.998968
-1.289033;0.965340;-0.131007;-1.577098;-1.064857;0.877942
-1.193678;1.074166;-0.113645;-0.429730;0.071932;-0.067846
-1.420409;1.985277;-0.054168;-0.189420;-0.308398;0.982081
-1.453097;2.518869;-0.072130;-0.340621;-1.959299;1.052104
-1.527597;2.809919;-0.175428;0.600161;0.116335;1.476553
-1.423289;1.888002;-0.020095;-0.623316;-0.993305;1.984332
-1.306211;0.752363;-0.233345;-1.274633;-0.240408;0.257948
-1.410644;0.391563;-0.334382;-1.289976;1.288263;-0.630043
-1.146572;0.672765;-0.052662;-0.927531;-1.018938;0.090549
-1.163596;1.492007;-0.090500;-0.558104;-1.429292;0.761755
-1.259737;1.453396;-0.149597;-0.515033;-0.547749;0.161440
-1.080376;-0.390259;-0.142582;-1.561542;0.757904;1.490119
-1.166088;0.188089;-0.067300;-1.091341;0.280317;2.314882
-1.429259;2.434832;-0.076861;0.139941;-1.048953;1.264438
-1.550945;2.192255;-0.187794;-0.630472;-0.442338;1.737735
-1.557373;2.099708;-0.263740;-0.940831;-0.306792;2.252696
-1.404076;2.288485;-0.112555;-1.058202;-2.454367;1.404840
-1.514847;2.639337;-0.160824;-0.904896;-1.741915;1.615232
-1.488513;2.559262;-0.001736;-0.456390;-1.727504;2.542318
-1.398244;2.583195;-0.035679;-0.525240;-2.123154;1.611172
-1.493155;2.452842;-0.145432;-0.364937;-0.639775;2.018732
-1.378322;1.809725;-0.086087;-1.403941;-2.231431;2.831756
-1.299154;1.605511;-0.008489;-1.591651;-2.797841;2.490917
-1.553118;2.238594;-0.210132;-0.426703;-0.243145;2.084912
-1.419112;2.501002;-0.121255;-0.615674;-2.478262;1.907435
-1.438217;3.514666;-0.029770;-0.179366;-3.704009;1.855609
-1.463116;2.755765;0.026186;-0.232924;-2.496412;2.680184
-1.499223;2.280770;0.008526;0.111798;-0.834972;2.493656
-1.628900;2.156416;-0.044181;-0.286943;-0.087663;2.974504
-1.305272;1.341691;-0.022451;-1.777556;-2.778352;1.955417
-1.261688;1.359281;-0.045383;-1.496464;-2.085110;1.329323
-1.696721;2.313558;-0.181483;-0.559538;0.431104;2.083331
-1.359431;1.881388;0.080243;-1.037466;-2.903174;2.667633
-1.310984;1.712069;-0.169657;-1.649600;-2.380345;1.577402
-1.487697;1.275527;-0.348588;-1.684006;-0.332123;1.055066
-1.283629;1.606912;-0.093815;-1.752469;-2.728402;1.955744
-1.221667;1.600612;-0.096198;-1.756157;-2.433086;1.621517
-1.469572;1.897120;-0.163129;-0.970242;-0.791832;1.912654
-1.481161;2.479934;-0.087511;-0.533958;-2.020899;2.367610
-1.242314;2.100340;0.082236;-0.887232;-3.971340;2.143777
-1.268039;1.935592;-0.165862;-1.476641;-3.077878;1.704695
-1.629228;1.952083;-0.409748;-1.431263;0.351909;2.122361
-1.582719;2.505299;-0.312892;-0.708023;-0.792438;1.665215
0.231900;-3.423639;0.822157;1.296275;0.250724;1.774301
0.298989;-3.523728;0.681548;0.769432;0.260934;0.991892
-1.246575;1.593219;-0.125649;-1.432287;-2.372304;0.849987
-0.787994;0.729788;0.288603;-0.372504;-1.890194;0.213129
0.642931;-1.304742;0.268436;-0.377779;-1.783701;-1.434025
0.912963;-0.828844;0.136909;0.266096;-1.072598;-0.875523
-0.349622;-0.650716;0.234792;0.500048;-0.674360;1.768238
-1.138222;0.228036;0.379176;0.246146;0.254846;2.061439
-0.963277;0.370353;0.532381;0.310753;-1.364823;1.974774
-1.468150;2.717569;-0.194260;-1.671239;-3.427912;2.340073
-1.516283;2.517422;-0.302322;-0.892302;-1.749460;1.707791
-1.620474;2.991460;-0.274822;0.008578;-0.257399;2.270898
-1.457754;2.295778;-0.071528;-0.171550;-1.484205;2.315136
-1.303041;2.145034;-0.089357;-1.178270;-3.383495;1.889281
-1.395932;2.606500;-0.119147;-0.785003;-2.378221;1.976841
-1.538691;3.125263;-0.075338;0.619332;-1.002204;2.276249
-1.581767;3.237993;-0.191444;-0.315690;-2.388901;1.936927
-1.456212;2.795349;-0.106078;-0.939409;-3.165992;2.350264
-1.388112;2.216521;-0.080057;-0.837977;-2.469802;2.516414
-1.451604;2.586472;-0.090915;-0.223882;-1.952702;2.347598
-1.588034;3.743510;-0.040526;0.586838;-2.337019;2.096203
-1.580324;3.634197;-0.026657;0.312866;-2.337263;2.521547
-1.537259;2.863368;-0.080504;-0.607382;-2.261912;2.615836
-1.520049;2.703823;-0.172676;-0.812264;-2.248642;2.092747
-1.502588;2.320367;-0.202560;-0.650739;-1.138701;1.392312
-0.781526;-2.175472;0.147094;-0.745306;1.907840;-0.034218
-0.334331;-1.360822;-0.184378;-1.199812;-0.790448;-1.321348
-0.707141;0.608298;-0.001681;-0.309448;-1.578610;0.092508
-1.309114;0.143398;-0.061250;-1.319696;0.103754;1.488478
-0.470031;-2.612572;0.580462;0.436330;0.736049;-0.840032
-0.305717;-1.873379;0.800995;1.276168;-0.223597;0.273788
-1.148999;2.061435;-0.107202;-0.639910;-2.364127;1.107605
-1.493149;3.044970;-0.103303;0.161765;-0.931220;1.999393
-1.497494;3.397047;-0.119624;-0.793657;-3.190771;2.204855
-1.318510;2.382059;-0.057518;-0.292229;-1.788443;1.876251
-1.428494;2.109612;-0.186189;-0.207801;-0.933116;2.151558
-1.456131;2.461066;-0.113301;-1.092881;-2.802825;2.473547
-1.398681;2.125080;0.076187;-0.499761;-1.866375;2.732772
-1.100721;0.023967;0.410929;0.247861;-0.048378;2.687018
-0.947320;0.254454;0.446727;-0.002965;-1.959945;2.544948
-1.383912;2.142091;-0.139169;-0.950679;-1.805028;2.610640
-1.549398;2.644586;-0.251304;-0.563881;-0.681289;2.301389
-1.457965;3.268833;-0.099297;-0.293912;-2.396068;1.889022
-1.458336;2.881463;-0.029364;-0.130250;-1.945037;1.947059
-1.487737;2.851470;0.032262;0.143026;-1.756094;2.869851
-1.384676;2.482104;-0.027715;-1.185335;-3.107353;2.306524
-1.505158;2.841643;-0.124950;-0.812706;-1.925266;1.925799
-1.499743;2.885870;0.057692;0.914963;-0.371669;2.700031
-1.265951;2.346571;0.146947;-0.184081;-2.793978;2.096343
-1.362761;1.466889;0.278367;-0.548054;-2.573893;1.064173
4.314666;-6.766930;1.119816;4.414207;-1.763132;-3.141076
1.045493;-3.901449;0.097932;-0.918918;-1.095858;-3.971920
1.724440;-2.478792;0.183940;0.505101;-2.079065;-3.711789
1.684369;-3.401669;0.062304;0.039242;-1.744904;-3.068388
0.087831;-1.264156;0.022428;-1.421950;-1.604150;-0.275196
0.104167;-0.495062;-0.327823;-0.684772;-0.695758;-1.347519
-0.193495;-2.519212;-0.200635;-0.884665;0.504109;-2.200932
0.079458;-4.859060;0.316520;-0.559283;0.457424;-3.854498
0.422108;-1.536105;0.263932;-1.102669;-0.561798;-2.002836
1.799746;-2.318116;-0.026818;0.728386;-1.940219;-2.155342
1.475227;-2.300870;-0.202754;0.521449;-1.978254;-2.779538
1.557522;-5.076236;0.348677;2.412277;-1.559514;-2.429216
1.394634;-4.511489;0.755696;1.755249;-2.085515;-0.639235
0.416596;-1.764665;0.025846;-0.769023;-1.769756;-2.204456
0.283398;-2.417623;-0.233019;-1.102950;-1.615496;-3.596815
-0.356371;-3.316867;-0.441425;-2.057416;-0.365178;-3.361130
-0.420985;0.404248;-0.062203;-1.157129;-2.542397;-0.628456
0.486901;-1.875054;0.051102;-0.617244;-1.016268;-1.325876
0.770880;-3.425952;-0.163377;-0.433123;-0.758268;-2.390767
-0.017579;-2.298608;-0.201853;-1.303142;-0.330157;-1.852271
5.307995;-6.387925;1.782859;5.470579;-3.510202;-1.716579
5.860661;-6.555921;1.186256;5.282612;-4.835270;-3.412996
-0.027809;-2.825134;-0.060106;1.472435;-1.159307;-4.350208
-0.203912;-1.660851;0.049914;-1.481757;-0.967187;-1.876494
0.322327;-0.767712;-0.244283;-0.679581;-2.537241;-2.117005
-0.038293;-1.893783;-0.247136;-1.377983;-1.624235;-1.999599
-0.064886;-3.042358;0.216297;-2.240383;-0.490120;-0.182900
0.249949;-0.666301;-0.044001;-1.722772;-2.522037;-1.211013
0.071420;-1.177260;-0.204115;-1.488122;-2.418608;-1.395331
-0.757000;-1.564003;-0.424819;-2.039497;-1.466515;-2.739138
-0.759883;-0.279498;-0.251626;-2.232181;-1.118698;-0.863827
-0.179145;-0.284140;-0.243233;-1.215675;-1.270984;-2.001398
-0.387567;-1.625936;-0.506035;-1.807874;-0.603349;-2.619057
-0.539329;-1.890941;-0.216713;-2.195868;-0.464490;-1.283443
-0.379120;-0.425060;-0.149434;-1.476400;-2.124730;-0.584440
0.853494;-3.414677;0.304868;0.451697;-0.065402;-1.115667
0.724318;-4.432528;0.360682;0.408255;0.748693;-1.860798
-0.352717;-1.129879;0.059863;-1.149160;-1.189167;-0.813552
-0.381852;-0.530928;-0.348098;-1.651232;-2.378592;-1.959729
-0.478126;-2.741084;-0.194797;-0.607958;-0.412130;-2.519272
-0.554574;-2.999191;0.001373;-2.354160;0.549619;-0.581374
-0.528428;-1.600476;-0.120390;-2.348128;-0.173854;-0.691351
0.475697;-2.732106;0.554505;-1.214773;-2.152789;-1.560112
0.108024;-2.546911;0.396584;-1.825543;-0.990514;-0.764323
0.022838;-0.858868;-0.009921;-1.672308;-2.630054;-1.456703
-0.100561;-1.500851;-0.180698;-1.638971;-1.863124;-1.925823
-0.754878;-1.597837;-0.215047;-2.371784;-0.757864;-1.229102
-0.548975;-0.801643;-0.265480;-2.521525;-1.823255;-1.328454
-0.616990;-1.268130;-0.352672;-2.317565;-1.387094;-2.007284
-0.757185;-1.184322;-0.255953;-2.364219;-1.159456;-0.298144
-0.396306;-1.687843;-0.057255;-2.124889;-0.930328;-1.489014
-0.197417;-2.009147;-0.155456;-1.721781;-1.559518;-2.432933
-0.723040;-2.085784;-0.347156;-2.497715;-1.000478;-1.432307
-0.500985;-0.174588;-0.312794;-1.976932;-2.438340;-1.274861
-0.449514;-1.803458;-0.371505;-2.061675;-1.269283;-2.525803
-0.758993;-2.548571;-0.072018;-1.579964;-0.209086;-1.914279
-0.252884;-2.024318;0.181574;-1.577121;-0.815863;-1.040503
2.674602;-5.941749;0.590235;2.119150;0.486155;-0.718410
2.462252;-5.794485;0.405076;1.736941;0.614821;-0.637098
0.196606;-3.105755;0.175942;-1.455079;-0.373907;-0.577038
-0.072396;-2.111123;-0.204652;-2.006231;-1.110938;-1.648921
-0.689355;-2.130325;-0.188623;-2.062747;-0.929492;-1.820642
0.035772;-1.821918;0.364898;-1.166681;-1.545499;0.625414
0.429476;-1.953411;-0.093457;-1.878420;-0.807056;-0.824109
0.225829;-2.550458;-0.001559;-1.191771;0.897445;-1.283354
0.354658;-1.783493;-0.148293;-1.260263;-0.366474;-2.314619
0.549369;-1.563960;-0.264433;-0.637965;-1.762093;-3.337299
0.119502;-2.572805;-0.095923;-1.005770;-1.137561;-2.811486
-0.244643;-0.861530;-0.189088;-2.127164;-2.558706;-1.150815
-0.373598;-1.541822;-0.176868;-2.146816;-2.400698;-1.011550
-0.629020;-1.610310;-0.023922;-2.314579;-1.801058;-0.694324
-0.116867;0.433684;0.035411;-0.382479;-1.851110;-1.174151
0.125640;0.111673;-0.541748;-0.826540;-2.371029;-2.121011
-0.498926;-1.307029;-0.213687;-1.249179;-1.412676;-1.262870
-0.547654;0.132586;-0.042717;-2.311059;-3.092644;-0.191359
-0.205041;-0.053705;-0.150028;-1.125631;-1.272227;-1.720245
-0.628893;-1.861960;-0.419872;-1.411211;0.612376;-2.709564
-0.134518;-0.699367;-0.061339;-1.614854;-1.882876;-1.343033
0.176942;0.691014;-0.369531;-0.908166;-3.276380;-2.078031
-0.472362;-1.441678;-0.326126;-1.921129;-1.261754;-1.455907
-0.621280;0.324582;0.162929;-1.166269;-2.510730;0.732931
-0.125860;-1.314769;0.144495;-0.913053;-2.279101;-1.736446
-0.322987;-2.295482;-0.116778;-1.404918;-0.858772;-2.305029
-0.389313;-0.477037;0.170814;-1.204073;-2.100282;-0.451977
-0.017433;-0.406279;-0.192706;-1.376885;-3.374225;-1.838263
2.014083;-5.474409;0.791056;1.551105;-0.725030;-1.127450
1.802587;-4.986972;1.034857;1.790031;0.027990;0.164529
-0.332482;0.855301;-0.218126;-0.152089;-1.950451;-1.762935
-0.994432;-1.722688;-0.456292;-2.270960;-0.099239;-2.186093
-0.686983;-0.653286;-0.102397;-2.597452;-2.311547;-0.744217
-0.701935;1.024153;0.016286;-1.603821;-3.368566;1.017817
-0.845259;-1.876677;-0.045599;-2.041506;-0.374144;-0.620131
-0.502439;-1.924841;-0.263751;-2.384612;-1.503760;-2.093870
-0.136509;0.137523;-0.434656;-1.339975;-3.437051;-2.064674
0.027450;-0.611031;-0.235948;-0.825968;-2.024519;-0.941156
-0.392837;-2.595814;0.030008;-1.754566;-0.272561;-1.298922
-0.517878;-0.686885;-0.021343;-2.468798;-2.292268;-0.081236
-0.032973;-2.496208;0.260078;-1.677489;-1.884009;-0.288810
0.580590;-6.544040;0.715507;1.399968;-0.741984;0.160034
0.802286;-3.856374;0.660303;1.928697;-2.205921;-0.046773
0.016695;-1.495384;-0.223637;-1.012728;-2.025193;-1.551268
-0.584561;-3.018457;-0.332788;-0.686353;0.798967;-2.474308
-0.578950;-1.961224;-0.124891;-2.563506;-0.828782;0.263276
-0.314312;-1.270599;-0.002794;-1.581550;-1.589056;-0.383521
-0.189881;-4.014301;0.189592;-1.110695;1.077603;-2.287056
-0.321327;-3.617672;0.042270;-1.798915;1.048190;-2.015606
-0.362863;-1.350928;-0.087184;-1.545906;-1.269576;-1.318187
1.830178;-5.620862;-0.023865;2.566594;-1.241153;1.179583
25.336694;-5.970168;2.816661;2.916988;-3.812422;1.303290
-0.868103;0.405409;-0.137776;-0.611418;-1.491464;-0.103170
-0.833207;0.575472;-0.078671;-0.244589;-1.466723;-0.381068
-0.536753;-0.140239;0.076593;-0.397137;-0.922017;-0.259331
-0.635502;-1.371746;-0.016956;-1.743890;-0.194217;0.856011
-1.189811;-0.079412;-0.106733;-2.394306;-1.571032;0.874897
-1.220224;1.344457;0.121456;-0.544201;-1.656081;1.591877
-1.127257;0.330941;0.063326;-1.124483;-0.851292;1.839846
-0.808820;-0.086242;-0.195969;-1.689244;-0.714474;1.376017
-0.552615;0.270373;-0.353988;-0.452933;-0.138693;-0.940129
-0.739111;-0.185621;-0.365404;-0.870630;0.300282;-0.937253
-1.213757;0.425781;-0.341856;-1.960691;-0.768945;0.311691
-1.032209;1.277366;-0.204759;-1.082180;-1.918377;0.916882
-0.996932;1.765398;-0.120511;-0.322428;-1.423347;0.956685
-1.083464;-1.337312;-0.077370;-1.840842;0.830232;0.543203
-1.163230;-1.478311;0.029761;-1.691811;0.858274;1.187464
-1.428043;1.945116;-0.138295;-0.861125;-1.452487;1.458241
-1.434018;1.536638;-0.146601;-1.387353;-1.603225;1.720292
-1.508876;0.603444;-0.281470;-2.562954;-0.645362;2.475535
-1.508547;2.009567;-0.030474;-0.956940;-1.572018;2.289783
-0.829755;-1.652105;0.846950;-0.636210;-0.140076;3.109542
-0.793772;-1.943257;0.409000;-1.949803;0.162328;1.955247
-1.154042;-0.140186;-0.272090;-3.083218;-1.034713;2.035678
-1.204559;0.162990;-0.211171;-2.078162;-0.947187;1.353010
-1.434529;0.165774;-0.385389;-2.852677;-0.467586;1.789862
-1.547007;0.245614;-0.421813;-3.212515;0.218363;2.583803
-1.552256;1.409173;-0.221784;-1.749379;-1.624371;2.114860
-1.524795;1.487081;-0.215741;-1.944889;-2.549694;2.807740
-1.468261;-0.117334;-0.195295;-2.324216;0.784647;2.911425
-1.293554;-0.379844;-0.128798;-1.243762;1.664767;1.958809
-1.403701;0.441203;0.037363;-0.562313;0.934442;2.336033
-1.452033;0.321611;-0.275764;-2.547404;-0.420975;2.022853
-1.477471;0.370096;-0.329403;-2.214081;1.488035;2.970062
-1.492041;0.902742;-0.457125;-2.501115;-1.148759;2.455202
-1.491762;1.437833;-0.373030;-1.738346;-1.031096;1.437458
-1.397359;-0.467296;-0.227237;-2.559639;0.535376;1.983621
-1.283932;-0.817805;-0.100943;-2.257741;0.763814;2.368633
-1.324926;0.512452;-0.131980;-1.723228;-1.112010;1.778474
-1.377222;1.506513;-0.085748;-0.954674;-1.367402;1.239532
-1.205800;0.610725;-0.051705;-1.091575;-0.685906;2.236522
-1.259590;1.741106;0.033051;-0.130267;-1.992975;2.839112
-1.530887;1.912211;-0.257078;-1.263725;-1.505851;1.978096
-1.507855;1.207839;-0.269629;-1.328452;0.108350;2.016608
-1.409639;1.917810;-0.081203;-1.094644;-2.580467;1.801882
-1.245799;1.011520;0.104981;-0.341992;-1.952820;1.622793
-1.307979;0.629217;-0.225198;-0.928040;0.867879;1.996943
-1.369218;1.195554;-0.104496;-1.655024;-1.779100;2.343676
-1.573822;3.178161;-0.135870;-0.258989;-2.707714;2.010776
-1.528260;2.170292;-0.341443;-1.390118;-2.086235;2.788210
-1.287768;0.833062;-0.247649;-1.657752;-1.431103;2.366127
-1.331007;0.900583;-0.095831;-1.050497;-1.182733;1.651474
-1.471247;1.013123;-0.257949;-1.986983;-1.357247;2.389010
-1.581763;2.069584;-0.279310;-1.735148;-2.164529;3.331413
-1.559272;2.702216;-0.200540;-0.660893;-1.538095;2.213111
-0.892910;0.006718;0.130635;-0.123058;-0.232956;2.140848
-0.858142;0.305489;0.123505;-0.153163;-1.346990;2.269363
-1.465104;2.219799;-0.203422;-0.975250;-1.829935;1.904221
-1.548083;2.265311;-0.193648;-1.065587;-1.029031;1.939233
-1.623274;2.579703;-0.195068;-1.077057;-1.399080;2.280418
-1.474104;2.443308;-0.135135;-0.312145;-0.956238;2.137914
-0.560797;-2.575107;0.356681;-0.126643;1.499584;0.315629
-0.099136;-2.243252;-0.248474;-1.573330;-0.164746;-1.394288
-0.549991;-0.045148;-0.225803;-1.123683;-1.594136;-0.497616
-1.348294;1.478868;-0.221646;-1.720031;-2.373291;1.974960
-1.519321;2.485385;-0.101333;-0.389326;-1.931712;2.839988
-1.653124;2.298389;-0.400002;-1.274758;-1.032613;2.465972
-1.567134;1.658432;-0.267469;-0.980666;0.749439;3.092213
-1.503348;2.151173;-0.068858;-0.813654;-1.911412;2.899130
-1.456322;1.628262;-0.231033;-1.538022;-1.383760;1.433653
-1.106200;-0.907509;0.002197;-1.606562;1.540110;1.361820
-0.915216;0.230959;-0.007907;-1.159477;-1.226672;1.633187
-0.979998;1.419479;-0.142314;-1.281018;-1.766013;1.629704
-1.220911;0.280702;-0.222455;-2.503834;-0.287437;1.790025
-1.260394;1.437224;-0.094249;-0.824924;-1.603469;1.370738
-0.251205;-1.883821;0.250723;-0.270199;0.002402;1.152931
-0.070649;-1.830005;-0.258140;-1.152146;1.124961;0.078785
-0.401505;-1.502599;0.280472;-0.413644;0.172731;2.087049
-1.425630;1.951541;-0.048966;-1.006690;-2.127647;2.191823
-1.361184;1.553290;0.051035;-0.758531;-1.829435;2.491879
-1.299888;1.263143;-0.057020;-1.217486;-1.716126;1.713181
-1.412247;1.581772;-0.156232;-1.470440;-2.393210;1.497281
-1.333133;1.396320;-0.179614;-1.642290;-2.176700;1.666294
-1.093664;0.243935;-0.104235;-1.443891;-1.052668;0.381436
-1.193339;0.529195;0.081228;-1.159603;-1.303239;1.125281
-1.528110;2.348041;-0.197919;-1.202977;-2.837876;2.297063
-1.534812;3.031677;-0.231266;-0.239656;-1.741200;1.667391
-1.341148;1.242451;-0.148346;-1.592020;-1.203932;1.780514
-1.356573;1.302376;-0.189203;-1.931266;-1.704054;2.449877
-1.572428;2.486751;-0.448664;-2.058906;-2.177253;2.563912
-1.252656;0.337512;-0.075944;-1.665404;-1.341201;1.269294
-1.236519;0.587975;0.053271;-0.879370;-0.647398;1.471457
-1.377948;2.174633;-0.164104;-1.037771;-2.662318;1.959795
-1.418387;2.052850;-0.177167;-1.058228;-1.934529;2.366087
-1.524596;2.071372;-0.069138;-0.662099;-0.906131;2.459008
-1.526492;2.056494;-0.169322;-1.545986;-3.154982;2.219003
-1.348612;1.993650;-0.053768;-0.488168;-1.967969;1.653117
-1.321582;1.441363;-0.062134;-0.947981;-0.712011;2.302062
-1.410566;1.602654;-0.085051;-1.268189;-2.114825;2.074517
-1.267919;0.720453;-0.041170;-0.746725;-0.965342;1.267308
-1.202447;0.931564;-0.126536;-1.238832;-1.318508;1.285049
-1.344984;1.862032;-0.171782;-1.546684;-2.922065;1.331623
-1.502675;2.140009;-0.255402;-1.346277;-2.180714;1.566812
-1.399882;1.728984;-0.191604;-1.132101;-1.943577;2.020115
-1.275670;1.857398;-0.119471;-0.750859;-1.810006;1.929527
-1.201557;1.343327;-0.074514;-0.964090;-1.798038;1.283338
-1.177178;1.298090;-0.180588;-1.297049;-1.876446;1.297529
-1.262520;1.166693;-0.021521;-0.947635;-1.649634;1.874235
-1.267899;0.201046;0.103447;-1.016893;-0.718656;1.058082
-1.319723;0.589629;0.128350;-0.977467;-0.976127;1.404268
-1.372765;1.731556;-0.069128;-0.905426;-1.406394;2.090731
-1.359077;1.863647;-0.131457;-1.056201;-2.018890;1.995826
34.042412;-8.988023;17.617343;6.031246;-2.531045;5.444148
127.203187;19.986621;41.764948;-14.715072;7.293108;-4.285848
-1.138285;2.365130;0.063215;1.654760;-0.835832;1.257294
-1.282679;4.124794;0.120052;3.176306;-0.399002;1.238096
-1.455360;4.503495;-0.057114;2.540049;-0.613961;1.227986
-1.367824;3.395869;-0.012631;1.784333;-1.193161;0.000031
-1.361476;3.964690;0.052447;2.414928;-1.121904;-0.010558
-1.383397;4.345089;0.219811;3.408732;-0.532724;0.609629
-1.393164;4.172131;0.263484;3.722906;-0.180068;0.442167
-1.330565;4.072633;0.269106;3.698001;-0.019163;0.449779
-1.282043;3.796397;0.209088;3.425937;-0.337129;0.337106
-1.299755;3.598327;0.471070;3.665051;-0.150147;1.656704
-1.275679;3.103932;0.456671;2.976126;-0.862701;1.474368
-1.448544;4.095299;0.021493;2.436730;-1.069122;0.753183
-1.478196;4.451535;0.034297;2.920605;-0.411564;0.457139
-1.417228;3.953280;0.003653;2.703225;-0.473617;0.323802
-1.119277;2.871066;0.323616;3.303498;-0.039092;0.484156
-1.141433;2.418625;0.463970;3.086957;0.087618;0.033959
-1.291620;3.719876;0.248917;3.296754;-0.573898;-0.032696
-1.343365;3.751304;0.191562;3.169500;-0.773121;0.509946
-1.313782;3.944795;0.181296;3.365472;-0.812748;0.234215
-1.378787;4.671048;0.104851;3.608649;-0.461449;0.849897
-1.429122;4.524623;0.101776;3.523051;-0.500605;0.396918
-1.424379;4.279158;0.064691;3.110337;-0.874935;0.664147
-1.367986;3.967146;0.096234;2.868358;-0.980567;0.684125
0.736323;-3.307469;1.752925;2.799840;0.409274;0.491869
0.851528;-3.822712;1.848837;2.407291;-0.253511;1.072968
-1.336539;4.075539;0.000632;2.248669;-1.429698;0.073141
-1.463789;4.545500;-0.019571;2.738825;-1.148224;0.233517
-1.294709;3.263816;0.063540;2.030697;-1.273085;0.119575
-1.173359;3.150968;0.008438;2.136767;-0.932341;-0.328480
-1.368022;4.726334;0.054877;3.586618;-0.883228;0.777728
-1.398748;4.590379;0.135280;3.491697;-0.778637;0.481786
-1.357584;4.518677;0.028069;3.198595;-0.736093;0.162370
-1.482266;4.723204;0.051269;2.921006;-0.741045;1.448218
-1.446768;4.464177;0.017516;2.511382;-1.370998;0.886589
-1.412457;4.376694;-0.048414;2.429902;-1.376947;0.124512
-1.299553;3.756545;0.094342;2.755854;-0.962151;0.340469
-1.318584;4.046217;0.128548;3.087357;-0.568345;0.336039
-1.349886;4.116651;0.173929;3.037512;-0.557811;-0.058212
-1.265868;3.515030;0.097798;2.791947;-0.401744;-0.409578
-1.264432;4.141655;0.145369;3.382200;-0.670909;0.040380
-1.436168;4.725788;0.020767;3.366332;-0.859583;0.159959
-1.358674;4.151014;0.184915;3.271811;-0.834200;-0.053391
-1.340665;3.918077;0.338755;3.424991;-0.782894;0.456627
-1.452119;4.701682;0.169459;3.532263;-0.769922;0.392295
-1.343793;4.110224;0.240220;3.188375;-1.131872;1.161856
-1.279663;3.782579;0.238070;2.857751;-1.155898;1.190544
-1.409178;4.444024;0.034726;2.891371;-0.987485;0.528343
-1.507691;4.582875;-0.033355;2.717001;-1.033956;0.491708
-1.442569;4.530090;0.016045;2.775315;-1.388959;0.643132
-1.419501;4.120766;0.137817;3.058867;-0.937897;0.241480
-1.433680;4.570034;0.065430;3.419086;-0.465678;0.253447
-1.345337;4.155380;0.124082;3.375793;-0.354712;0.439806
-1.336232;4.036062;0.160739;3.301701;-0.776067;0.625234
-1.444207;4.427444;0.236801;3.640521;-0.581488;0.978744
-1.296187;3.579478;0.221043;2.802347;-1.407714;1.363392
-1.243223;3.194665;0.295807;2.658349;-1.733641;1.540996
-1.318777;4.244857;0.181051;3.433181;-0.786233;0.145965
-0.971568;2.007949;0.735193;3.927471;-1.223349;1.885247
-0.873026;1.505857;0.593134;3.242495;-0.604670;0.503507
-1.187734;3.497105;0.206591;3.213594;-0.039760;-0.042451
-1.489895;4.019192;-0.099204;2.350893;0.166038;0.314792
-1.252726;3.549903;0.109813;2.763372;-0.656601;-1.038859
-1.269881;4.331391;0.232196;3.664857;-1.060455;0.353101
-1.432842;4.188445;0.024233;3.170629;-0.424102;-0.343259
-1.348199;4.050328;0.135789;3.305639;-0.459168;-0.463773
-1.495598;5.438854;-0.082832;3.231857;-1.234463;0.545411
-1.517123;4.937470;0.041414;3.338185;-0.375343;0.314017
-1.393913;4.586977;0.173400;4.103991;-0.177500;-0.181872
-1.221235;3.644406;0.373874;4.425515;-0.647423;1.670391
-1.179566;2.904754;0.297640;3.530648;-0.300816;0.447374
-1.236767;3.993880;0.181958;3.754738;-0.392814;-0.147559
-1.456785;5.053479;0.023262;3.690620;-0.620231;0.290603
-1.404639;4.751324;0.057396;3.800544;-0.644485;-0.154619
-1.368479;4.588155;0.212845;4.147506;-0.461452;0.121410
-1.435054;4.399133;0.312336;3.970334;-0.159834;0.585106
-1.386744;4.435696;0.311267;4.255738;-0.120424;0.336731
-1.306077;4.345822;0.341324;4.745248;-0.170411;0.264585
-1.336924;4.569017;0.176310;4.029636;-0.316609;0.053438
-1.323617;4.398242;0.189089;4.143358;-0.055383;-0.436697
-1.283833;4.143668;0.298394;3.868209;-1.011337;0.100519
-1.422794;4.532379;0.141371;3.135746;-1.234188;0.027288
-1.457608;4.774737;0.132211;3.536251;-0.877240;0.131624
-1.529190;5.024042;0.028496;3.298303;-0.348453;0.848129
-1.541152;5.091287;0.020456;3.714489;-0.221527;0.275797
-1.394968;4.737538;0.114057;3.893263;-0.035133;-0.299786
-1.303998;4.580430;0.176086;3.730709;-0.475463;-0.228793
-1.381905;5.079978;0.038470;3.642645;-0.964911;-0.147127
-1.501909;5.014180;-0.109037;3.068863;-0.915460;-0.380423
-1.414102;4.992412;-0.006557;3.300026;-1.024263;0.057443
-1.518155;5.163029;-0.114684;3.262942;-0.800141;0.016600
-1.510549;5.112780;-0.059839;3.528062;-0.615142;-0.223568
-1.509649;5.647548;-0.042705;3.886599;-0.407974;0.703844
-1.444895;4.980948;0.004570;3.730219;-0.606945;-0.080556
-1.406024;4.957568;0.000564;3.972972;-0.599069;-0.629548
-1.367179;5.105940;0.125720;4.328815;-0.312294;0.085088
-0.274035;-2.274863;1.719436;5.189585;1.143587;4.339781
-0.311970;-1.873868;1.623231;4.583938;0.534648;4.694438
-0.800170;1.293629;0.759947;4.626240;-0.359203;1.122447
-0.692548;1.384957;0.732558;4.754278;-0.229160;0.719609
-1.282643;4.672281;0.178086;4.052667;-0.445827;0.104318
-1.344836;4.644703;0.165926;4.015334;0.066950;-0.101520
-1.321292;4.365675;0.222121;4.151780;-0.080393;0.804987
-1.326458;4.161797;0.320212;4.550706;-0.020624;0.452771
-1.293075;4.605388;0.237246;4.474742;-0.032107;-0.292183
-1.368964;4.353639;0.182734;3.866556;-0.640812;0.109259
-1.361503;4.327789;0.115216;3.498919;-0.540941;-0.744356
-1.374310;4.973349;0.121781;4.084124;-0.427952;-0.315893
-1.532917;5.337840;-0.028137;3.727535;-0.421588;0.343010
59.042377;-0.226467;13.659221;-0.144475;-7.031042;5.312752
0.603427;-0.785467;-0.262931;-0.444470;-0.610131;-1.202696
0.647566;-1.348689;-0.124325;-0.803201;-0.721630;-0.329944
0.288806;-0.447011;-0.513326;-0.664806;-0.326968;-2.068064
0.164543;0.093702;-0.726430;-0.907576;-0.329432;-1.687838
-0.223046;-0.640756;-0.624423;-0.786955;0.653184;-0.357769
0.026220;0.003066;-0.224150;-0.220492;-0.858962;-0.914708
0.350087;-0.619896;-0.661758;0.137002;-0.578082;-2.315650
-0.148485;-0.356110;-0.373747;0.433350;-1.093008;-0.821511
0.150977;0.945042;-0.085440;-0.029970;-1.845615;-1.602545
0.576312;0.083323;-0.180089;-0.279438;-1.302965;-1.658902
-0.051302;-1.707491;-0.161206;-0.972134;2.050897;0.132195
-0.533726;-0.803579;-0.426831;-1.914034;0.497565;-0.832350
-0.469027;0.706744;-0.329261;-0.954717;-0.675516;-0.428198
-0.825614;0.854088;-0.263704;-1.174528;-0.243175;0.488523
-0.580151;0.119986;0.123241;-0.998961;-0.309260;1.518328
0.011761;0.110530;0.223691;0.190342;-1.204843;-1.037992
2.648240;-3.093021;0.363647;0.981291;-0.257581;-3.021338
3.497595;-3.093122;-1.487124;0.043125;0.581457;-2.820583
2.454282;-1.040410;-0.217843;1.888315;-1.737932;-2.078586
0.329551;0.546625;-0.264493;-0.181346;-1.492418;-1.970569
-0.347898;-1.211611;-0.371846;-1.293433;0.671292;0.017473
-0.441723;1.175902;-0.141158;-0.599508;-1.354947;-0.741221
-0.357073;1.471198;-0.048460;-0.268735;-2.106644;-1.566691
0.191529;-1.380519;-0.391385;1.113638;-0.792559;-1.934398
-0.104309;-1.845556;-0.407685;1.200011;0.614883;-0.652427
-0.599038;1.408860;-0.371265;-0.949322;-1.025086;-0.967703
-0.502967;1.262800;-0.388976;-0.936074;-1.008970;-0.636698
-0.760371;0.738313;-0.323458;-0.883429;0.502742;-0.118143
-0.256581;0.445955;-0.254400;-1.304848;-1.426164;-1.141289
-0.295305;-0.109584;-0.463599;-1.377372;-0.151676;-1.560089
-0.421021;0.405253;-0.439101;-0.738580;-1.090101;-0.771112
-0.480527;0.958771;-0.333425;-0.782397;-1.375699;-0.139498
-0.926862;1.028648;-0.197483;-0.430416;0.448164;0.900881
-0.399767;2.278673;-0.038976;-0.413433;-3.201469;-0.491416
-0.263836;1.130862;-0.369262;-0.862784;-1.041854;-1.183849
-1.011590;1.015983;-0.464072;-0.055544;1.641138;-0.214620
-0.417737;1.443253;-0.014908;-0.049201;-2.080696;0.304513
-0.335164;1.151304;-0.160140;-0.497327;-1.613279;-1.043821
-0.789785;-0.226062;-0.405942;-0.575683;1.750280;-0.928841
-0.794973;0.014141;-0.296011;-0.954904;0.380098;0.195740
-0.921276;1.742991;-0.104168;-0.485051;-1.390793;0.974983
-0.407921;2.195643;-0.199434;-0.845203;-2.689885;-0.897306
-0.198294;1.141418;-0.451112;-1.073243;-1.445683;-1.590061
-0.765470;-0.687240;-0.507341;-1.068849;2.203525;-0.833250
-0.153596;-0.554786;0.050857;0.190447;-0.811850;-0.177065
0.369331;-0.338581;0.139553;0.850264;-2.122557;-0.608528
0.005202;0.001060;-0.415453;-0.271150;-0.385256;-0.943218
-0.069026;-1.615659;-0.132192;-0.336426;0.149434;0.069136
0.170563;-0.927222;0.003782;0.300188;-0.904588;-1.824499
-0.217742;-0.770598;-0.279598;-1.092794;0.283195;-1.308436
-0.673826;-0.381989;-0.489920;-0.224489;2.643541;-0.433085
-0.395566;0.229552;-0.288814;-1.129850;-0.793715;-0.752881
-0.437997;1.041294;-0.320690;-0.782343;-1.091544;-0.870440
-0.654234;0.533807;-0.500091;-0.484445;0.507506;-0.229616
-0.513808;1.065703;-0.266830;-0.865449;-1.394254;0.005914
-0.545632;1.079034;-0.338425;-1.126539;-1.518122;-1.180979
-0.784978;0.479065;-0.290919;-0.394366;1.540399;-0.010291
-0.978841;1.471736;-0.272870;-0.137569;0.160313;0.674855
-0.762960;0.883755;-0.217140;-0.568217;-0.992241;0.219042
-0.796143;0.095264;-0.159005;-0.981984;0.535918;1.079526
-0.622724;1.244694;-0.049795;-0.508882;-2.235829;0.339334
-0.324082;1.794341;-0.287569;-0.368140;-1.959392;-0.873892
-0.555778;0.448727;-0.289210;-0.820846;-0.274550;0.079879
-0.835023;0.508404;-0.225386;-0.529352;0.446627;0.543836
0.005157;0.596402;-0.069443;-0.643586;-1.737586;-0.936098
0.229700;-0.016288;-0.566416;-0.485925;-0.686804;-1.668033
-0.724666;1.101042;-0.560042;0.737847;1.388345;-1.225908
-0.250973;-0.659107;-0.164519;-0.372397;-0.882157;-1.680504
-0.205149;-1.284378;-0.203574;-0.577850;-0.129429;-0.944447
-0.357364;0.167134;-0.282446;-1.277773;-1.503253;-0.675941
-0.427411;0.664448;-0.207096;-1.121184;-1.156587;-0.840560
-1.087401;0.645582;-0.377171;-0.262414;2.566551;-0.237897
-1.161938;1.862694;-0.271026;-0.182298;0.765796;0.749089
-0.710042;1.393860;-0.085613;-0.648260;-2.366072;-0.030761
-0.584017;0.810091;-0.181938;-0.337297;-1.346243;-0.532081
-0.640229;-0.130860;0.237909;0.148323;0.384587;0.496840
-0.500084;0.830083;0.168066;-0.108969;-1.796233;-0.678578
-0.757563;0.814510;-0.302301;-1.063680;-0.713142;-0.768740
-1.117282;1.153773;-0.352302;-0.153722;1.758962;0.459656
-0.756745;2.172125;-0.027254;-0.527614;-2.063222;-0.138707
0.030552;-0.314951;-0.059351;-0.105550;-0.776342;-2.106729
-0.091345;-0.561598;-0.510726;-1.174883;-0.473362;-1.829557
-0.005983;0.654693;0.236259;0.275222;-2.674911;0.320756
1.036738;-3.446917;-0.149263;-0.313766;-0.003769;-1.333953
0.968046;-3.104004;-0.220451;-0.108018;0.187041;-1.200047
-0.440666;0.225678;0.011900;-0.691554;-0.996955;-0.904898
-0.998157;0.450925;-0.262304;-1.088427;2.005046;0.851986
-0.585483;0.247954;0.063521;-0.990112;-0.891507;0.694716
0.357012;-1.401658;-0.190204;-0.812756;-1.054461;-2.372617
0.073210;-1.606714;-0.234759;-0.456903;-0.058094;-1.922782
-0.678019;0.928519;0.028925;-0.833740;-2.558219;0.371389
-0.348711;1.163273;0.026063;-0.740504;-2.603619;0.111371
-0.484012;-0.183370;0.060426;-0.655651;0.143285;0.498817
-0.559043;0.704612;-0.149186;-0.605358;-0.736363;-0.961633
-0.320097;0.578087;-0.514421;-1.023090;-0.989808;-1.458482
-0.688477;-0.015109;-0.627305;-0.680199;1.038963;-0.436891
-0.553032;1.224829;-0.360209;-0.805266;-1.546006;-0.021372
-0.511773;0.725114;-0.401846;-0.908812;-0.563239;-0.420372
-1.117105;1.846501;-0.403220;0.347984;0.905660;-0.048868
-0.743414;1.353748;-0.073584;-0.326184;-1.718144;0.506102
-0.650189;0.911093;-0.204024;-0.671670;-1.152244;-0.134744
-0.685394;0.260408;0.043947;-0.665747;0.352603;-0.074498
-0.127910;0.640994;-0.245079;-1.245861;-1.726357;-1.740133
0.097489;-0.101309;-0.723299;-1.368169;-0.526523;-2.282537
-0.315424;0.022254;-0.663562;-0.611739;-0.036189;-2.247466
0.616174;1.615002;0.003350;0.033797;-2.531855;-1.166442
0.999079;3.139775;0.651575;1.765003;-1.798938;-2.685950
0.464791;0.323358;0.192336;-0.497270;-0.819704;-3.074261
7.413045;-3.702225;3.205079;1.441770;-1.358333;-1.251313
10.882069;-2.828288;4.142006;1.805005;-2.728449;-3.799651
7.220948;-6.952424;0.989913;6.553164;-5.243091;-1.982504
2.627710;-7.216288;1.192159;4.765807;-2.421275;-1.076510
-0.253164;-1.160938;-0.249080;-0.744106;0.178641;-2.611157
-1.098621;0.082392;-0.344675;-2.074601;-0.520795;-0.056154
-0.509581;-2.474248;0.197107;-0.852558;0.370090;0.397682
-0.295952;-2.122070;0.089049;-1.417296;-0.448700;-0.067669
-0.532606;1.585415;0.087842;-0.733683;-2.561805;0.013930
-0.528918;0.380764;-0.211561;-1.471811;-1.380783;-0.870647
-1.070208;-0.365599;-0.386668;-1.790198;-0.795728;-0.875158
-1.180415;0.017639;-0.530509;-2.143361;-0.646663;-0.399877
-1.153081;-0.814922;-0.282265;-2.781812;0.317447;0.288856
-1.000124;0.044461;-0.271174;-1.351510;-0.580696;-2.057635
-0.879123;-0.385505;-0.423747;-1.041661;-0.631876;-3.170817
-0.726348;0.374899;-0.525928;-1.486917;-1.774859;-1.708628
0.279826;1.531799;0.668043;0.792362;-3.089408;-0.102122
0.512568;0.191891;0.003797;-0.688777;-2.279388;-1.357428
-0.825588;-0.441014;-0.316613;-0.580047;-0.847856;-1.503398
-0.908729;-0.265079;-0.452607;0.381421;-0.953325;-3.489702
-0.271455;-1.320087;-0.216861;-1.669118;-1.372307;-2.362098
-0.299916;-1.017918;-0.090810;-2.273901;-1.422135;-1.026643
-0.918800;-1.216977;-0.295143;-2.093554;-0.426488;-1.042950
-1.097260;-0.856124;-0.273686;-1.968264;-0.221233;0.039795
-1.083452;1.036245;0.175405;-1.171364;-1.994930;1.790373
-1.007057;1.167583;-0.308140;-0.809391;-1.656593;-1.360865
-1.035403;-0.047719;-0.309964;-0.314712;-0.955529;-1.441575
-0.902191;0.097623;0.013782;-0.974611;-1.710694;0.448819
-0.572724;1.717265;0.394693;-0.245792;-3.899393;0.673047
-0.285883;-0.164854;-0.162790;-1.303908;-2.887128;-1.094488
-0.761092;-0.669383;-0.279166;-0.705493;-1.164860;-1.053773
-0.901320;1.361890;-0.264579;-0.462431;-1.329861;-0.648603
-1.056602;0.803120;-0.181494;-1.471788;-1.120539;0.018000
-0.731617;-1.571245;0.362465;-0.540986;-1.507493;1.833233
0.846986;-2.156429;-0.578100;-0.411225;-0.598411;-1.294240
0.850044;-2.514254;-0.910773;-0.893270;0.259733;-2.113865
-0.778941;-2.536300;-0.175766;-0.388014;0.429807;-3.188515
-1.001404;-0.070861;-0.040961;-1.511130;-1.052876;0.284503
-0.804845;0.136763;-0.212961;-2.329836;-2.210497;-0.730558
-0.651669;-1.126901;-0.136804;-2.066937;-1.407717;-1.136182
-0.328671;-2.188621;-0.038281;0.152311;0.295956;-2.567584
-0.386266;-1.437198;0.149604;0.154041;-0.477510;-1.089512
-0.956219;0.323933;-0.044945;-1.289848;-1.285962;0.064350
-0.983375;-0.868063;-0.192820;-2.012354;-1.257189;-0.422891
-0.305127;-0.378850;-0.177256;-2.252884;-2.519930;-0.750345
0.528207;-0.168125;-0.142161;-1.128735;-1.913266;-2.095301
0.241524;-2.247736;-0.209680;-1.750157;-0.951269;-2.367728
-0.390620;-1.463667;-0.532756;-0.301370;-1.597054;-3.440879
-0.611737;-1.273792;-0.334246;-1.443660;-1.013075;-2.173592
-0.670060;-0.116839;-0.113807;-2.114507;-1.914552;-0.728265
-0.395507;-1.044962;-0.107080;-0.262559;-1.530228;0.326807
-0.581746;-1.148188;-0.178465;0.205987;-0.028298;0.079331
-0.978568;0.461850;-0.209159;-1.859335;-1.092453;-0.219242
-0.989510;0.915880;-0.019488;-1.536937;-2.211018;0.496524
-1.109897;-0.365591;-0.281177;-2.601255;-2.013517;0.747062
-0.894990;-1.091733;-0.085970;-1.593500;-0.388863;0.555089
-0.632152;1.384275;0.141379;-0.422756;-2.221437;0.582826
-0.279774;0.179390;0.634943;-1.074191;-3.110389;1.626855
-0.283964;-1.797955;0.418178;-1.537560;-1.864645;0.272089
-1.233726;0.269304;-0.482642;-2.107440;-1.828082;-0.294446
-1.235637;0.986015;-0.162620;-1.308526;-0.930871;1.337071
-1.083311;-0.050034;-0.269641;-1.671302;-0.785135;-1.233166
-1.365159;0.093713;-0.442826;-2.016602;-1.266557;-0.828727
-0.076241;-0.244420;0.115987;-1.249322;-2.269810;-1.089205
0.747701;1.980390;0.041772;0.537630;-2.466740;-2.218609
0.384271;-0.538056;-0.346477;-1.619720;-2.194224;-2.276088
-0.608979;-0.281035;-0.730953;-1.352375;-2.569392;-1.657099
-0.590233;-1.767627;-0.484798;-1.550409;-1.458775;-2.393957
-0.741012;-1.606609;-0.108494;-0.176689;1.479520;-2.789176
-0.830464;-0.046425;-0.312923;-1.160687;-0.341554;-1.842517
-0.652108;-0.832983;-0.293198;-1.885559;-0.986098;-0.437133
-0.700088;-1.120293;-0.373681;-1.968236;-0.803696;-1.084668
-0.835578;-0.855760;-0.229767;-2.036868;-0.800622;-0.784706
-0.669786;0.960426;0.011340;-1.102100;-3.019460;-0.035708
-0.922261;0.552120;-0.197926;-2.922957;-3.002064;0.945185
-1.196400;-0.868755;-0.179023;-2.789958;-0.425164;1.241334
-1.218650;-0.196938;-0.376985;-1.833640;-0.429062;-0.059382
-0.940139;0.428923;-0.349867;-1.850040;-1.325599;-0.076445
-0.829896;0.490621;-0.222158;-2.146013;-2.042027;0.742587
-0.951879;-0.947768;-0.181836;-2.045618;-0.581348;-0.720244
-1.340177;-0.693072;-0.435999;-3.146835;-1.680897;0.016953
-0.977129;1.094595;-0.237758;-2.479787;-2.750369;0.303819
-0.408782;1.361539;0.232809;-0.870781;-3.345436;-0.180336
-0.531288;-0.616844;-0.251949;-1.777923;-1.861617;-1.760594
-1.067551;0.221991;-0.557864;-0.756707;-1.587817;-2.523231
-0.977469;-0.324305;-0.413568;-1.683592;-0.597702;-1.364207
-0.811091;-0.353297;-0.143399;-2.130469;-1.242572;0.006711
-0.926285;0.434155;0.054250;-1.220087;-1.344841;1.416063
-1.197644;0.292797;-0.026118;-1.628602;-0.481767;1.570676
-1.137295;0.777184;-0.187159;-2.455559;-1.578704;0.982625
-1.026106;0.632980;-0.209453;-1.976120;-2.205786;0.367949
-1.172536;-0.163004;-0.197124;-1.870418;-1.504184;-0.011181
-1.217669;0.170069;-0.381536;-1.578977;-1.074907;-0.341788
-0.971750;0.892653;-0.240465;-1.119438;-1.020998;-0.276322
-0.835992;1.506265;-0.014401;-1.147196;-2.955118;-0.212920
-1.130344;0.172960;-0.082734;-2.289055;-1.398755;0.980178
-0.927284;0.624007;-0.109564;-1.808632;-1.971007;0.095129
-0.723967;0.690436;-0.181071;-1.807415;-2.299868;-0.528597
-1.047483;-0.778710;-0.247551;-2.760153;-1.226530;0.336435
-1.241232;-0.954564;-0.032498;-2.391662;-0.419851;1.413523
-1.317703;0.744607;-0.025473;-2.375017;-2.450962;2.442677
-1.272747;0.564341;-0.306476;-2.401124;-1.982557;1.314787
-1.200858;-0.355790;-0.292348;-1.719889;-0.770350;-0.077761
-1.156305;0.384856;-0.044353;-1.048666;-0.385113;0.478416
-1.169502;0.262808;0.061230;-0.840482;0.371956;-0.067735
-0.905660;0.421144;0.089236;-1.616257;-2.386905;0.547765
-0.619038;0.139431;-0.161509;-1.748237;-1.967634;-0.829174
-0.817615;-1.226984;-0.271264;-1.981577;-0.931926;-0.979388
-0.974849;-0.551367;-0.475926;-1.865539;-0.742824;-0.932950
-0.830908;-0.442260;-0.344756;-2.111204;-0.959002;-1.098999
-0.942767;0.270150;-0.165611;-2.093780;-1.989595;-0.003882
-0.996718;-0.861948;-0.316106;-2.454070;-1.270986;-0.331571
-0.926419;-1.214177;-0.443519;-1.867735;-0.519852;-2.152333
5.588843;-5.185681;-0.252812;1.561005;-1.566691;0.911046
2.584360;-8.291554;1.542036;1.844702;-0.294600;3.294655
2.457615;-9.737285;1.458367;2.845315;-1.045403;1.643580
-1.203690;-1.531778;-0.067078;-2.054516;1.662599;0.023759
-1.664166;0.688866;-0.441187;-2.394962;0.400399;2.976361
0.024753;-3.362901;0.804155;0.053362;-0.523450;1.398926
0.389618;-2.747082;0.311489;0.010213;-1.392734;-0.842498
-0.695658;-2.030220;0.120993;-0.879565;0.323742;-1.893415
-1.306215;-1.270787;-0.109087;-2.521450;-0.103889;0.196252
-1.343047;-0.025080;-0.340686;-2.076251;0.163471;0.819506
-1.407357;0.155148;-0.239942;-1.697800;1.120764;1.532136
-1.516012;1.036458;-0.424222;-0.999853;1.354101;0.155825
-1.599341;1.109883;-0.374326;-1.741928;0.027628;1.999925
-1.409405;-0.496023;-0.213410;-2.118228;0.534544;2.055293
-1.041143;-1.775521;-0.080715;-1.564005;1.509054;0.056835
-0.065187;-3.807907;0.967889;-0.352114;0.120808;3.280572
-0.033888;-3.640919;0.842328;0.333186;0.382308;0.701685
-0.768498;0.209330;-0.070887;0.020184;-0.019587;-3.785423
-0.544703;0.432371;-0.359615;0.084336;-0.705153;-3.502355
-0.741862;0.895802;-0.622567;0.038057;0.302552;-2.406446
-0.768632;-0.023740;-0.493252;-0.811337;0.631255;0.241148
-1.080524;-1.037298;0.031528;-1.828500;-0.568513;1.496529
-1.522039;1.712245;-0.400890;-1.875321;-0.915206;1.967432
-1.194726;0.043944;0.098109;-0.571332;0.824647;1.773236
-1.004839;-1.108598;0.076703;-1.189843;0.211490;0.256440
-0.934817;-0.345070;-0.022638;-0.897645;-0.257827;0.305333
-1.125999;-0.975380;0.042828;-1.796742;0.068033;1.881427
-1.496087;-0.064100;-0.142469;-1.921166;0.053811;3.208011
-0.262413;-1.425965;1.188678;0.881238;-1.405267;2.190295
0.207507;1.155489;1.385654;3.379278;-1.878144;-0.204223
2.059460;-2.202497;0.649790;2.573798;-1.503064;-3.494779
2.106523;-2.952673;0.128780;2.446861;-1.160648;-2.870282
0.195273;-0.683840;-0.387986;-0.162703;-0.286700;-1.530030
-0.042608;-1.234394;0.040497;-0.986394;-1.423465;-0.978080
-0.945903;-0.880270;-0.093462;-2.004205;-0.553526;0.243443
-1.362275;-1.491185;-0.087459;-2.424211;-0.445158;-0.428413
-1.594764;0.188435;-0.234345;-2.858552;0.157567;3.977927
-1.563028;0.251888;-0.315823;-2.591526;0.083829;2.411830
-1.608169;0.260826;-0.313579;-2.769594;0.358791;2.284893
-1.667627;0.286029;-0.237559;-2.590712;0.566549;3.443193
-1.598115;-0.155529;-0.081792;-2.679973;1.040573;4.480276
-0.953587;0.184026;-0.181183;-1.720261;-0.429954;2.056384
-0.663572;-0.723585;-0.212224;-1.962349;-0.621363;-0.248354
-1.219767;-0.833611;-0.141042;-2.567794;0.168463;1.068683
-1.656733;0.993653;-0.143866;-1.668248;1.821867;3.954639
-1.595116;1.006125;-0.051405;-1.091598;2.007985;3.610798
-1.517302;-0.048985;-0.312091;-2.920015;0.452658;2.458001
-1.598840;0.246102;-0.465254;-3.649948;-0.505367;2.288561
-1.518434;0.281539;-0.333916;-2.903200;-0.358533;1.705741
-1.582926;0.026096;-0.300535;-2.869754;-0.317069;2.333112
-1.476647;-0.017345;-0.192065;-2.048970;1.036212;2.638860
-1.422129;0.576822;-0.313549;-1.832873;-0.428774;1.719808
-1.625003;1.636916;-0.230719;-1.075987;0.350066;3.114388
-1.601267;0.203652;-0.199776;-2.290495;1.607300;3.584956
-1.542995;0.814395;-0.270129;-1.555166;0.872133;2.018989
-1.588166;0.745432;-0.240889;-2.233517;0.524323;3.094118
-1.244302;-1.768739;0.181794;-2.093004;0.772954;1.834126
-1.169623;-1.130821;0.092678;-1.460602;0.605451;1.018086
-1.459852;0.858820;-0.318163;-2.212277;0.084803;1.852777
-1.489053;1.408671;-0.417739;-1.635739;-0.050455;1.014110
-1.600868;1.334843;-0.386657;-1.616224;0.372385;2.237461
-1.261190;0.750440;-0.325488;-1.545892;-0.516473;0.698199
-1.202343;1.154986;-0.319202;-0.682084;-0.985416;-0.134806
-1.322797;0.243726;-0.007327;-1.036029;0.364539;2.197225
-1.215058;0.190156;-0.121661;-1.790284;-0.837853;1.168038
-1.467068;0.912887;-0.064920;-1.663371;-1.241355;2.214390
-1.520835;1.137395;-0.137044;-1.052127;0.227657;2.100437
-1.389450;1.637241;-0.214540;0.288426;0.683801;0.414845
-1.517746;1.495355;-0.139014;-0.046840;1.643461;2.579363
-1.463916;1.487917;-0.143570;-1.000140;-0.684883;2.174791
-1.469261;1.493447;-0.249263;-1.193418;-0.634775;1.493887
-1.549839;1.439604;-0.345740;-1.289369;-0.155232;2.085033
-0.244315;-4.078409;0.933769;1.347480;-0.930731;3.354812
-0.152592;-4.249763;0.651460;0.418988;0.085192;1.419575
-1.114487;-1.130606;-0.086495;-1.625714;0.770983;0.154651
-1.579235;1.621120;-0.352503;-1.089687;0.175523;2.559193
-1.691888;0.644144;-0.223255;-1.995910;1.461865;4.190571
-1.678302;1.497941;-0.316264;-1.238243;0.832566;2.140921
-1.574528;1.093364;-0.274046;-1.327987;0.377611;1.526347
-1.430414;0.528367;-0.156958;-1.851618;-0.296516;2.136859
-1.281208;0.135318;-0.172466;-2.088932;-1.621099;1.746949
-1.384398;0.154139;-0.184418;-2.186827;-0.366530;2.282504
-1.445502;1.048002;-0.423073;-2.334741;-0.503412;2.767347
-1.306809;0.373449;-0.389966;-2.269829;-1.580258;1.165005
-1.370042;0.315066;-0.333607;-2.565065;-1.441663;1.517122
-1.425224;0.987543;-0.332865;-1.909422;-0.954890;1.919725
-1.437484;0.762719;-0.319200;-1.509778;0.793012;2.649397
-1.455232;1.637815;-0.334372;-1.067803;-0.363833;1.046856
-1.458962;0.826923;-0.339887;-2.173723;-0.844371;1.156219
-1.272887;0.080409;0.294574;-0.731196;-0.617653;2.756428
-1.318146;0.817192;0.074397;-0.249243;0.222822;2.481695
-1.619326;1.066273;-0.194707;-1.035251;1.691487;2.971298
-1.402832;0.845483;-0.186060;-2.221753;-1.606168;1.890009
-1.353792;1.502294;-0.322597;-1.164781;-0.534508;0.887818
-1.537083;1.373286;-0.130847;-0.628829;1.119240;2.850995
-1.239266;0.378341;-0.206332;-1.836669;-1.122268;1.908203
-1.260047;0.635821;-0.139250;-1.229959;-0.312967;2.417595
-1.487847;1.304113;-0.207177;-0.614817;0.601281;2.376559
-1.484884;1.792374;-0.155664;-0.204440;0.110685;1.448510
-1.546400;0.712627;-0.132678;-1.767125;1.080012;3.319988
-1.437496;1.647456;-0.133164;-0.876205;0.007191;1.841681
-1.454102;1.485236;-0.138996;-1.092942;-0.801370;1.783044
-1.471782;0.131155;-0.258703;-2.884236;-0.376249;1.934415
-1.241973;0.596879;-0.372543;-2.555614;-2.503543;-0.250159
-0.880114;-1.176086;0.375109;-0.593051;0.054148;0.939942
-1.009798;-0.596611;0.821549;0.491756;0.278491;2.874800
-1.254145;1.063991;-0.042458;-1.432718;-0.798265;1.831383
-1.355110;-0.015743;-0.158143;-1.767403;1.537608;3.262249
-1.501772;1.503645;-0.063234;-1.171140;-0.785376;2.804560
-1.497806;2.453613;-0.331101;-0.376666;-0.290343;1.236890
-1.574619;1.711995;-0.385613;-0.618782;0.758018;1.708280
-1.463634;1.138278;-0.194859;-1.512073;-0.582475;2.065953
-1.377667;1.192249;-0.225890;-0.927310;-0.679773;0.212911
-0.928109;-2.085371;-0.294501;-3.128671;0.709975;-0.609975
-0.498252;-0.714745;-0.368010;-2.100943;-0.838321;-1.145677
-0.574257;-1.378460;-0.303156;-2.543488;-1.035808;-1.121037
-1.158849;-1.663148;-0.196893;-2.609520;0.530856;0.665843
-1.215428;-0.996426;-0.160744;-1.993520;2.228308;1.781712
-0.869046;1.508390;-0.190984;-0.334051;-0.893763;-0.480783
-0.709133;1.161142;-0.172784;0.023812;-0.582214;-1.290056
-1.056100;-0.441129;-0.428273;-1.052888;1.455283;-1.368644
-1.005565;-1.037227;-0.285428;-1.603190;1.740954;-0.541461
-0.841311;-1.030770;-0.199358;-1.744909;1.326493;-0.482491
-0.467200;-1.648827;-0.222931;-2.224736;-0.596062;-1.378410
-0.502826;-1.850328;-0.287279;-1.687575;-1.361999;-2.073479
-0.953159;-1.590462;-0.383318;-1.903295;0.216667;-1.797474
-1.066669;-0.910689;-0.360662;-2.013413;1.438879;-1.150887
-1.214442;-1.329526;-0.324119;-2.474710;1.875460;-0.227957
-0.625586;-1.889916;-0.148944;-2.032520;1.636419;-0.076601
-0.356822;-0.406319;-0.329139;-2.023949;-1.532501;-1.067719
-0.858903;-0.032271;-0.126729;-1.937183;-1.350802;-0.556409
-1.124741;-2.379515;-0.025738;-1.839313;2.017797;1.004340
-0.994622;-1.847835;-0.138106;-1.580679;2.476495;0.226892
-1.104802;1.626199;-0.281708;-0.834878;-1.024829;-0.628236
-0.635124;0.180412;-0.382871;-1.042504;-1.124623;-1.767125
-0.791215;-0.207182;-0.356973;-0.760327;0.242581;-1.862532
-1.048245;-0.925543;-0.383675;-2.102287;0.253858;-1.548376
-1.012087;0.467332;-0.354366;-1.831867;-1.543582;-1.577025
-0.730974;-0.628557;-0.268238;-1.552456;-1.143456;-1.532850
-1.128176;-2.522819;-0.427451;-2.735180;1.343347;-1.295129
-1.318156;-0.991599;-0.289251;-2.352094;1.584971;-0.520318
-1.230082;-0.246709;-0.350557;-1.920867;1.223360;-0.028481
-1.060338;0.762779;-0.259341;-1.371929;-0.489602;-0.911974
-0.851472;-0.246092;-0.213485;-1.842342;-1.578029;-0.853725
-1.124088;-1.949926;-0.178861;-3.146606;-0.050933;0.621412
-1.501949;-1.383518;-0.365164;-3.432696;1.790562;1.566484
-0.445182;-3.448613;0.090768;-1.838374;0.227296;-0.281584
-0.221864;-2.745630;-0.205552;-1.994759;-0.825715;-1.996608
-0.899821;-1.211335;-0.211538;-1.370443;1.278753;-0.921783
-1.280830;-0.228704;-0.267135;-1.560009;1.609057;-0.123839
-0.786389;-0.215052;-0.287109;-2.044549;-1.030364;-1.122669
-0.486439;-1.576981;-0.399497;-2.417904;-0.755583;-2.482135
-0.768610;-1.420203;-0.425672;-2.174624;-0.518773;-1.331366
-0.977970;-1.422493;-0.389233;-2.638129;0.162468;-0.801949
-1.188985;-0.023649;-0.336971;-2.229649;-0.228047;0.259062
-1.049394;1.791270;-0.220124;-0.403338;-0.472062;-0.273588
-0.719555;-0.710690;-0.385686;-1.705437;-0.542534;-1.507085
-0.914387;-2.047786;-0.372179;-1.729955;1.208824;-1.791006
-1.269136;-1.029556;-0.302112;-2.156895;2.742689;-0.190047
-1.086995;0.642624;-0.302547;-1.366125;0.094974;-1.049060
-0.596081;-0.444865;-0.332220;-1.337396;-0.475467;-2.043439
-0.651750;-2.204792;-0.448301;-3.077926;-0.309987;-2.230310
-0.811199;-1.450509;-0.341815;-1.585366;-0.115724;-2.786230
-0.829949;-1.810753;-0.215664;-1.701858;0.763313;-1.773304
-0.858454;0.008963;-0.171006;-1.132950;-1.067287;-1.483054
-0.837453;-0.819000;-0.232365;-1.746460;-0.664600;-1.994184
-0.921150;-1.918179;-0.065769;-1.549554;0.171241;-1.661565
-1.055698;-0.929022;-0.210315;-1.961585;0.072133;-1.044767
-1.172837;1.214111;-0.393481;-1.625782;-1.161881;-1.369595
-1.081734;1.811029;-0.171983;-0.467697;-0.880915;-0.456292
-0.954456;-1.259821;-0.247403;-2.113829;0.918554;-1.155916
-1.064268;-1.814619;-0.266258;-2.430556;1.030895;-1.541118
-1.122168;-0.108282;-0.400994;-1.723040;1.195076;-1.200732
-0.671588;0.393861;-0.076876;-1.084618;-0.775959;-0.673215
-0.579346;-0.016873;-0.136446;-1.189915;-0.423201;-0.713794
-0.739045;-1.129220;-0.406740;-1.551307;1.287310;-1.477228
-0.856959;-2.125868;-0.384992;-2.887479;1.988711;-0.874976
-0.595389;-2.031038;-0.291038;-2.121887;0.667540;-1.575514
-0.388301;-1.344417;-0.284054;-1.841521;-0.443468;-2.561744
-0.097101;-2.470482;-0.073192;-0.702706;0.287978;-2.610525
-0.388242;-2.934853;0.114223;-0.166899;1.703899;-1.274251
-1.061219;0.492269;-0.269582;-1.422361;-0.381756;-0.560764
-0.873383;0.067406;-0.285515;-1.811091;-0.978693;-0.794272
-0.868086;-0.228823;-0.378575;-1.988361;-0.509365;-1.025466
-0.855819;-1.321865;-0.200326;-1.315586;0.875592;-1.026825
-0.904813;-0.497310;-0.056213;-0.972914;-0.361089;-0.801110
-0.999677;1.350880;0.005789;0.165172;-1.048827;-0.269074
-0.825642;-1.917942;-0.110855;-1.997762;0.274283;-0.804959
-0.822774;-2.662607;-0.025497;-1.936194;1.764820;-0.592724
-0.995553;0.770913;-0.132870;-0.436314;-0.216480;-1.801767
-0.914293;0.551931;-0.137440;-0.615346;-0.242133;-2.030452
-1.049213;-0.214433;-0.329471;-1.534144;0.642753;-1.727285
-1.214921;-0.135511;-0.347999;-1.872271;0.416708;-0.787666
-1.404882;1.176889;-0.284225;-0.822506;0.431470;0.038980
-1.113821;1.350046;-0.114703;-0.386429;-0.730976;-0.251950
-0.429353;-1.043040;-0.240443;-1.775579;-1.241096;-1.676322
-0.431403;-1.809709;-0.492798;-2.120150;-0.716636;-2.061174
-0.889041;-3.825856;-0.270712;-2.864097;2.354326;0.310124
-1.300232;0.152310;-0.306105;-1.665300;1.280292;-0.402822
-1.023207;1.427335;-0.161893;-0.797209;-1.357942;-1.033232
-0.853492;-0.605613;-0.408089;-2.401522;-0.186277;-2.268122
-0.998231;-1.047417;-0.314205;-2.384504;1.262374;-0.658969
-1.036790;1.131001;-0.120285;-1.092193;-0.700566;-0.179831
-0.906105;0.119436;-0.115914;-1.509597;-0.715989;-0.761432
-0.984172;-0.591200;-0.526470;-2.474380;0.325947;-1.868755
-0.854268;-3.450188;-0.539121;-2.489170;1.719058;-3.328261
-0.984993;-1.482628;-0.465826;-3.230024;0.593018;-0.861877
-0.411196;-1.447264;-0.174906;-2.315860;-0.028015;-0.354954
0.275502;-2.570334;-0.595044;-2.513711;-0.328310;-1.199343
-0.104951;-3.096097;-0.293676;-1.921629;0.624126;-1.784047
-0.620899;-2.252860;-0.323438;-1.208811;1.782728;-2.925504
-0.422684;-2.059951;-0.232529;-1.341870;0.573216;-2.906679
-0.148931;-1.071452;-0.261277;-1.268706;-1.128062;-3.171242
0.106698;-0.411559;-0.519480;-1.370798;-1.317124;-3.032066
-0.087129;-0.562723;-0.810215;-2.214003;-0.955305;-2.987206
-0.666143;-1.448125;-0.632139;-1.964291;0.565886;-2.672398
-0.957682;-2.153855;-0.332226;-2.335484;1.563674;-1.036562
-1.273816;0.835053;-0.115938;-0.329509;0.753941;0.461594
-1.281637;2.447161;-0.289348;-0.222036;-0.090196;-0.191049
-0.922306;1.030229;-0.225777;-0.874828;-0.821501;-1.391249
-0.953199;-0.089585;-0.265001;-1.403271;-0.002565;-0.776961
-0.735898;-0.806429;-0.453878;-1.896049;-0.021444;-1.612660
18.290391;-12.659638;1.395443;10.261064;-5.354308;-0.048080
12.475079;-12.330301;1.720951;7.806424;-4.501493;-0.535470
3.598405;-2.672765;-0.295455;0.978111;0.244056;-3.504357
4.182861;-6.160554;0.866056;0.833818;-0.636345;-0.430421
3.347575;-7.211442;1.708907;1.186022;-0.925000;2.420849
-0.795405;-1.203542;-0.062835;-1.771944;0.450848;2.554914
-1.135465;-1.003769;-0.309350;-2.815972;1.036338;2.804141
-0.948499;-1.074730;-0.502200;-2.000248;1.027855;0.929348
-1.135526;1.167116;-0.543040;-0.411032;0.242362;1.438289
-0.903335;-1.460689;-0.127047;-2.110665;0.227662;1.713141
-0.447499;-2.768594;-0.280299;-2.209573;1.303042;-0.434068
1.013892;-3.387855;-0.139877;-0.269885;0.045094;-1.391540
0.835699;-3.829684;0.086641;-0.158531;0.094377;-0.870253
-0.892263;-0.882220;-0.431753;-1.141014;1.115186;-0.525865
-0.440606;-2.364455;-0.392455;-1.502516;1.173014;-0.401235
27.108581;-22.460585;2.026509;14.815304;-9.484667;5.119899
28.459273;-20.854680;-0.899263;13.867104;-8.184173;2.916191
6.082630;-8.520343;1.812188;2.261510;-0.681618;1.287431
2.265034;-3.581465;0.428317;-0.150708;-1.202248;-1.456700
2.236153;-4.216405;0.536263;0.583358;0.412765;-1.018222
1.691745;-4.103760;0.373227;0.313397;-0.209660;-1.409237
3.001065;-4.446344;-0.551356;0.605671;-1.535399;-4.031818
3.137401;-4.697189;-0.323014;0.967989;-2.143697;-4.180544
4.418265;-5.298327;0.021275;1.401096;-1.423523;-4.223925
3.231267;-4.206008;0.374673;2.069661;1.102369;-2.102129
0.022469;-2.206973;0.822115;1.437616;4.285113;-0.027193
-0.008989;-2.778968;1.281651;1.652530;4.240423;3.430234
-0.518043;-2.178266;0.425220;-0.707132;4.245796;2.551323
-0.716804;-2.673301;0.802004;-0.425358;3.654184;4.082777
0.039916;-5.998878;2.381377;1.461056;4.505004;8.717576
0.005495;-6.423706;2.293139;0.818335;5.520075;8.433363
-0.920118;-0.337962;-0.377156;-1.588625;1.055633;1.450172
0.642972;-4.704446;0.555563;1.586515;0.607140;1.154236
0.613158;-5.037853;0.395531;1.149741;1.381688;0.504207
-0.770608;-2.321559;-0.081946;-1.942907;2.510891;-0.203018
-1.282791;-0.464808;-0.224173;-1.703460;0.179515;0.947418
-0.945829;-2.137954;-0.408306;-3.105538;-0.499817;0.092725
-0.625948;-1.528594;-0.370715;-2.593512;-0.813973;-0.212070
-0.606046;-1.338946;-0.212553;-1.544676;-0.722754;-0.374876
-0.452177;-1.030804;-0.581229;-1.621463;-0.576901;-1.315258
-0.010803;-1.570294;-0.449671;-0.630801;-1.513923;-0.778930
0.065238;-1.085880;-0.152404;-0.670670;-2.909641;-0.495975
-0.266057;0.142577;-0.208876;-0.931566;-2.193828;-0.844155
-0.924428;-0.244354;-0.482023;-0.816351;1.006672;-1.285100
-1.066861;-0.549430;-0.482967;-2.459443;1.222707;1.627514
-1.125753;-0.847576;-0.622211;-3.479845;-0.462273;0.799950
-1.027705;-0.119559;-0.381051;-1.791733;0.247490;0.595925
-0.934275;-1.362542;-0.349348;-2.469329;0.627649;0.343848
-0.808807;-1.913123;-0.357658;-1.910247;1.533617;-0.734930
-0.969157;-0.456651;-0.466132;-1.786357;0.748852;0.548265
-1.110847;-1.457735;-0.565034;-3.899701;0.490647;2.093326
0.495990;-5.394346;-0.164479;-0.573912;0.220313;-1.965074
1.025327;-4.570094;-0.828762;-0.556512;0.080677;-3.223246
0.153102;-2.729450;-0.398919;-1.011552;0.945674;1.258650
-0.860782;0.376423;-0.508414;-1.971391;-0.967863;0.635002
-1.109498;-0.409265;-0.843926;-3.427561;-1.186995;0.624717
-0.944269;0.802953;-0.666380;-1.327875;-0.672359;0.023452
-0.678514;-0.248915;-0.517955;-0.994698;0.154505;-0.333279
-0.657360;-2.600763;-0.395323;-2.753573;1.269903;-0.089281
-0.729552;-1.261978;-0.369450;-1.689125;0.848233;0.250018
1.183246;-6.120233;0.877780;3.139414;0.854019;2.215337
1.404155;-6.211418;0.739865;2.504523;1.347359;1.574255
0.826255;-4.641780;1.345665;0.623082;1.719079;0.812803
0.448512;-5.245719;1.354212;-0.061958;2.435925;2.918852
-0.473135;-2.739962;-0.177971;-2.987327;0.285690;0.298908
3.809800;-11.696125;1.796360;7.015588;-0.454215;1.910723
3.972235;-10.952525;1.511999;6.470135;0.790861;3.470243
0.236947;-2.481639;0.047698;-1.248903;1.042404;-0.729938
-0.875500;-0.484696;-0.298460;-1.881389;-0.470596;1.464080
-1.190481;-0.523299;-0.296045;-2.653293;1.315036;2.027249
-0.710504;-2.366643;-0.362294;-3.450163;0.105112;0.691044
-0.650419;-1.645192;-0.356713;-2.187949;-0.055306;0.039873
-1.261130;0.862140;-0.626850;-1.515624;-0.019880;0.550020
-1.125248;-0.904618;-0.576240;-3.573152;-0.483517;1.147177
-1.105239;-0.125402;-0.455873;-2.084070;-0.137315;1.212758
-0.988697;0.055839;-0.427030;-0.963561;-0.393136;0.904854
-0.964107;-1.832067;-0.541694;-3.322538;0.360786;0.741527
-1.266071;0.714945;-0.656515;-2.494928;0.003579;1.439185
-1.199740;-0.323276;-0.494009;-2.359946;1.649300;1.540349
-1.090991;-1.580156;-0.366657;-2.850908;0.831744;1.582759
-1.084072;-0.595145;-0.506050;-2.848861;-0.574060;1.469297
-0.594736;-2.009809;-0.367170;-2.438304;-0.261529;-0.167336
-0.551200;-1.822867;-0.442457;-2.421660;0.025819;-0.476845
-0.852632;-0.140146;-0.657594;-2.652160;-1.790018;-0.136250
-0.357456;-1.496198;-0.535723;-1.263192;-0.292861;-1.168465
-0.176831;-1.202533;-0.429620;-1.629605;-1.801982;-1.651016
-0.231050;-1.033743;-0.562810;-1.748457;-1.084772;-1.675163
-0.381720;-1.638731;-0.501870;-1.169295;0.667523;-1.114364
-0.610184;-2.076104;-0.449271;-3.386798;-0.202093;0.263368
-0.728408;-1.093167;-0.465190;-2.542416;0.074335;0.102107
-0.981575;-0.239833;-0.746337;-2.740647;0.906758;1.162391
-0.980068;-2.193598;-0.590015;-4.339499;1.695769;1.775218
-0.769951;-1.747978;-0.769875;-3.552624;0.348190;0.172630
-0.801886;-1.188228;-0.737884;-2.590276;0.558916;-0.213151
-0.937074;-2.134125;-0.600343;-4.025123;0.287225;0.518456
-0.636280;-2.712906;-0.225449;-2.267532;0.686053;-1.401978
-0.412510;-2.177058;-0.554775;-2.500507;0.364956;-1.111877
-0.478551;-2.351181;-0.627012;-3.816450;0.613318;0.345869
-0.832083;-0.328701;-0.698897;-2.589809;-0.054553;-0.189763
-1.040806;-0.871983;-0.718308;-3.087294;1.502277;0.710495
-1.004433;-1.678054;-0.473343;-4.025409;0.752045;1.990152
-0.652425;-1.465730;-0.313431;-1.987036;-1.462592;0.703850
-0.643056;-1.729767;-0.191180;-1.274561;0.172168;0.870712
-1.169831;0.231552;-0.413113;-1.796472;-0.640507;0.597211
-1.240564;0.108963;-0.488971;-1.949376;-0.449463;0.588476
-1.003723;0.165117;-0.568497;-2.525458;-1.832664;-0.221936
-0.822276;-0.404148;-0.683516;-2.722377;-1.745959;-1.080611
-1.046282;-0.832466;-0.623876;-2.888800;-0.866309;0.134210
-1.236120;-0.607008;-0.584114;-3.979128;-0.948800;1.375241
-1.084789;-0.666006;-0.573849;-3.175286;-0.685570;0.581578
1.491788;-6.950392;0.818548;0.514403;0.256298;2.916872
11.099414;-6.014623;5.579659;2.886204;-3.164839;-0.273155
