Left Lower Leg_Ax_Mean;Left Lower Leg_Ax_Median;Left Lower Leg_Ax_Std;Left Lower Leg_Ax_Var;Left Lower Leg_Ax_RMS;Left Lower Leg_Ax_AvgDeriv;Left Lower Leg_Ax_Skew;Left Lower Leg_Ax_Kurt;Left Lower Leg_Ax_IQR;Left Lower Leg_Ax_ZCR;Left Lower Leg_Ax_MCR;Left Lower Leg_Ax_DomFreq;Left Lower Leg_Ax_Energy;Left Lower Leg_Ax_SpecEnt;Left Lower Leg_Ay_Mean;Left Lower Leg_Ay_Median;Left Lower Leg_Ay_Std;Left Lower Leg_Ay_Var;Left Lower Leg_Ay_RMS;Left Lower Leg_Ay_AvgDeriv;Left Lower Leg_Ay_Skew;Left Lower Leg_Ay_Kurt;Left Lower Leg_Ay_IQR;Left Lower Leg_Ay_ZCR;Left Lower Leg_Ay_MCR;Left Lower Leg_Ay_DomFreq;Left Lower Leg_Ay_Energy;Left Lower Leg_Ay_SpecEnt;Left Lower Leg_Az_Mean;Left Lower Leg_Az_Median;Left Lower Leg_Az_Std;Left Lower Leg_Az_Var;Left Lower Leg_Az_RMS;Left Lower Leg_Az_AvgDeriv;Left Lower Leg_Az_Skew;Left Lower Leg_Az_Kurt;Left Lower Leg_Az_IQR;Left Lower Leg_Az_ZCR;Left Lower Leg_Az_MCR;Left Lower Leg_Az_DomFreq;Left Lower Leg_Az_Energy;Left Lower Leg_Az_SpecEnt;Left Lower Leg_Gx_Mean;Left Lower Leg_Gx_Median;Left Lower Leg_Gx_Std;Left Lower Leg_Gx_Var;Left Lower Leg_Gx_RMS;Left Lower Leg_Gx_AvgDeriv;Left Lower Leg_Gx_Skew;Left Lower Leg_Gx_Kurt;Left Lower Leg_Gx_IQR;Left Lower Leg_Gx_ZCR;Left Lower Leg_Gx_MCR;Left Lower Leg_Gx_DomFreq;Left Lower Leg_Gx_Energy;Left Lower Leg_Gx_SpecEnt;Left Lower Leg_Gy_Mean;Left Lower Leg_Gy_Median;Left Lower Leg_Gy_Std;Left Lower Leg_Gy_Var;Left Lower Leg_Gy_RMS;Left Lower Leg_Gy_AvgDeriv;Left Lower Leg_Gy_Skew;Left Lower Leg_Gy_Kurt;Left Lower Leg_Gy_IQR;Left Lower Leg_Gy_ZCR;Left Lower Leg_Gy_MCR;Left Lower Leg_Gy_DomFreq;Left Lower Leg_Gy_Energy;Left Lower Leg_Gy_SpecEnt;Left Lower Leg_Gz_Mean;Left Lower Leg_Gz_Median;Left Lower Leg_Gz_Std;Left Lower Leg_Gz_Var;Left Lower Leg_Gz_RMS;Left Lower Leg_Gz_AvgDeriv;Left Lower Leg_Gz_Skew;Left Lower Leg_Gz_Kurt;Left Lower Leg_Gz_IQR;Left Lower Leg_Gz_ZCR;Left Lower Leg_Gz_MCR;Left Lower Leg_Gz_DomFreq;Left Lower Leg_Gz_Energy;Left Lower Leg_Gz_SpecEnt;Left Lower Leg_Corr_AxAy;Left Lower Leg_Corr_AxAz;Left Lower Leg_Corr_AyAz;Left Lower Leg_Corr_GxGy;Left Lower Leg_Corr_GxGz;Left Lower Leg_Corr_GyGz;Left Lower Leg_Corr_AxGx;Left Lower Leg_Corr_AyGy;Left Lower Leg_Corr_AzGz;Left Lower Leg_Corr_AxGy;Left Lower Leg_Corr_AxGz;Left Lower Leg_Corr_AyGx;Left Lower Leg_Corr_AyGz;Left Lower Leg_Corr_AzGx;Left Lower Leg_Corr_AzGy;Left Lower Leg_AI;Left Lower Leg_VI;Left Lower Leg_SMA;Left Lower Leg_EVA1;Left Lower Leg_EVA2;Left Lower Leg_CAGH;Left Lower Leg_AVH;Left Lower Leg_AVG;Left Lower Leg_ARATG;Left Lower Leg_AAE;Left Lower Leg_ARE
5.000000;5.000000;0.000000;0.000000;5.000000;0.000000;0.000000;0.000000;0.000000;0.000000;0.000000;0.000000;2550.000000;-0.000000;2.787433;2.092800;4.805150;23.089471;5.555110;1.839609;1.712995;4.717739;3.223377;0.127451;0.127451;0.000000;1971.905381;2.497427;9.623771;9.483150;4.279470;18.313864;10.532371;1.063984;-0.137890;1.685551;1.957050;0.107843;0.107843;0.000000;10380.999362;0.491054;-1.039713;-1.505500;2.713208;7.361498;2.905598;1.103903;1.871560;9.937112;2.401440;0.098039;0.098039;0.000000;485.891500;2.846944;-7.125131;-9.215650;40.573028;1646.170634;41.193909;8.553044;-0.289470;1.706988;34.091700;0.127451;0.127451;1.003922;89138.115185;2.059864;15.459341;2.277500;50.564999;2556.819147;52.875423;15.739317;1.259663;2.312730;41.161975;0.088235;0.088235;2.509804;154855.493355;2.650663;0.000000;0.000000;0.063349;0.424010;-0.200622;-0.464243;0.000000;0.312241;0.665388;0.000000;0.000000;0.767909;0.020619;-0.353079;-0.679363;12.193060;18.119364;18.257790;23.653595;18.159674;0.000000;9.709143;5.029297;-1.389411;166.790086;4501.191005
5.000000;5.000000;0.000000;0.000000;5.000000;0.000000;0.000000;0.000000;0.000000;0.000000;0.000000;0.000000;2550.000000;-0.000000;2.428844;1.838850;5.596495;31.320759;6.100823;1.885797;1.102946;2.393787;3.664216;0.127451;0.127451;0.000000;2199.786867;2.670661;9.993984;9.485600;3.713968;13.793556;10.661767;1.062524;-0.134699;1.225266;2.662200;0.078431;0.078431;0.000000;10891.333489;0.377891;-0.444775;-1.232650;2.762468;7.631229;2.798045;1.217466;2.210776;7.765735;2.709722;0.166667;0.166667;1.505882;409.732048;3.180651;18.626752;-1.721050;69.947891;4892.707441;72.385519;10.348527;0.989373;1.237012;35.030500;0.049020;0.049020;1.003922;284920.992454;2.105220;15.955474;4.014650;50.095219;2509.530980;52.574786;16.118120;1.127277;2.149967;47.836875;0.098039;0.098039;2.509804;153958.437254;2.492559;0.000000;0.000000;0.512791;0.174150;0.165571;-0.259312;0.000000;-0.138419;0.426827;0.000000;0.000000;0.654188;0.191381;0.304055;-0.025553;12.671390;15.329187;19.111493;36.715794;8.845198;0.000000;10.701967;5.029297;0.022965;175.893320;8011.600521
5.000000;5.000000;0.000000;0.000000;5.000000;0.000000;0.000000;0.000000;0.000000;0.000000;0.000000;0.000000;2550.000000;-0.000000;1.776780;0.349710;5.349231;28.614270;5.636596;1.954262;1.114552;2.661660;4.408383;0.098039;0.098039;0.000000;1781.703436;2.869756;9.378270;9.474750;5.068541;25.690107;10.660302;1.361179;0.256952;0.270723;3.201650;0.166667;0.166667;0.000000;10281.401368;0.668177;-0.544718;-1.076250;2.756020;7.595644;2.809335;0.978604;0.594796;1.184347;3.461325;0.088235;0.088235;0.501961;418.789629;2.790623;13.703640;0.094237;81.793242;6690.134406;82.933251;11.957543;0.432209;-0.003283;85.755250;0.049020;0.049020;1.505882;360351.546989;1.756693;-0.092372;-2.243450;46.158653;2130.621220;46.158745;16.314528;0.552459;0.431908;37.058750;0.117647;0.117647;4.015686;108693.369195;2.372148;0.000000;0.000000;0.315266;0.266897;0.168727;-0.279692;0.000000;-0.120216;0.548147;0.000000;0.000000;0.663619;0.170997;0.023053;-0.275339;12.211284;21.297798;18.024085;36.178774;18.663271;0.000000;9.774067;5.029297;-0.556000;170.413262;9016.446272
5.000000;5.000000;0.000000;0.000000;5.000000;0.000000;0.000000;0.000000;0.000000;0.000000;0.000000;0.000000;2550.000000;-0.000000;2.244926;1.693200;2.928121;8.573890;3.689659;0.958289;0.883695;7.942847;0.963525;0.137255;0.137255;0.000000;952.136593;2.239619;9.383236;8.921700;1.832966;3.359766;9.560590;0.489856;0.315361;1.206632;0.987925;0.098039;0.098039;0.000000;9152.014171;0.138525;-3.761739;-3.492800;1.520993;2.313418;4.057598;0.686306;-0.714031;5.210190;0.771600;0.166667;0.166667;0.000000;1561.435585;0.503665;-16.783262;0.437310;48.367576;2339.422391;51.196682;6.442347;-0.976207;0.820042;39.824700;0.058824;0.058824;0.501961;148050.070507;1.703355;-38.049655;-0.838370;72.374099;5238.010148;81.766658;13.250978;-1.772149;2.515271;67.547650;0.039216;0.039216;0.000000;414858.865876;1.884393;0.000000;0.000000;0.031740;0.006788;0.631753;0.048209;0.000000;0.379160;0.154066;0.000000;0.000000;0.117841;-0.139397;0.260856;0.043744;11.190977;4.780514;16.988291;8.664395;3.387416;0.000000;9.382924;5.029297;-3.701975;130.018471;9323.350729
5.000000;5.000000;0.000000;0.000000;5.000000;0.000000;0.000000;0.000000;0.000000;0.000000;0.000000;0.000000;2550.000000;-0.000000;2.388232;1.697100;2.912332;8.481679;3.766342;0.976749;0.754679;8.017831;1.008950;0.147059;0.147059;0.000000;1015.030876;2.118731;9.688358;8.958600;2.112226;4.461498;9.915935;0.598216;0.295378;0.248331;2.324750;0.098039;0.098039;0.000000;9801.709784;0.159061;-3.915134;-3.842950;1.556848;2.423774;4.213318;0.745415;-0.434051;4.343385;1.012025;0.196078;0.196078;0.000000;1687.097000;0.491867;-19.035585;-0.133672;49.498239;2450.075615;53.032340;7.674003;-0.825082;0.380535;55.087925;0.049020;0.049020;1.003922;161926.872834;1.822733;-27.816293;-0.090234;79.501633;6320.509638;84.227405;15.313469;-1.493324;1.742672;85.177000;0.039216;0.039216;0.501961;401282.901731;1.932816;0.000000;0.000000;-0.001932;0.015279;0.496399;0.002947;0.000000;0.385935;0.267340;0.000000;0.000000;0.149221;-0.124880;0.186527;-0.080592;11.492535;5.432747;17.436719;8.565691;4.505635;0.000000;10.183408;5.029297;-3.966754;137.511107;9924.436953
5.000000;5.000000;0.000000;0.000000;5.000000;0.000000;0.000000;0.000000;0.000000;0.000000;0.000000;0.000000;2550.000000;-0.000000;1.861994;1.691150;1.674751;2.804790;2.504359;0.684737;-2.050218;16.044370;0.686375;0.117647;0.117647;0.000000;497.465374;1.590478;9.334701;8.809900;1.536777;2.361683;9.460355;0.415806;1.247124;2.294655;1.163550;0.098039;0.098039;0.000000;9008.613482;0.106666;-3.532877;-3.780900;0.915558;0.838246;3.649585;0.419064;0.253851;1.128406;0.855575;0.098039;0.098039;0.000000;1315.903583;0.236776;3.489781;0.255035;28.247362;797.913451;28.462116;4.291152;0.270523;1.786682;18.688550;0.039216;0.039216;0.501961;41943.329760;1.965681;33.829203;22.555500;43.457271;1888.534427;55.072220;8.261710;0.659383;-0.001083;55.117390;0.078431;0.078431;0.000000;213046.791641;1.664487;0.000000;0.000000;0.057574;0.389919;0.434135;0.418809;0.000000;0.155070;0.148026;0.000000;0.000000;0.085328;0.022038;-0.314610;-0.526740;10.889909;2.180017;16.459179;2.877992;2.339634;0.000000;9.717553;5.029297;-3.731303;120.770139;3856.360899
5.000000;5.000000;0.000000;0.000000;5.000000;0.000000;0.000000;0.000000;0.000000;0.000000;0.000000;0.000000;2550.000000;-0.000000;1.484390;0.543025;4.346237;18.889773;4.592732;1.258959;1.557307;3.244806;2.295485;0.098039;0.098039;0.000000;1191.187444;2.712060;9.102707;9.058450;4.361341;19.021292;10.093590;0.999029;-0.304049;1.591214;0.833200;0.186275;0.186275;0.000000;9421.919845;0.557863;-3.638095;-3.521500;3.383815;11.450204;4.968495;1.012108;-1.553921;4.568368;0.881975;0.196078;0.196078;0.000000;1934.010319;1.477362;-23.414672;-8.529700;60.255195;3630.688575;64.644686;7.914390;-1.811592;2.733361;22.225850;0.019608;0.019608;1.003922;241086.297857;1.787166;-34.404926;-5.332000;79.955893;6392.944840;87.043919;14.897231;-3.299176;12.089879;31.290348;0.039216;0.039216;0.000000;446792.187735;2.380570;0.000000;0.000000;-0.123311;0.540449;0.425052;0.663406;0.000000;0.080377;-0.201965;0.000000;0.000000;-0.038583;-0.234343;-0.173751;-0.286998;11.557593;14.395787;16.934511;21.504698;16.781724;0.000000;9.298459;5.029297;-3.824571;147.973749;11780.265123
5.000000;5.000000;0.000000;0.000000;5.000000;0.000000;0.000000;0.000000;0.000000;0.000000;0.000000;0.000000;2550.000000;-0.000000;1.813081;0.646470;5.102338;26.033856;5.414898;1.493466;1.223698;1.845156;2.709892;0.078431;0.078431;0.000000;1664.777845;2.513316;8.875770;8.919850;3.640453;13.252901;9.593341;1.029072;-0.286975;1.287882;1.214025;0.166667;0.166667;0.000000;8712.049522;0.482428;-2.881758;-3.443450;2.576737;6.639572;3.865760;1.043535;-0.653519;5.457592;2.265600;0.127451;0.127451;0.000000;1185.743497;1.503230;3.690562;-4.273800;24.859714;618.005404;25.132164;6.964149;1.388863;2.311144;24.809500;0.068627;0.068627;1.003922;32917.979667;2.631327;0.544779;0.509730;45.922305;2108.858076;45.925536;10.092333;0.290538;1.465694;24.221675;0.068627;0.068627;0.501961;107583.851211;1.896725;0.000000;0.000000;0.349259;0.152160;-0.236007;-0.344792;0.000000;-0.170111;0.572616;0.000000;0.000000;0.005037;-0.045767;-0.472717;-0.405163;11.557699;12.772916;17.216193;29.034337;10.641397;0.000000;9.360293;5.029297;-2.566089;146.353313;2755.724609
5.000000;5.000000;0.000000;0.000000;5.000000;0.000000;0.000000;0.000000;0.000000;0.000000;0.000000;0.000000;2550.000000;-0.000000;0.895129;0.038664;4.222494;17.829457;4.316331;1.190589;1.325520;3.438410;1.805552;0.068627;0.068627;3.011765;991.718457;2.622366;8.844899;8.903200;4.281728;18.333198;9.826772;0.901529;-0.509194;-0.169299;3.085900;0.127451;0.127451;0.000000;8914.751917;0.519783;-3.518685;-3.947600;1.748270;3.056448;3.929070;0.667806;1.087887;1.103093;1.446250;0.196078;0.196078;0.000000;1418.910186;0.641487;-23.583184;-14.919500;58.170168;3383.768400;62.768901;8.605673;-0.322661;0.620202;46.686550;0.039216;0.039216;0.501961;229305.375530;2.002636;-17.085229;1.408650;69.274659;4798.978364;71.350427;11.651462;-0.699101;0.705299;46.971825;0.029412;0.029412;1.003922;274523.892343;1.854589;0.000000;0.000000;0.403710;0.494024;0.347104;0.484357;0.000000;-0.075185;0.283917;0.000000;0.000000;-0.293022;0.017512;-0.170850;-0.352977;11.266023;13.272887;16.435217;25.635918;10.884783;0.000000;9.583799;5.029297;-3.243748;140.196153;9046.255997
5.000000;5.000000;0.000000;0.000000;5.000000;0.000000;0.000000;0.000000;0.000000;0.000000;0.000000;0.000000;2550.000000;-0.000000;2.246460;1.330950;5.465038;29.866638;5.908741;2.195186;1.212836;2.430369;3.675569;0.156863;0.156863;0.000000;2042.967633;2.884129;10.238410;9.690550;4.640971;21.538608;11.241158;1.395233;0.487111;1.222512;3.309025;0.117647;0.117647;0.000000;11790.682916;0.545369;-1.605383;-1.555050;3.034830;9.210191;3.433285;1.524735;3.484288;31.670354;1.555755;0.225490;0.225490;0.000000;732.992080;2.929795;1.718354;-5.699650;33.403222;1115.775249;33.447391;7.636044;0.944191;0.594480;24.261025;0.078431;0.078431;1.003922;57213.581422;2.153873;21.023715;13.828500;55.219773;3049.223311;59.086546;17.503111;0.472176;0.376221;54.584725;0.127451;0.127451;0.000000;201002.202486;2.480080;0.000000;0.000000;0.187791;0.070713;0.026357;-0.286722;0.000000;0.346352;0.776462;0.000000;0.000000;-0.054399;0.189082;0.184740;-0.537013;12.874235;20.530932;19.199647;32.346251;19.567958;0.000000;10.232908;5.029297;-1.479873;186.276865;4621.735349
5.000000;5.000000;0.000000;0.000000;5.000000;0.000000;0.000000;0.000000;0.000000;0.000000;0.000000;0.000000;2550.000000;-0.000000;3.715039;2.078150;5.464257;29.858101;6.607542;2.422314;1.006846;2.593741;4.264125;0.196078;0.196078;0.000000;2937.745016;2.322701;9.152681;9.461400;4.526881;20.492651;10.210986;1.881617;0.692542;3.312502;2.558675;0.088235;0.088235;0.000000;9590.797067;0.684692;-1.027194;-1.828400;4.014607;16.117073;4.143936;2.138778;1.242909;10.680048;2.682218;0.176471;0.176471;0.000000;931.673307;3.424550;14.204550;-1.855250;39.434967;1555.116643;41.915223;8.273192;0.702712;-0.704191;63.339000;0.029412;0.029412;1.003922;99893.092004;2.131022;17.138173;7.997850;48.154545;2318.860216;51.113376;16.196776;0.991512;2.008186;31.888850;0.137255;0.137255;0.000000;148278.118081;2.597139;0.000000;0.000000;-0.324505;0.226014;0.005087;-0.145861;0.000000;0.405981;0.501793;0.000000;0.000000;-0.002802;0.004518;0.190221;-0.611292;12.373926;19.809804;18.764749;34.809666;16.039608;0.000000;10.400094;5.029297;-0.932079;172.923844;4386.635281
5.000000;5.000000;0.000000;0.000000;5.000000;0.000000;0.000000;0.000000;0.000000;0.000000;0.000000;0.000000;2550.000000;-0.000000;3.403019;2.040950;5.117727;26.191125;6.145866;2.143529;0.626316;1.521943;5.493420;0.137255;0.137255;0.000000;2518.306547;2.401889;8.685448;9.465750;4.970208;24.702964;10.006996;1.772366;0.258665;0.901005;5.420975;0.068627;0.068627;0.000000;8954.974251;0.810799;-0.259097;-0.928465;3.842879;14.767718;3.851603;1.885278;0.564873;5.121434;3.319700;0.127451;0.127451;0.501961;760.734186;3.381757;16.409169;-0.656870;42.680329;1821.610457;45.726046;7.790776;0.544930;-1.056957;73.423500;0.068627;0.068627;0.501961;120437.261908;1.639400;14.539090;3.486550;65.198017;4250.781472;66.799451;17.597232;1.307353;2.188367;52.768250;0.127451;0.127451;2.007843;238356.343238;2.373850;0.000000;0.000000;-0.068307;0.293250;0.213188;0.179845;0.000000;0.305104;0.218128;0.000000;0.000000;0.058830;0.296487;0.070700;-0.569859;11.903316;21.222715;18.106585;27.607810;23.790180;0.000000;8.887076;5.029297;-0.233627;162.911641;6567.872720
5.000000;5.000000;0.000000;0.000000;5.000000;0.000000;0.000000;0.000000;0.000000;0.000000;0.000000;0.000000;2550.000000;-0.000000;0.202531;-0.784380;2.848841;8.115895;2.856031;0.559050;1.081689;1.655992;1.449475;0.049020;0.049020;0.501961;418.096580;2.299877;9.669466;9.647950;2.803606;7.860206;10.067709;0.484620;-0.625896;1.996885;0.616850;0.147059;0.147059;0.000000;9937.743325;0.242338;-1.067599;-1.250050;1.525545;2.327286;1.862003;0.401041;0.915984;4.234890;0.859950;0.088235;0.088235;0.000000;235.128623;2.027747;-1.389174;-0.137685;39.823581;1585.917587;39.847803;4.904198;0.361178;0.571109;23.738575;0.068627;0.068627;1.003922;81078.646793;1.558325;-29.962208;-5.481600;70.002781;4900.389381;76.145409;13.592504;-3.235077;11.253638;18.521883;0.049020;0.049020;0.000000;341488.720405;2.369007;0.000000;0.000000;-0.030386;0.178299;0.445302;-0.090232;0.000000;0.362790;-0.076882;0.000000;0.000000;0.259934;-0.388516;-0.076676;-0.797038;11.308273;6.638644;16.620208;8.344167;7.790113;0.000000;9.931976;5.029297;-1.371190;134.515686;7389.437713
5.000000;5.000000;0.000000;0.000000;5.000000;0.000000;0.000000;0.000000;0.000000;0.000000;0.000000;0.000000;2550.000000;-0.000000;0.998527;-0.591735;3.538722;12.522552;3.676902;1.138538;1.075150;2.009283;3.176778;0.098039;0.098039;0.501961;741.499871;2.763604;9.720617;9.605200;3.329807;11.087612;10.275116;1.070800;0.140739;3.059404;1.149825;0.137255;0.137255;0.000000;10203.647347;0.358994;-1.413924;-1.514350;1.939360;3.761116;2.400062;0.822722;0.263834;2.422021;1.914183;0.127451;0.127451;0.000000;395.753752;2.186868;-3.483377;0.297070;40.598636;1648.249249;40.747800;7.178295;0.445256;0.444784;29.824525;0.107843;0.107843;1.003922;85358.576062;1.788839;-25.717979;-0.556175;73.489887;5400.763559;77.859990;16.456517;-2.916841;9.460204;30.039375;0.058824;0.058824;0.501961;342925.825988;2.426562;0.000000;0.000000;0.076675;0.139886;0.282130;-0.093792;0.000000;0.319983;-0.082355;0.000000;0.000000;-0.020946;-0.320808;0.039641;-0.684189;11.584021;9.908068;17.189593;13.087097;10.756831;0.000000;10.118544;5.029297;-1.257598;144.097617;7728.321480
5.000000;5.000000;0.000000;0.000000;5.000000;0.000000;0.000000;0.000000;0.000000;0.000000;0.000000;0.000000;2550.000000;-0.000000;0.042958;-0.623700;2.441731;5.962049;2.442109;0.620991;3.772958;17.079382;0.057635;0.049020;0.049020;0.501961;305.473545;3.517305;9.662564;9.604500;1.799759;3.239131;9.828747;0.611926;3.560498;38.746351;0.036475;0.127451;0.127451;0.000000;9688.503737;0.148261;-1.834950;-1.533300;1.098555;1.206824;2.138660;0.425689;-1.682490;15.049821;0.108000;0.068627;0.068627;0.000000;405.098066;0.971644;-1.714589;0.388055;10.013495;100.270086;10.159227;2.943735;-3.199341;13.897421;1.295322;0.088235;0.088235;2.509804;5483.880134;3.111605;-0.166517;-0.331805;17.867008;319.229974;17.867784;4.391488;-2.613267;15.856481;6.189475;0.137255;0.137255;1.003922;16294.238723;3.232427;0.000000;0.000000;0.282741;0.005786;0.205475;0.083364;0.000000;0.053333;-0.192814;0.000000;0.000000;-0.469259;-0.501273;0.293919;-0.209883;11.137685;3.520149;15.933836;6.507594;2.784687;0.000000;9.840704;5.029297;-2.070462;127.568171;427.041469
5.000000;5.000000;0.000000;0.000000;5.000000;0.000000;0.000000;0.000000;0.000000;0.000000;0.000000;0.000000;2550.000000;-0.000000;0.863482;0.110148;3.329870;11.088033;3.440005;0.688112;4.041014;22.190576;1.818115;0.058824;0.058824;0.501961;643.218410;2.844793;9.473026;9.374150;3.441120;11.841308;10.078667;0.425156;-0.547261;2.790019;0.415600;0.117647;0.117647;0.000000;9757.219770;0.361851;-1.882488;-2.425750;1.295838;1.679196;2.285379;0.251496;1.594567;1.432491;1.121275;0.068627;0.068627;0.000000;447.124435;0.831509;-12.878066;-3.990950;26.470901;700.708624;29.437276;3.568727;-0.719966;3.038190;18.764052;0.019608;0.019608;0.000000;52672.990861;2.113510;10.671576;1.956550;34.758560;1208.157486;36.359868;5.605073;2.252346;6.740567;15.128975;0.039216;0.039216;0.501961;73275.157208;2.369099;0.000000;0.000000;0.713645;-0.488940;0.449558;-0.879565;0.000000;-0.405131;0.638563;0.000000;0.000000;0.191855;0.476661;-0.167494;-0.610097;11.249805;11.855055;16.197436;19.845194;3.311170;0.000000;9.703530;5.029297;-2.462773;138.413164;2193.816194
5.000000;5.000000;0.000000;0.000000;5.000000;0.000000;0.000000;0.000000;0.000000;0.000000;0.000000;0.000000;2550.000000;-0.000000;2.039097;0.843640;4.562772;20.818884;4.997680;1.534652;1.668938;5.781451;2.998875;0.098039;0.098039;0.000000;1497.117150;2.862877;9.315336;9.353750;4.144848;17.179768;10.195845;1.171859;0.061590;2.280637;1.667425;0.225490;0.225490;0.000000;9731.658528;0.545315;-1.132523;-1.835000;2.401805;5.768668;2.655424;0.964114;2.603578;16.089433;2.935986;0.098039;0.098039;0.000000;425.938193;2.769760;0.555079;-5.325400;51.136845;2614.976936;51.139858;9.962851;0.929660;0.993205;24.103795;0.098039;0.098039;1.003922;133443.941213;1.979281;9.001643;2.886300;40.182884;1614.664143;41.178802;11.883924;1.407750;3.880348;14.399725;0.117647;0.117647;1.505882;90620.353457;2.653056;0.000000;0.000000;0.689913;0.008907;0.245385;-0.740202;0.000000;0.082768;0.536890;0.000000;0.000000;0.413038;0.177240;0.156995;-0.411489;11.647131;18.276383;17.340421;32.491766;5.883110;0.000000;9.946461;5.029297;-1.061381;153.932051;4318.030038
5.000000;5.000000;0.000000;0.000000;5.000000;0.000000;0.000000;0.000000;0.000000;0.000000;0.000000;0.000000;2550.000000;-0.000000;1.391736;0.405790;3.436299;11.808150;3.707436;0.933806;1.585295;7.578821;1.747475;0.098039;0.098039;0.000000;804.027724;2.939943;9.181473;9.305700;2.303727;5.307156;9.466076;0.805739;1.898758;24.368268;0.086825;0.147059;0.147059;0.000000;8872.966924;0.255527;-1.871320;-2.630100;2.291960;5.253082;2.958872;0.831231;3.763079;24.149762;0.614825;0.068627;0.068627;0.000000;626.291690;2.110826;11.233158;-0.212715;40.498199;1640.104140;42.027229;7.028286;1.722571;3.249936;6.050685;0.049020;0.049020;1.003922;96645.781226;2.539096;-1.904423;-0.433725;19.823596;392.974971;19.914864;7.421304;0.448499;16.067297;4.507000;0.147059;0.147059;3.011765;20486.628713;3.509267;0.000000;0.000000;0.623428;0.208851;0.232492;-0.688218;0.000000;0.359463;0.242441;0.000000;0.000000;0.651800;-0.130989;0.435704;-0.301497;11.019178;6.929383;16.132832;14.610400;2.674365;0.000000;9.370691;5.029297;-1.338299;128.351673;2171.644705
5.000000;5.000000;0.000000;0.000000;5.000000;0.000000;0.000000;0.000000;0.000000;0.000000;0.000000;0.000000;2550.000000;-0.000000;1.268630;1.204750;3.067333;9.408531;3.319330;1.340124;-0.143557;2.555156;1.736247;0.303922;0.303922;0.000000;645.664276;2.729771;9.546418;9.350300;3.824896;14.629826;10.284158;1.377662;0.235127;1.829309;2.692000;0.147059;0.147059;0.000000;10041.873541;0.481783;-2.470729;-2.671050;2.557326;6.539914;3.555899;1.138517;-1.946090;8.733003;1.982675;0.147059;0.147059;0.000000;956.241020;1.840324;1.944721;-6.803500;33.099401;1095.570364;33.156482;6.979192;0.933342;0.531660;26.777775;0.039216;0.039216;0.501961;56286.219816;1.878281;20.019462;14.303500;35.922718;1290.441664;41.124452;14.425529;0.394511;1.523151;31.161375;0.156863;0.156863;0.000000;106697.358707;2.375300;0.000000;0.000000;-0.111231;0.167375;0.118130;-0.349862;0.000000;0.462023;0.474849;0.000000;0.000000;0.281970;0.131815;-0.338291;-0.506297;11.389838;12.053470;16.870552;15.085721;9.190640;0.000000;9.594635;5.029297;-2.136299;141.781869;2803.217235
5.000000;5.000000;0.000000;0.000000;5.000000;0.000000;0.000000;0.000000;0.000000;0.000000;0.000000;0.000000;2550.000000;-0.000000;1.083598;0.466960;3.244932;10.529584;3.421077;1.234666;0.840293;3.825453;1.940370;0.166667;0.166667;0.000000;657.157623;3.043882;8.960801;9.496850;4.082615;16.667748;9.847015;1.176062;0.375573;1.986198;0.850525;0.166667;0.166667;0.000000;9040.325688;0.564847;-2.118399;-2.118650;2.924087;8.550285;3.610803;1.062686;-1.299402;5.634077;1.767450;0.098039;0.098039;0.000000;893.802865;2.212516;0.094103;0.438250;18.706301;349.925693;18.706538;5.876086;0.926314;7.868253;14.640925;0.078431;0.078431;1.505882;17876.313264;2.923557;16.829083;7.675600;35.781914;1280.345371;39.541920;11.478305;1.088325;2.718464;27.942050;0.137255;0.137255;0.000000;94190.957152;2.304996;0.000000;0.000000;-0.218436;0.047568;0.045432;-0.395529;0.000000;0.256811;0.425526;0.000000;0.000000;0.102507;-0.137045;-0.517504;-0.373268;11.032849;11.943718;15.971807;17.993282;9.473330;0.000000;9.267312;5.029297;-2.761099;133.667480;1926.535857
5.000000;5.000000;0.000000;0.000000;5.000000;0.000000;0.000000;0.000000;0.000000;0.000000;0.000000;0.000000;2550.000000;-0.000000;0.830501;-0.194870;2.739023;7.502246;2.862163;0.509503;2.807228;6.839657;0.530510;0.068627;0.068627;0.501961;453.844224;2.761720;8.780949;9.547100;3.205164;10.273077;9.347627;0.326524;-0.112058;2.648361;0.277725;0.019608;0.019608;0.000000;8388.646687;0.373117;-1.496755;-1.563300;1.909401;3.645812;2.426126;0.284656;0.367933;3.204110;1.063875;0.078431;0.078431;0.000000;414.590950;1.731061;6.422986;1.359000;9.708100;94.247206;11.640531;2.109482;0.569414;-0.814046;14.122775;0.039216;0.039216;0.000000;9014.593353;1.718517;5.862998;-0.479390;28.344735;803.423988;28.944753;5.324775;3.025730;9.224754;7.902325;0.049020;0.049020;0.501961;44485.499908;2.460280;0.000000;0.000000;-0.064971;0.375372;-0.016357;0.157623;0.000000;0.082038;0.320476;0.000000;0.000000;-0.070534;0.078533;-0.849247;-0.204568;10.660944;6.914382;15.016222;10.488728;7.462588;0.000000;8.633898;5.029297;-1.030865;120.570112;979.186777
5.000000;5.000000;0.000000;0.000000;5.000000;0.000000;0.000000;0.000000;0.000000;0.000000;0.000000;0.000000;2550.000000;-0.000000;1.340660;0.593175;2.841475;8.073980;3.141870;0.976469;0.927862;2.434872;2.562094;0.068627;0.068627;0.000000;596.625363;2.723294;9.555466;9.496950;3.076411;9.464305;10.038488;0.617344;-0.470115;2.010729;1.727975;0.098039;0.098039;0.000000;9796.048812;0.299669;-1.320507;-2.294750;2.608797;6.805823;2.923963;0.636287;2.147701;4.590653;2.029123;0.088235;0.088235;0.000000;524.981627;2.124339;-7.862455;-7.423750;62.353480;3887.956516;62.847233;8.428041;1.475590;2.446188;46.778525;0.029412;0.029412;0.501961;204591.459282;1.825159;-16.078662;-1.147005;44.829241;2009.660859;47.625458;16.451571;-0.807497;1.318144;36.399900;0.098039;0.098039;0.000000;128994.380788;2.699902;0.000000;0.000000;-0.192069;0.421658;0.198278;-0.044171;0.000000;0.277020;0.224298;0.000000;0.000000;0.614871;-0.187055;0.040272;-0.586575;11.350508;6.808552;16.575570;10.691161;7.020770;0.000000;9.685224;5.029297;-2.251277;135.642594;6226.508491
5.000000;5.000000;0.000000;0.000000;5.000000;0.000000;0.000000;0.000000;0.000000;0.000000;0.000000;0.000000;2550.000000;-0.000000;1.715541;1.318450;2.800696;7.843897;3.284353;1.001010;0.639094;2.323588;2.753640;0.127451;0.127451;0.000000;701.367115;2.403317;9.525932;9.402550;3.095816;9.584077;10.016360;0.655618;-0.446851;1.885222;1.674700;0.127451;0.127451;0.000000;9744.847999;0.305774;-1.164690;-1.809650;2.619252;6.860481;2.866528;0.725970;1.978476;4.022842;2.364993;0.166667;0.166667;0.000000;488.277442;2.215033;-2.845622;-9.751500;62.415066;3895.640416;62.479901;8.940669;1.260934;1.980082;53.999000;0.039216;0.039216;1.505882;199503.615293;1.715817;-9.733286;-0.064936;39.674131;1574.036710;40.850625;16.257484;-0.829621;2.495216;29.505525;0.137255;0.137255;5.019608;90120.158893;2.710960;0.000000;0.000000;-0.210733;0.421831;0.156625;0.006977;0.000000;0.279455;0.243681;0.000000;0.000000;0.588234;-0.254831;0.047764;-0.572590;11.370674;6.822219;16.815977;10.844043;6.756485;0.000000;10.094346;5.029297;-0.680371;136.114438;5580.728529
5.000000;5.000000;0.000000;0.000000;5.000000;0.000000;0.000000;0.000000;0.000000;0.000000;0.000000;0.000000;2550.000000;-0.000000;1.438612;0.823925;2.445905;5.982451;2.837614;0.713678;1.316994;3.011364;1.697515;0.137255;0.137255;0.000000;516.310338;2.157370;9.328301;9.368600;3.071520;9.434236;9.820969;0.488537;-0.667799;1.067867;0.871475;0.127451;0.127451;0.000000;9356.967813;0.298362;-1.270334;-1.906750;2.330523;5.431337;2.654258;0.603441;2.057358;4.426871;2.233328;0.147059;0.147059;0.000000;441.667947;2.004210;-3.703580;-11.712000;47.862423;2290.811510;48.005500;6.512491;1.005538;1.733722;44.904250;0.029412;0.029412;0.501961;118235.357517;1.826591;14.449850;7.142850;36.505810;1332.674164;39.261588;11.024621;0.843998;1.982469;16.005634;0.107843;0.107843;0.000000;89266.158995;2.476924;0.000000;0.000000;0.303708;0.379560;0.338208;-0.342180;0.000000;0.190552;0.484116;0.000000;0.000000;0.551543;0.233843;-0.018772;-0.434915;11.061133;7.154819;16.193197;10.673868;4.895460;0.000000;9.702967;5.029297;-1.975444;129.503490;3853.045425
5.000000;5.000000;0.000000;0.000000;5.000000;0.000000;0.000000;0.000000;0.000000;0.000000;0.000000;0.000000;2550.000000;-0.000000;0.445782;-0.892505;2.848162;8.112025;2.882837;0.508618;2.410051;5.615290;1.249625;0.049020;0.049020;0.501961;435.875851;2.575164;9.339138;9.551950;2.663033;7.091745;9.711398;0.437549;-0.270209;1.651162;0.082300;0.019608;0.019608;0.000000;9258.084270;0.244697;-2.084742;-1.721500;1.382244;1.910597;2.501349;0.435883;-4.360924;24.578821;0.121400;0.049020;0.049020;0.000000;541.810301;1.070463;3.036296;0.641000;7.671392;58.850258;8.250415;1.688048;1.464326;2.053496;6.924300;0.049020;0.049020;0.000000;3943.554952;2.495014;-4.485386;-0.131470;22.146746;490.478362;22.596395;5.478108;-1.365821;3.441462;6.372250;0.088235;0.088235;0.501961;27121.028611;2.556575;0.000000;0.000000;-0.025641;-0.158639;0.021335;-0.318283;0.000000;0.342315;0.769364;0.000000;0.000000;-0.809109;-0.204744;-0.120094;-0.107024;11.046612;5.594361;16.091609;8.228509;7.125793;0.000000;9.700298;5.029297;-1.792431;127.621994;584.923155
5.000000;5.000000;0.000000;0.000000;5.000000;0.000000;0.000000;0.000000;0.000000;0.000000;0.000000;0.000000;2550.000000;-0.000000;1.171208;0.211010;2.980329;8.882362;3.202201;0.878078;1.491927;2.610852;3.907050;0.078431;0.078431;0.501961;595.233077;2.248405;9.199010;9.538950;2.853661;8.143380;9.631467;0.847681;-0.151661;0.962555;0.911925;0.117647;0.117647;0.000000;9046.762154;0.303374;-2.554479;-1.711800;1.606652;2.581331;3.017730;0.665617;-2.351175;9.654760;1.850200;0.078431;0.078431;0.000000;798.752336;0.946447;0.983897;0.779710;11.388749;129.703611;11.431171;2.883315;-0.064675;0.100263;11.324700;0.088235;0.088235;0.501961;6713.731556;2.236349;-4.569403;-0.492905;24.315365;591.236996;24.740987;7.543154;-0.848565;1.782538;11.888475;0.137255;0.137255;2.007843;32331.908601;2.485901;0.000000;0.000000;-0.054992;0.170021;-0.007244;-0.331139;0.000000;0.069558;0.703997;0.000000;0.000000;-0.803249;-0.167121;-0.048714;-0.097828;11.040026;6.137080;16.431729;9.199098;7.995215;0.000000;9.459548;5.029297;-2.528570;128.019251;751.894804
5.000000;5.000000;0.000000;0.000000;5.000000;0.000000;0.000000;0.000000;0.000000;0.000000;0.000000;0.000000;2550.000000;-0.000000;-0.259194;-1.075900;1.690732;2.858575;1.710484;0.230822;1.435925;1.137230;0.073125;0.019608;0.019608;0.501961;152.654366;2.147306;9.407844;9.538550;1.054006;1.110928;9.466703;0.384550;-1.765371;23.195354;0.033850;0.107843;0.107843;0.000000;9084.426387;0.060226;-2.176512;-1.698250;1.013513;1.027208;2.400919;0.191017;-1.571766;1.554451;0.103000;0.019608;0.019608;0.000000;535.619206;0.530290;-1.811655;0.663085;7.776103;60.467774;7.984352;1.219002;-1.284936;1.947711;0.651005;0.019608;0.019608;1.003922;3419.672629;2.301920;0.653752;-0.261265;10.295667;106.000753;10.316402;2.251623;0.866697;5.122774;1.095538;0.088235;0.088235;1.505882;5449.718589;2.533152;0.000000;0.000000;-0.349803;0.540750;0.148183;-0.362248;0.000000;-0.461186;0.390712;0.000000;0.000000;-0.938039;-0.173034;0.346196;-0.117361;10.816839;0.540216;15.872713;3.088412;0.920393;0.000000;9.385054;5.029297;-2.563804;117.544215;175.942426
5.000000;5.000000;0.000000;0.000000;5.000000;0.000000;0.000000;0.000000;0.000000;0.000000;0.000000;0.000000;2550.000000;-0.000000;0.414386;0.090614;0.806264;0.650061;0.906519;0.279683;0.760560;-0.502534;1.303082;0.107843;0.107843;0.501961;50.683908;1.974353;9.634229;9.531200;0.728255;0.530356;9.661715;0.126760;4.276892;18.248067;0.203525;0.068627;0.068627;0.000000;9494.538569;0.027926;-2.322445;-2.069300;0.517245;0.267543;2.379347;0.138394;-0.804657;-0.487819;0.835675;0.058824;0.058824;0.000000;563.809581;0.149763;0.565039;0.994585;11.363122;129.120543;11.377162;1.251606;-1.442009;3.947217;7.534630;0.088235;0.088235;0.501961;6622.338412;1.994178;0.842913;0.082711;13.097508;171.544729;13.124604;2.639914;0.194059;-0.608803;22.042375;0.078431;0.078431;0.501961;8829.915667;1.445493;0.000000;0.000000;0.341464;-0.078821;-0.510470;-0.555469;0.000000;-0.439273;0.338678;0.000000;0.000000;-0.555062;0.625049;0.222689;-0.757520;10.895019;0.469068;15.306366;0.807363;0.384742;0.000000;9.566778;5.029297;-2.143612;119.170510;307.356337
5.000000;5.000000;0.000000;0.000000;5.000000;0.000000;0.000000;0.000000;0.000000;0.000000;0.000000;0.000000;2550.000000;-0.000000;2.820078;1.560000;3.636681;13.225447;4.601987;1.301634;2.064282;5.835087;3.084960;0.088235;0.088235;0.000000;1486.132546;2.006933;8.710730;9.344250;3.735198;13.951707;9.477791;1.081792;0.092705;1.240721;3.166375;0.049020;0.049020;0.000000;8451.569260;0.506567;-2.345870;-2.729800;2.458597;6.044699;3.398206;0.818480;-0.797063;5.419920;1.580425;0.107843;0.107843;0.000000;869.734998;1.634882;10.617522;6.636700;26.571850;706.063232;28.614594;5.715355;0.527211;0.132276;28.156125;0.058824;0.058824;0.000000;47512.589602;2.112337;2.547109;11.810500;34.398216;1183.237254;34.492391;10.097927;-0.923502;0.863991;27.497575;0.147059;0.147059;1.505882;61066.306026;2.334473;0.000000;0.000000;-0.208453;0.299604;-0.513195;-0.322989;0.000000;0.301989;0.604170;0.000000;0.000000;-0.239901;0.164485;-0.195302;-0.261247;11.214241;10.247626;16.757852;16.606135;10.840100;0.000000;9.549189;5.029297;-2.449335;136.006818;2020.067822
5.000000;5.000000;0.000000;0.000000;5.000000;0.000000;0.000000;0.000000;0.000000;0.000000;0.000000;0.000000;2550.000000;-0.000000;3.301892;2.539150;3.934786;15.482539;5.136636;1.655756;1.449129;3.271811;3.565645;0.137255;0.137255;0.000000;1902.332985;1.910322;8.739669;8.709050;4.420787;19.543361;9.794140;1.472198;0.364492;0.001401;6.420425;0.147059;0.147059;0.000000;8788.727194;0.659158;-2.509720;-3.068250;3.085146;9.518126;3.977037;1.059540;-0.340854;1.115771;4.895880;0.117647;0.117647;0.000000;1128.180208;1.828421;18.060906;5.446850;36.741297;1349.922941;40.940436;7.554052;0.793494;-0.290123;56.780000;0.068627;0.068627;0.000000;102124.755065;2.220578;20.247907;22.382500;56.158545;3153.782133;59.697235;14.705877;0.675097;1.636948;47.892350;0.107843;0.107843;0.501961;202676.765034;2.140335;0.000000;0.000000;0.014595;0.486104;-0.468761;-0.195988;0.000000;0.133295;0.724507;0.000000;0.000000;-0.330607;0.179895;-0.327569;-0.216819;11.458670;16.009088;17.453994;19.752826;15.619866;0.000000;9.281209;5.029297;-2.409361;147.310200;5255.695943
5.000000;5.000000;0.000000;0.000000;5.000000;0.000000;0.000000;0.000000;0.000000;0.000000;0.000000;0.000000;2550.000000;-0.000000;2.498967;2.577400;2.514203;6.321216;3.544863;1.011851;0.174987;0.016989;3.497313;0.127451;0.127451;0.000000;960.863232;1.567468;9.510812;9.352000;3.088161;9.536741;9.999614;0.911508;0.555828;1.211163;1.280075;0.098039;0.098039;0.000000;9713.003932;0.326242;-1.759323;-1.767350;1.257846;1.582177;2.162729;0.755409;-0.167856;1.607090;1.337550;0.225490;0.225490;0.000000;396.581470;1.188245;-5.800557;-4.793200;16.521467;272.958883;17.510150;4.301264;-0.394410;0.457216;17.302075;0.058824;0.058824;0.501961;17352.854723;2.066056;-3.425611;4.111850;42.937280;1843.610010;43.073714;11.912756;-1.661309;3.450557;30.034875;0.117647;0.117647;1.003922;95280.095079;2.447137;0.000000;0.000000;-0.030214;-0.096411;0.197894;0.014355;0.000000;0.377287;-0.087442;0.000000;0.000000;-0.449374;-0.196837;-0.189468;-0.354542;11.409595;7.379475;17.308628;9.648357;6.366609;0.000000;9.778809;5.029297;-1.634067;137.558332;2166.627563
5.000000;5.000000;0.000000;0.000000;5.000000;0.000000;0.000000;0.000000;0.000000;0.000000;0.000000;0.000000;2550.000000;-0.000000;1.859137;1.105800;3.215859;10.341748;3.714584;1.236075;1.319580;6.474929;3.003205;0.088235;0.088235;0.000000;881.134651;2.453980;9.735596;9.454200;2.822518;7.966610;10.136491;0.919625;0.417617;1.883766;0.831275;0.137255;0.137255;0.000000;10074.049162;0.279688;-1.815825;-2.016000;1.703095;2.900532;2.489528;0.723632;-0.086923;1.877287;1.387450;0.196078;0.196078;0.000000;484.248590;1.505770;8.613717;5.239800;19.851775;394.092967;21.639988;5.299896;0.756414;0.817892;17.589800;0.088235;0.088235;0.000000;27676.899303;2.348360;18.846995;11.477500;35.297379;1245.904961;40.013925;12.457060;1.890357;3.339485;22.400707;0.156863;0.156863;0.000000;99786.000128;2.342216;0.000000;0.000000;0.576218;0.225605;-0.151371;0.497436;0.000000;-0.053058;0.533457;0.000000;0.000000;-0.762059;0.376708;-0.400772;-0.043912;11.555911;8.007511;17.364927;14.661274;3.828355;0.000000;10.173550;5.029297;-1.987327;141.546579;2075.601012
5.000000;5.000000;0.000000;0.000000;5.000000;0.000000;0.000000;0.000000;0.000000;0.000000;0.000000;0.000000;2550.000000;-0.000000;1.963916;0.848620;3.909153;15.281476;4.374750;1.184447;0.961549;2.460000;4.120085;0.058824;0.058824;0.000000;1172.963275;2.405132;9.235999;9.563800;4.161263;17.316112;10.130142;0.827392;0.160324;0.406664;2.279750;0.068627;0.068627;0.000000;9584.183669;0.475164;-1.857068;-1.846150;1.689886;2.855714;2.510860;0.581433;-0.303711;2.023780;1.102450;0.205882;0.205882;0.000000;497.409179;1.385519;-1.684584;-2.278400;28.047218;786.646411;28.097762;4.955289;0.112310;-0.134638;27.325750;0.029412;0.029412;0.501961;40409.905492;1.673920;2.601518;3.286050;55.178889;3044.709750;55.240181;13.434261;0.047537;0.465288;35.727075;0.127451;0.127451;0.501961;155971.328250;2.376303;0.000000;0.000000;0.242208;0.296449;0.071695;0.640555;0.000000;-0.114563;0.287154;0.000000;0.000000;-0.771959;0.069588;-0.406701;0.212573;11.525629;13.918111;17.164273;20.569670;12.350665;0.000000;9.821285;5.029297;-1.651168;146.758227;3847.266296
5.000000;5.000000;0.000000;0.000000;5.000000;0.000000;0.000000;0.000000;0.000000;0.000000;0.000000;0.000000;2550.000000;-0.000000;0.303975;-0.006741;2.753858;7.583733;2.770584;1.108853;-0.729012;4.394318;3.422175;0.117647;0.117647;0.501961;397.444692;2.806031;9.518872;9.502000;2.504506;6.272551;9.842838;0.694792;-0.579548;0.709385;1.659500;0.127451;0.127451;0.000000;9562.016437;0.222057;-2.443587;-2.651450;1.150170;1.322892;2.700743;0.433844;0.801828;0.667825;1.034250;0.117647;0.117647;0.000000;676.711933;0.589460;0.266540;3.080100;16.634476;276.705777;16.636611;3.836550;-0.376872;-0.290922;20.338925;0.058824;0.058824;1.505882;14123.855877;1.605123;3.629870;11.230000;28.887618;834.494471;29.114780;10.235592;-0.691220;1.272557;32.142250;0.107843;0.107843;0.501961;43909.849136;2.408840;0.000000;0.000000;0.103915;-0.119329;-0.270815;-0.114770;0.000000;-0.047715;0.564386;0.000000;0.000000;-0.026181;-0.223578;-0.421138;-0.215619;11.131986;5.636490;16.504552;7.977678;6.015797;0.000000;9.686734;5.029297;-2.473986;129.557600;1131.741262
5.000000;5.000000;0.000000;0.000000;5.000000;0.000000;0.000000;0.000000;0.000000;0.000000;0.000000;0.000000;2550.000000;-0.000000;-0.071167;-0.663840;2.590527;6.710829;2.591504;0.938382;-0.590120;5.496084;3.045750;0.107843;0.107843;0.501961;343.757427;3.034053;9.036788;9.368950;2.224688;4.949235;9.306599;0.628947;-0.623281;1.370172;1.251325;0.186275;0.186275;0.000000;8582.201104;0.209008;-2.109368;-2.090100;1.321031;1.745123;2.488886;0.380465;0.005651;-1.136507;2.394308;0.098039;0.098039;0.000000;542.856398;0.717306;0.274342;-1.368100;14.303762;204.597600;14.306392;3.767543;0.238500;-0.315216;19.924050;0.098039;0.098039;1.505882;10443.947093;1.613393;2.074007;5.035400;26.675326;711.573041;26.755832;9.613746;-1.137988;1.421323;32.198425;0.147059;0.147059;0.501961;36734.689926;2.314480;0.000000;0.000000;0.042649;0.014485;-0.309770;-0.075148;0.000000;-0.157419;0.436415;0.000000;0.000000;-0.062814;-0.384909;-0.292449;-0.134711;10.667904;4.524501;15.898115;6.811257;4.964253;0.000000;8.841057;5.029297;-2.156165;118.328671;926.741966
5.000000;5.000000;0.000000;0.000000;5.000000;0.000000;0.000000;0.000000;0.000000;0.000000;0.000000;0.000000;2550.000000;-0.000000;-1.768997;-1.711800;1.350421;1.823637;2.225531;0.510036;-3.177999;19.014374;1.236150;0.127451;0.127451;0.000000;412.516857;1.263622;9.487498;9.361750;0.804615;0.647405;9.521556;0.305609;0.519785;0.210767;0.753625;0.147059;0.147059;0.000000;9214.325666;0.032563;-1.725867;-1.634750;1.262995;1.595157;2.138638;0.350018;-0.086973;-1.032991;2.137117;0.078431;0.078431;0.000000;385.172716;0.866866;1.763461;-1.021480;13.161622;173.228282;13.279235;3.165031;1.237698;1.673058;11.886875;0.127451;0.127451;0.501961;9157.486180;2.207333;8.641054;16.734500;26.879052;722.483455;28.233868;6.451213;-0.815638;-0.380554;30.373600;0.127451;0.127451;0.501961;44473.945958;2.184465;0.000000;0.000000;-0.129098;-0.113713;-0.376339;-0.315089;0.000000;-0.296793;-0.214411;0.000000;0.000000;-0.352601;0.068286;0.260556;-0.070123;10.946803;0.780522;16.286631;1.858354;0.637155;0.000000;9.641019;5.029297;-1.940143;120.613012;978.063126
5.000000;5.000000;0.000000;0.000000;5.000000;0.000000;0.000000;0.000000;0.000000;0.000000;0.000000;0.000000;2550.000000;-0.000000;3.169007;2.357300;4.054260;16.437026;5.145836;1.776345;0.581299;3.156545;2.960375;0.176471;0.176471;0.000000;1863.014686;2.075824;9.367001;9.538700;4.205479;17.686057;10.267754;1.489406;0.754026;1.638634;2.493125;0.147059;0.147059;0.000000;9851.677168;0.560600;-1.482309;-1.197700;2.105460;4.432963;2.574918;1.032721;-0.009704;1.381537;1.588655;0.196078;0.196078;0.000000;450.839900;2.267066;-13.625721;-6.379900;23.926056;572.456175;27.533915;5.928008;-0.478440;-1.051598;40.452000;0.058824;0.058824;0.000000;48136.133229;1.780310;-17.566004;-2.403100;47.987763;2302.825399;51.101760;10.098814;-1.258235;1.858846;38.865550;0.088235;0.088235;0.501961;148917.681303;1.976267;0.000000;0.000000;-0.357073;-0.016970;0.590034;0.151485;0.000000;-0.044006;0.651258;0.000000;0.000000;-0.377522;-0.489551;0.518879;0.005980;11.957068;13.934913;18.189454;23.411146;11.049790;0.000000;10.116689;5.029297;-1.435879;156.906395;3376.136536
5.000000;5.000000;0.000000;0.000000;5.000000;0.000000;0.000000;0.000000;0.000000;0.000000;0.000000;0.000000;2550.000000;-0.000000;4.235187;3.087500;3.669715;13.466811;5.603893;1.509445;1.471792;3.348851;1.876550;0.098039;0.098039;0.000000;2516.973745;1.403328;9.472566;9.369150;2.913545;8.488746;9.910512;1.310772;0.687978;3.794274;2.051500;0.156863;0.156863;0.000000;9586.191994;0.327554;-1.405551;-1.224250;2.067830;4.275922;2.500299;1.098145;-0.012392;1.513958;1.913910;0.215686;0.215686;0.000000;420.645129;2.334299;-10.099739;-9.824000;15.130613;228.935455;18.191762;5.483009;-0.301564;-0.421574;19.022828;0.107843;0.107843;0.000000;22080.503902;1.827117;1.649754;5.546950;52.747761;2782.326323;52.773554;11.645164;-0.811063;2.772770;36.171250;0.127451;0.127451;0.501961;142198.209516;2.260412;0.000000;0.000000;-0.142590;-0.327344;0.500561;-0.138384;0.000000;0.021650;0.595990;0.000000;0.000000;-0.259516;-0.230023;0.503238;-0.097492;12.076679;8.775688;18.899512;14.034197;8.138742;0.000000;10.283846;5.029297;-1.642957;154.621868;3122.239699
5.000000;5.000000;0.000000;0.000000;5.000000;0.000000;0.000000;0.000000;0.000000;0.000000;0.000000;0.000000;2550.000000;-0.000000;4.722392;3.336500;4.999044;24.990440;6.876876;1.863845;1.023239;1.171982;3.484325;0.088235;0.088235;0.000000;3549.447097;1.697171;9.436983;9.152600;3.635122;13.214109;10.112901;1.004036;0.191473;0.661826;3.467575;0.078431;0.078431;0.000000;9757.702212;0.394763;-0.819657;-0.875670;2.014409;4.057843;2.174783;0.898925;-0.531553;1.578747;2.129763;0.147059;0.147059;0.000000;275.489001;2.814019;5.829714;-4.840000;32.042596;1026.727936;32.568597;5.746107;1.123996;0.249658;29.812250;0.068627;0.068627;1.003922;55836.919968;1.577783;24.793453;12.267000;61.143971;3738.585154;65.979546;18.727931;1.316975;2.391954;43.118440;0.107843;0.107843;0.000000;253369.234183;2.411617;0.000000;0.000000;0.179498;0.260660;-0.236882;-0.396602;0.000000;0.017311;0.809210;0.000000;0.000000;-0.466965;0.152266;-0.379811;-0.626888;12.546692;17.142719;19.548928;26.089339;12.493473;0.000000;11.082405;5.029297;-0.925007;174.562190;5418.743646
5.000000;5.000000;0.000000;0.000000;5.000000;0.000000;0.000000;0.000000;0.000000;0.000000;0.000000;0.000000;2550.000000;-0.000000;3.031906;2.648800;4.190427;17.559679;5.172246;1.543626;0.499741;0.011437;6.235988;0.117647;0.117647;0.000000;1833.924833;1.976551;8.887588;8.760200;3.963113;15.706268;9.731161;1.401644;0.626392;1.781349;4.327450;0.127451;0.127451;0.000000;8860.808496;0.584071;-3.597431;-3.808950;3.997135;15.977091;5.377602;1.837187;0.809458;15.441905;1.925200;0.235294;0.235294;0.000000;2143.277546;2.073813;-17.721186;-14.926000;38.341834;1470.096248;42.239042;11.873966;-0.271814;2.233962;40.867590;0.107843;0.107843;0.000000;107633.897433;2.758682;-19.946312;4.217750;104.962845;11017.198747;106.841257;23.980731;0.092612;0.277921;145.432000;0.088235;0.088235;0.501961;602878.078384;1.834081;0.000000;0.000000;-0.061366;0.318763;0.165241;-0.003188;0.000000;0.313285;0.477900;0.000000;0.000000;-0.122677;-0.263557;0.329120;-0.176139;11.607040;11.724251;17.823388;18.188742;15.406571;0.000000;9.530532;5.029297;-3.951066;146.447623;13228.109388
5.000000;5.000000;0.000000;0.000000;5.000000;0.000000;0.000000;0.000000;0.000000;0.000000;0.000000;0.000000;2550.000000;-0.000000;1.031556;-0.061314;3.798301;14.427091;3.935886;1.274104;0.140006;7.727418;2.421883;0.088235;0.088235;0.000000;846.712023;3.199498;9.616687;9.226450;3.657700;13.378771;10.288802;0.826001;0.383111;1.256899;1.933625;0.058824;0.058824;0.000000;10115.544415;0.374524;-2.806587;-3.011900;2.354494;5.543640;3.663410;0.865524;-0.004821;2.095129;1.685100;0.078431;0.078431;0.000000;1087.421454;1.373887;5.855243;-0.509630;28.653578;821.027546;29.245708;4.819436;1.129117;0.098833;20.839500;0.078431;0.078431;0.501961;45376.993144;1.677064;21.571944;3.497100;65.248109;4257.315735;68.721645;15.679240;1.621563;3.703771;56.772750;0.058824;0.058824;0.000000;264756.436266;2.518355;0.000000;0.000000;0.492173;0.256342;-0.074452;-0.559412;0.000000;0.029870;0.653419;0.000000;0.000000;-0.317338;0.446560;-0.211929;-0.320350;11.465170;14.900527;16.755222;20.966324;7.114844;0.000000;9.680087;5.029297;-3.073248;146.350644;5591.396504
5.000000;5.000000;0.000000;0.000000;5.000000;0.000000;0.000000;0.000000;0.000000;0.000000;0.000000;0.000000;2550.000000;-0.000000;0.390605;-0.098134;3.239375;10.493552;3.262840;1.171512;-0.800435;12.218233;1.678525;0.107843;0.107843;2.007843;553.195863;3.577091;9.538672;9.246850;3.009034;9.054285;10.002027;0.784698;0.833379;3.828496;0.856800;0.098039;0.098039;0.000000;9742.440473;0.302376;-2.560378;-2.922900;1.818733;3.307789;3.140593;0.870041;-0.033357;6.325196;0.748275;0.147059;0.147059;0.000000;841.021141;1.200623;12.498469;0.293765;25.164493;633.251728;28.097392;4.178840;1.130661;0.022391;29.300250;0.068627;0.068627;0.000000;48243.423083;1.770915;11.434161;1.976750;43.861827;1923.859840;45.327694;12.065939;0.693444;0.831173;25.662785;0.088235;0.088235;1.505882;111537.189486;2.727192;0.000000;0.000000;0.436092;0.232227;0.087405;-0.318921;0.000000;0.079406;0.466303;0.000000;0.000000;0.038968;0.407940;-0.038087;-0.213458;11.209050;10.043870;16.201174;14.224618;5.516762;0.000000;9.523472;5.029297;-2.321699;135.686665;2853.926651
5.000000;5.000000;0.000000;0.000000;5.000000;0.000000;0.000000;0.000000;0.000000;0.000000;0.000000;0.000000;2550.000000;-0.000000;1.814641;0.416435;7.037652;49.528547;7.267838;3.145456;0.853002;3.503452;4.402325;0.156863;0.156863;1.505882;2891.344783;3.293666;9.785965;9.898950;5.020169;25.202094;10.998509;1.654497;-0.240937;0.443918;2.700775;0.196078;0.196078;0.000000;11053.378223;0.646446;-0.810916;-0.983810;4.200355;17.642979;4.277916;1.781155;-1.532094;8.465564;2.731218;0.215686;0.215686;2.509804;968.660886;3.120947;3.117754;-1.485050;67.438777;4547.988663;67.510807;14.675474;0.087232;-0.023567;61.654250;0.107843;0.107843;2.509804;233351.387061;1.861170;13.711236;22.952000;53.735453;2887.498897;55.457163;25.038792;-0.499112;0.230502;62.713250;0.147059;0.147059;2.509804;167221.973934;2.906514;0.000000;0.000000;0.341707;0.299745;-0.137666;-0.108201;0.000000;-0.254492;0.482866;0.000000;0.000000;-0.765515;-0.003508;-0.464636;-0.015489;12.933738;31.507092;19.252727;55.042379;20.428170;0.000000;10.278093;5.029297;-0.172904;198.788671;7651.506508
5.000000;5.000000;0.000000;0.000000;5.000000;0.000000;0.000000;0.000000;0.000000;0.000000;0.000000;0.000000;2550.000000;-0.000000;1.699538;0.172550;5.090775;25.915993;5.366975;1.935226;2.443310;6.923647;3.352200;0.098039;0.098039;2.509804;1617.496415;2.916350;10.311487;9.839500;4.926457;24.269977;11.427893;1.252764;-0.448464;0.736639;3.125550;0.107843;0.107843;0.000000;12083.845249;0.576679;-1.131537;-0.636180;3.554950;12.637669;3.730690;1.414800;-2.777784;16.651714;1.740230;0.107843;0.107843;0.000000;775.230562;3.184423;12.695808;6.188150;63.851248;4076.981846;65.101193;13.811725;0.293621;0.694245;42.608500;0.088235;0.088235;0.501961;224884.582212;2.256752;11.615197;5.874650;43.126022;1859.853787;44.662810;17.124619;0.178473;0.784365;53.302000;0.127451;0.127451;1.003922;108651.795876;2.928138;0.000000;0.000000;0.527941;0.140021;0.092260;0.028792;0.000000;0.070264;0.422966;0.000000;0.000000;-0.824856;0.021686;-0.502846;0.340686;12.614895;25.265581;18.432446;38.738809;11.944051;0.000000;10.460034;5.029297;-1.245201;184.401167;6246.850018
5.000000;5.000000;0.000000;0.000000;5.000000;0.000000;0.000000;0.000000;0.000000;0.000000;0.000000;0.000000;2550.000000;-0.000000;0.952880;0.268605;3.637442;13.230987;3.760182;1.160173;1.161439;2.449951;2.748475;0.156863;0.156863;3.011765;767.407775;2.460863;10.795030;9.926650;3.483811;12.136936;11.343263;0.761926;0.042957;1.621287;2.827650;0.078431;0.078431;0.000000;12505.393075;0.304073;-0.839454;-0.753180;2.346585;5.506459;2.492216;0.745666;-0.128220;1.473812;1.463413;0.098039;0.098039;3.011765;352.707147;2.434927;31.175629;10.599500;50.967796;2597.716212;59.746431;8.646837;1.452587;0.703754;25.177250;0.039216;0.039216;0.000000;231681.690722;1.802854;16.424044;12.421500;34.918716;1219.316761;38.588418;10.916347;0.319250;-0.060010;41.862175;0.107843;0.107843;0.000000;89847.988028;2.371599;0.000000;0.000000;0.800473;-0.215046;-0.184690;0.190403;0.000000;0.523734;0.556224;0.000000;0.000000;-0.838633;0.305348;-0.665029;0.326344;12.504566;11.444403;18.273703;23.068584;2.550506;0.000000;11.368544;5.029297;-0.922955;167.808584;5064.913168
