Left Wrist_Ax_Mean;Left Wrist_Ax_Median;Left Wrist_Ax_Std;Left Wrist_Ax_Var;Left Wrist_Ax_RMS;Left Wrist_Ax_AvgDeriv;Left Wrist_Ax_Skew;Left Wrist_Ax_Kurt;Left Wrist_Ax_IQR;Left Wrist_Ax_ZCR;Left Wrist_Ax_MCR;Left Wrist_Ax_DomFreq;Left Wrist_Ax_Energy;Left Wrist_Ax_SpecEnt;Left Wrist_Ay_Mean;Left Wrist_Ay_Median;Left Wrist_Ay_Std;Left Wrist_Ay_Var;Left Wrist_Ay_RMS;Left Wrist_Ay_AvgDeriv;Left Wrist_Ay_Skew;Left Wrist_Ay_Kurt;Left Wrist_Ay_IQR;Left Wrist_Ay_ZCR;Left Wrist_Ay_MCR;Left Wrist_Ay_DomFreq;Left Wrist_Ay_Energy;Left Wrist_Ay_SpecEnt;Left Wrist_Az_Mean;Left Wrist_Az_Median;Left Wrist_Az_Std;Left Wrist_Az_Var;Left Wrist_Az_RMS;Left Wrist_Az_AvgDeriv;Left Wrist_Az_Skew;Left Wrist_Az_Kurt;Left Wrist_Az_IQR;Left Wrist_Az_ZCR;Left Wrist_Az_MCR;Left Wrist_Az_DomFreq;Left Wrist_Az_Energy;Left Wrist_Az_SpecEnt;Left Wrist_Gx_Mean;Left Wrist_Gx_Median;Left Wrist_Gx_Std;Left Wrist_Gx_Var;Left Wrist_Gx_RMS;Left Wrist_Gx_AvgDeriv;Left Wrist_Gx_Skew;Left Wrist_Gx_Kurt;Left Wrist_Gx_IQR;Left Wrist_Gx_ZCR;Left Wrist_Gx_MCR;Left Wrist_Gx_DomFreq;Left Wrist_Gx_Energy;Left Wrist_Gx_SpecEnt;Left Wrist_Gy_Mean;Left Wrist_Gy_Median;Left Wrist_Gy_Std;Left Wrist_Gy_Var;Left Wrist_Gy_RMS;Left Wrist_Gy_AvgDeriv;Left Wrist_Gy_Skew;Left Wrist_Gy_Kurt;Left Wrist_Gy_IQR;Left Wrist_Gy_ZCR;Left Wrist_Gy_MCR;Left Wrist_Gy_DomFreq;Left Wrist_Gy_Energy;Left Wrist_Gy_SpecEnt;Left Wrist_Gz_Mean;Left Wrist_Gz_Median;Left Wrist_Gz_Std;Left Wrist_Gz_Var;Left Wrist_Gz_RMS;Left Wrist_Gz_AvgDeriv;Left Wrist_Gz_Skew;Left Wrist_Gz_Kurt;Left Wrist_Gz_IQR;Left Wrist_Gz_ZCR;Left Wrist_Gz_MCR;Left Wrist_Gz_DomFreq;Left Wrist_Gz_Energy;Left Wrist_Gz_SpecEnt;Left Wrist_Corr_AxAy;Left Wrist_Corr_AxAz;Left Wrist_Corr_AyAz;Left Wrist_Corr_GxGy;Left Wrist_Corr_GxGz;Left Wrist_Corr_GyGz;Left Wrist_Corr_AxGx;Left Wrist_Corr_AyGy;Left Wrist_Corr_AzGz;Left Wrist_Corr_AxGy;Left Wrist_Corr_AxGz;Left Wrist_Corr_AyGx;Left Wrist_Corr_AyGz;Left Wrist_Corr_AzGx;Left Wrist_Corr_AzGy;Left Wrist_AI;Left Wrist_VI;Left Wrist_SMA;Left Wrist_EVA1;Left Wrist_EVA2;Left Wrist_CAGH;Left Wrist_AVH;Left Wrist_AVG;Left Wrist_ARATG;Left Wrist_AAE;Left Wrist_ARE
1.000000;1.000000;0.000000;0.000000;1.000000;0.000000;0.000000;0.000000;0.000000;0.000000;0.000000;0.000000;102.000000;-0.000000;-1.947168;-2.189000;0.840521;0.706476;2.120835;0.298576;0.184658;-0.973138;1.411550;0.068627;0.068627;0.000000;422.809690;0.506102;7.327301;8.544550;3.042206;9.255015;7.933748;0.308448;-0.530700;-0.833597;4.723925;0.009804;0.009804;0.000000;5948.354633;0.378386;4.754313;3.128950;3.225588;10.404417;5.745251;0.235459;0.568847;-1.325292;5.931300;0.009804;0.009804;0.000000;2836.214064;0.642818;26.630483;9.663200;49.812842;2481.319185;56.484527;4.506919;0.703378;-0.748076;69.827250;0.039216;0.039216;0.501961;198884.345350;1.351398;21.790700;11.096000;44.108423;1945.552967;49.197435;7.688726;1.441750;1.543306;26.338850;0.088235;0.088235;0.000000;147659.817577;1.799901;0.000000;0.000000;-0.316744;0.303619;-0.072333;-0.119929;0.000000;0.218540;0.146428;0.000000;0.000000;0.517241;0.200069;-0.865369;0.111077;7.729097;8.703358;10.274469;9.423461;0.636658;0.000000;6.291979;1.005859;6.448246;68.442295;5643.897311
1.000000;1.000000;0.000000;0.000000;1.000000;0.000000;0.000000;0.000000;0.000000;0.000000;0.000000;0.000000;102.000000;-0.000000;-2.173640;-2.188700;0.577283;0.333255;2.248992;0.151639;0.474982;1.190914;0.442750;0.107843;0.107843;0.000000;498.916529;0.229714;9.078896;9.085050;0.646398;0.417831;9.101878;0.169045;2.565681;13.419735;0.369750;0.137255;0.137255;0.000000;8428.803970;0.025016;2.586791;2.745500;0.731382;0.534920;2.688198;0.103940;0.119474;-0.583884;1.139325;0.019608;0.019608;0.000000;709.816278;0.212386;-5.355805;-2.726350;15.998752;255.960070;16.871417;2.734008;0.151653;4.369716;13.430100;0.058824;0.058824;0.000000;15987.223815;2.470007;13.036285;-2.635900;45.102380;2034.224721;46.948583;5.585516;1.843262;2.384956;20.292300;0.049020;0.049020;1.003922;121088.229423;1.995597;0.000000;0.000000;0.450962;0.441670;0.016578;-0.309928;0.000000;0.287136;0.144347;0.000000;0.000000;0.640750;0.327537;0.412472;0.799783;9.410551;0.343675;12.252536;0.554490;0.204033;0.000000;9.381380;1.005859;2.389170;88.902150;2496.040581
1.000000;1.000000;0.000000;0.000000;1.000000;0.000000;0.000000;0.000000;0.000000;0.000000;0.000000;0.000000;102.000000;-0.000000;-2.134694;-2.199750;0.294817;0.086917;2.154956;0.066888;2.495227;6.817143;0.200425;0.107843;0.107843;0.000000;469.240064;0.074423;9.141721;9.166750;0.178274;0.031781;9.143459;0.089828;-0.651116;0.895485;0.234000;0.205882;0.205882;0.000000;8525.869282;0.002369;3.016847;2.914700;0.332060;0.110264;3.035067;0.064438;2.198401;5.101548;0.290925;0.049020;0.049020;0.000000;933.962921;0.050992;-2.222988;-1.034795;5.049286;25.495286;5.516970;0.983253;-1.308245;1.557667;5.151025;0.049020;0.049020;0.000000;1804.376995;2.084267;-0.850581;-1.838150;7.472376;55.836406;7.520631;1.654221;1.975555;4.873169;5.213922;0.137255;0.137255;1.003922;2921.737033;2.179737;0.000000;0.000000;-0.140260;-0.388108;0.604499;-0.720768;0.000000;-0.581710;-0.262832;0.000000;0.000000;0.878183;0.635740;0.017219;0.297399;9.445109;0.036593;12.276414;0.088756;0.031118;0.000000;9.401935;1.005859;3.130081;89.246672;96.208485
1.000000;1.000000;0.000000;0.000000;1.000000;0.000000;0.000000;0.000000;0.000000;0.000000;0.000000;0.000000;102.000000;-0.000000;-2.233250;-2.224450;0.115017;0.013229;2.236210;0.067391;0.226332;-0.494673;0.156550;0.225490;0.225490;0.000000;509.390449;0.014057;9.143555;9.143250;0.156983;0.024644;9.144902;0.076520;-0.461907;1.337511;0.212075;0.147059;0.147059;0.000000;8528.926775;0.001852;3.020096;2.951500;0.217834;0.047452;3.027942;0.059417;1.315531;1.159861;0.235975;0.098039;0.098039;0.000000;932.760051;0.023628;-1.630105;-1.260300;3.873408;15.003288;4.202443;0.766431;-0.283812;0.079199;4.577703;0.088235;0.088235;1.505882;1036.206643;1.852358;-0.090737;0.216165;4.246983;18.036862;4.247952;1.412587;-0.218597;-0.035262;4.829825;0.127451;0.127451;0.501961;920.931809;2.543251;0.000000;0.000000;-0.353287;0.301493;0.113630;0.105308;0.000000;-0.280236;-0.057784;0.000000;0.000000;-0.099645;-0.165760;0.321586;0.319061;9.465897;0.026669;12.376805;0.027768;0.010480;0.000000;9.491352;1.005859;2.979707;89.629874;44.874058
1.000000;1.000000;0.000000;0.000000;1.000000;0.000000;0.000000;0.000000;0.000000;0.000000;0.000000;0.000000;102.000000;-0.000000;-2.249003;-2.225750;0.144992;0.021023;2.253672;0.075258;-0.232388;-0.791596;0.228425;0.196078;0.196078;0.000000;516.989675;0.020401;9.104109;9.106600;0.156553;0.024509;9.105455;0.078031;-0.072397;1.120853;0.196050;0.186275;0.186275;0.000000;8455.499820;0.001829;3.037937;2.948150;0.229656;0.052742;3.046605;0.064103;1.233215;0.415328;0.253425;0.078431;0.078431;0.000000;944.054247;0.025707;-0.157108;0.344875;3.175520;10.083927;3.179404;0.751889;0.020547;-1.006852;4.873275;0.068627;0.068627;2.007843;516.831992;1.603894;1.409417;2.078300;4.156200;17.273999;4.388674;1.651239;-0.772223;0.553294;5.243657;0.137255;0.137255;3.011765;1083.626624;2.439707;0.000000;0.000000;-0.297372;0.081446;0.133231;0.127129;0.000000;-0.203888;0.160891;0.000000;0.000000;-0.005393;-0.321791;0.360864;0.243651;9.431921;0.027212;12.353112;0.030032;0.015951;0.000000;9.417664;1.005859;3.082982;88.988343;38.650870
1.000000;1.000000;0.000000;0.000000;1.000000;0.000000;0.000000;0.000000;0.000000;0.000000;0.000000;0.000000;102.000000;-0.000000;-2.340275;-2.361650;0.133101;0.017716;2.344056;0.063342;0.461085;-0.325949;0.172700;0.147059;0.147059;0.000000;559.546624;0.016154;9.137110;9.153700;0.105807;0.011195;9.137722;0.054279;-0.445988;-0.103714;0.108900;0.215686;0.215686;0.000000;8516.222116;0.000904;2.857009;2.811900;0.166676;0.027781;2.861867;0.042035;2.047144;4.632858;0.161950;0.107843;0.107843;0.000000;833.992068;0.015762;-0.198925;0.146322;2.159824;4.664840;2.168966;0.515688;-0.527201;-0.321719;3.294925;0.058824;0.058824;1.505882;241.948645;2.000996;0.892848;1.404300;3.059286;9.359229;3.186912;1.231818;-0.684922;0.344905;3.787838;0.117647;0.117647;1.003922;558.641479;2.480344;0.000000;0.000000;-0.381156;0.180528;0.274221;-0.024746;0.000000;-0.125578;-0.116203;0.000000;0.000000;0.286014;-0.128516;-0.158732;-0.064273;9.485705;0.013967;12.477384;0.020941;0.008256;0.000000;9.456650;1.005859;2.928085;89.992571;23.051098
1.000000;1.000000;0.000000;0.000000;1.000000;0.000000;0.000000;0.000000;0.000000;0.000000;0.000000;0.000000;102.000000;-0.000000;-0.043144;-0.178375;2.207043;4.871037;2.207464;0.564596;0.154120;-0.867263;3.581775;0.058824;0.058824;0.501961;248.612860;0.620567;8.317053;9.080500;2.219453;4.925972;8.608097;0.409865;-1.481593;1.213875;1.575275;0.088235;0.088235;0.000000;7306.926240;0.214949;3.485765;2.228600;2.614545;6.835846;4.357339;0.300460;1.092599;-0.110923;3.178500;0.029412;0.029412;0.000000;1588.067311;0.853252;39.923704;34.219000;34.420795;1184.791150;52.713312;2.872922;0.671209;-0.787092;51.519500;0.029412;0.029412;0.000000;223005.561989;0.800121;27.619960;15.925000;40.891572;1672.120646;49.345545;7.851186;0.824539;-0.490237;46.432450;0.058824;0.058824;0.000000;163097.106073;1.432435;0.000000;0.000000;0.648289;0.845695;-0.442165;-0.504457;0.000000;-0.793463;0.278920;0.000000;0.000000;-0.817418;0.591402;-0.908448;-0.627395;8.739523;3.592973;11.153863;8.154165;1.739844;0.000000;7.669120;1.005859;4.730069;79.972240;5232.662529
1.000000;1.000000;0.000000;0.000000;1.000000;0.000000;0.000000;0.000000;0.000000;0.000000;0.000000;0.000000;102.000000;-0.000000;-0.043632;-0.991650;1.852462;3.431615;1.852976;0.343607;0.987215;-0.339919;2.589650;0.049020;0.049020;0.501961;175.227320;1.295478;9.539815;9.616650;0.617763;0.381632;9.559796;0.267968;-0.236278;1.552695;0.534200;0.176471;0.176471;0.000000;9302.296102;0.019902;1.500419;1.458250;0.492259;0.242319;1.579106;0.169667;-0.598190;3.879764;0.596325;0.127451;0.127451;0.000000;241.986508;0.345769;5.126401;3.567100;8.645615;74.746664;10.051202;1.494219;0.782588;0.687848;12.824925;0.049020;0.049020;0.000000;6494.385430;2.072881;27.408724;14.925000;41.043765;1684.590627;49.354116;5.784509;0.815905;-0.486374;43.448750;0.029412;0.029412;0.000000;162541.419290;1.276924;0.000000;0.000000;-0.136908;0.595058;0.149263;0.230773;0.000000;0.370388;-0.383552;0.000000;0.000000;0.003209;0.780050;-0.311894;-0.022497;9.767681;0.415629;12.122723;3.473698;0.377304;0.000000;9.629675;1.005859;1.590061;95.823215;2539.348984
1.000000;1.000000;0.000000;0.000000;1.000000;0.000000;0.000000;0.000000;0.000000;0.000000;0.000000;0.000000;102.000000;-0.000000;-1.410601;-1.398550;0.306394;0.093877;1.443493;0.099537;0.202428;-0.318229;0.447700;0.156863;0.156863;0.000000;207.748717;0.152498;9.666001;9.668650;0.245328;0.060186;9.669114;0.086737;-0.177206;1.325992;0.228925;0.176471;0.176471;0.000000;9533.091092;0.003660;1.330351;1.326100;0.171532;0.029423;1.341364;0.055303;0.183952;-1.093877;0.283300;0.137255;0.137255;0.000000;182.023638;0.062816;-0.917607;-1.272150;4.014158;16.113468;4.117702;0.602127;0.502171;-0.608610;7.086725;0.049020;0.049020;1.003922;907.836227;2.049478;-0.311307;3.210350;14.427189;208.143789;14.430547;2.555600;-0.092802;-1.132344;24.461250;0.029412;0.029412;1.003922;10626.811196;2.019935;0.000000;0.000000;0.233261;0.185427;0.016528;-0.754974;0.000000;0.288740;-0.162179;0.000000;0.000000;0.533594;-0.122501;-0.278418;0.262605;9.824480;0.055024;12.076602;0.102349;0.053239;0.000000;9.850718;1.005859;1.334255;96.575433;226.995428
1.000000;1.000000;0.000000;0.000000;1.000000;0.000000;0.000000;0.000000;0.000000;0.000000;0.000000;0.000000;102.000000;-0.000000;-1.458529;-1.449100;0.276597;0.076506;1.484524;0.065349;0.223991;-0.289706;0.401100;0.088235;0.088235;0.000000;220.887713;0.116325;9.617602;9.634500;0.181508;0.032945;9.619315;0.057238;-1.269686;3.134732;0.178800;0.117647;0.117647;0.000000;9436.503950;0.002150;1.373522;1.375550;0.140745;0.019809;1.380714;0.040671;-0.111541;-0.269325;0.171750;0.137255;0.137255;0.000000;193.439613;0.041422;-1.424281;-1.303250;2.508574;6.292941;2.884704;0.430407;0.406759;-0.126086;3.686079;0.068627;0.068627;0.000000;527.871866;1.796330;0.683686;0.059716;10.616354;112.706970;10.638346;1.871912;0.199304;-0.123988;11.621075;0.049020;0.049020;1.003922;5797.023327;1.833154;0.000000;0.000000;0.183748;-0.304165;0.257947;-0.645447;0.000000;0.035217;-0.105677;0.000000;0.000000;0.533076;0.116076;-0.285623;0.335953;9.782834;0.031186;12.076131;0.079155;0.031380;0.000000;9.778648;1.005859;1.378095;95.735024;123.402286
1.000000;1.000000;0.000000;0.000000;1.000000;0.000000;0.000000;0.000000;0.000000;0.000000;0.000000;0.000000;102.000000;-0.000000;-1.528922;-1.501650;0.167672;0.028114;1.538088;0.040884;-0.590810;-0.358699;0.198300;0.098039;0.098039;0.000000;239.869160;0.044516;9.627036;9.626450;0.071573;0.005123;9.627302;0.037527;-0.382668;1.090979;0.080875;0.205882;0.205882;0.000000;9453.604146;0.000399;1.349276;1.350050;0.092130;0.008488;1.352418;0.030984;0.357178;0.065380;0.113300;0.127451;0.127451;0.000000;186.128780;0.021371;-1.107646;-0.768650;1.635629;2.675281;1.975389;0.304804;-0.764549;-0.137325;1.991677;0.088235;0.088235;0.000000;261.632370;1.607183;0.345437;-1.015860;6.416729;41.174415;6.426021;1.132349;1.259918;1.590702;6.850025;0.058824;0.058824;1.003922;2112.138139;1.864489;0.000000;0.000000;-0.113067;0.145096;-0.224463;-0.773746;0.000000;0.118995;-0.001992;0.000000;0.000000;0.175536;-0.153224;-0.151667;0.015577;9.800236;0.006033;12.155958;0.028473;0.005093;0.000000;9.808390;1.005859;1.376728;96.050665;47.024938
1.000000;1.000000;0.000000;0.000000;1.000000;0.000000;0.000000;0.000000;0.000000;0.000000;0.000000;0.000000;102.000000;-0.000000;-1.544381;-1.543550;0.097053;0.009419;1.547428;0.033062;-0.585679;0.018086;0.134225;0.205882;0.205882;0.000000;243.762003;0.018823;9.630284;9.628700;0.047459;0.002252;9.630401;0.032236;0.279725;0.574729;0.065450;0.254902;0.254902;0.000000;9459.837744;0.000189;1.340555;1.345700;0.076216;0.005809;1.342720;0.026694;-0.119169;-0.590616;0.112575;0.137255;0.137255;0.000000;183.599229;0.015743;-1.208187;-1.062450;1.352758;1.829953;1.813745;0.275330;0.001588;-0.842510;2.092252;0.058824;0.058824;0.000000;242.229194;1.248963;0.227382;0.584195;4.179470;17.467966;4.185650;0.710108;-0.282383;-0.929779;6.608025;0.058824;0.058824;0.501961;896.193441;1.403836;0.000000;0.000000;-0.003252;0.259169;-0.329899;-0.844968;0.000000;-0.134629;-0.000917;0.000000;0.000000;-0.196138;-0.058198;-0.197340;0.068589;9.804935;0.002408;12.174666;0.009513;0.002275;0.000000;9.814299;1.005859;1.337489;96.139161;22.612235
1.000000;1.000000;0.000000;0.000000;1.000000;0.000000;0.000000;0.000000;0.000000;0.000000;0.000000;0.000000;102.000000;-0.000000;-0.120121;-0.237335;1.629305;2.654634;1.633727;0.529628;1.232972;2.770434;1.747038;0.127451;0.127451;0.501961;136.897710;1.870611;7.171008;8.517000;2.908472;8.459210;7.738383;0.393093;-0.811321;-0.979371;5.487225;0.029412;0.029412;0.000000;5676.840305;0.358355;1.457978;-0.430040;6.244028;38.987884;6.411988;0.414069;0.218011;-1.574384;13.409375;0.009804;0.009804;0.501961;2205.319077;0.833063;37.105646;54.802000;88.531625;7837.848555;95.993112;5.291086;-0.565106;-1.030142;114.629865;0.019608;0.019608;0.501961;540180.878516;0.944703;20.293571;13.651500;37.330870;1393.593857;42.490268;11.553122;0.017486;0.412665;41.530325;0.088235;0.088235;0.000000;113090.179830;2.135412;0.000000;0.000000;0.090009;0.314683;-0.202940;-0.200605;0.000000;-0.796717;0.356043;0.000000;0.000000;-0.392066;-0.166585;-0.864973;-0.072322;7.416191;8.551744;9.363849;8.574449;2.649433;0.000000;5.888766;1.005859;4.650630;63.551627;11061.213973
1.000000;1.000000;0.000000;0.000000;1.000000;0.000000;0.000000;0.000000;0.000000;0.000000;0.000000;0.000000;102.000000;-0.000000;0.214907;-0.205990;1.353510;1.831990;1.370465;0.428575;2.080771;5.458921;1.304117;0.117647;0.117647;0.501961;98.254579;2.209158;9.233416;9.361700;0.618132;0.382087;9.254083;0.261782;0.098391;0.995994;0.777950;0.137255;0.137255;0.000000;8715.638985;0.021941;-0.896643;-0.271270;3.532385;12.477747;3.644409;0.325685;-0.312379;-1.500635;6.939950;0.009804;0.009804;0.501961;718.371809;0.898059;-8.265140;1.605000;67.548540;4562.805225;68.052316;4.879848;-0.055066;-0.861340;89.110750;0.019608;0.019608;0.501961;239691.836303;1.217583;17.455123;10.659500;33.882384;1148.015913;38.114266;10.294144;0.462425;1.235728;31.015475;0.156863;0.156863;0.000000;89627.401309;2.225808;0.000000;0.000000;-0.073145;0.021642;-0.133638;-0.463383;0.000000;-0.687217;-0.301847;0.000000;0.000000;-0.497736;0.095815;0.195808;0.077547;9.384604;0.445427;11.131703;1.852733;0.383266;0.000000;9.209397;1.005859;-2.615020;88.516227;6097.096719
1.000000;1.000000;0.000000;0.000000;1.000000;0.000000;0.000000;0.000000;0.000000;0.000000;0.000000;0.000000;102.000000;-0.000000;-0.189411;-0.162650;0.338692;0.114712;0.388058;0.101478;0.893385;2.796260;0.261042;0.176471;0.176471;0.000000;9.510713;2.277430;9.436359;9.519400;0.305679;0.093440;9.441309;0.051139;-1.230634;0.728345;0.182850;0.068627;0.068627;0.000000;9087.343006;0.005483;2.422547;2.506350;0.556490;0.309681;2.485642;0.076212;-2.489422;8.789495;0.146150;0.098039;0.098039;0.000000;614.415842;0.182916;-5.145688;-0.049342;19.839667;393.612406;20.496110;1.887742;-2.065864;4.726258;8.372525;0.029412;0.029412;1.003922;22784.393282;2.274377;1.013299;-1.491600;18.014639;324.527201;18.043114;4.055029;1.310329;2.548722;10.417425;0.088235;0.088235;0.501961;16658.856258;2.242955;0.000000;0.000000;-0.352694;0.938638;-0.548203;-0.517760;0.000000;-0.570533;-0.633307;0.000000;0.000000;-0.575891;0.274834;0.705960;0.744029;9.497298;0.090233;10.735048;0.143516;0.066698;0.000000;9.399488;1.005859;2.330981;90.288897;751.822900
1.000000;1.000000;0.000000;0.000000;1.000000;0.000000;0.000000;0.000000;0.000000;0.000000;0.000000;0.000000;102.000000;-0.000000;-0.112956;-0.119600;0.073467;0.005397;0.134746;0.036454;1.081441;3.652279;0.069231;0.205882;0.205882;0.000000;1.576778;0.967743;9.552587;9.561100;0.071096;0.005055;9.552852;0.021885;0.260796;1.143892;0.058650;0.078431;0.078431;0.000000;9307.954528;0.000386;2.469622;2.455450;0.084280;0.007103;2.471059;0.027267;0.616469;0.292314;0.108225;0.107843;0.107843;0.000000;622.463631;0.006352;-1.229902;-0.996160;3.178056;10.100039;3.407741;0.471380;-1.320768;2.178996;1.953557;0.058824;0.058824;1.505882;669.395893;1.834255;-4.543411;-1.972600;6.868151;47.171504;8.234931;1.236038;-2.581284;6.633861;4.016150;0.068627;0.068627;0.000000;4511.369818;1.847695;0.000000;0.000000;0.465281;0.125569;-0.326021;0.708897;0.000000;-0.478311;-0.398161;0.000000;0.000000;-0.364436;-0.432387;-0.017472;-0.416836;9.605737;0.004948;10.677301;0.007738;0.002817;0.000000;9.603010;1.005859;2.512273;92.275134;85.532916
1.000000;1.000000;0.000000;0.000000;1.000000;0.000000;0.000000;0.000000;0.000000;0.000000;0.000000;0.000000;102.000000;-0.000000;-0.123968;-0.119090;0.045314;0.002053;0.131991;0.021455;-0.180643;0.174775;0.048032;0.215686;0.215686;0.000000;1.672584;0.396398;9.562714;9.566000;0.025770;0.000664;9.562748;0.014075;-0.020615;-0.037987;0.035275;0.235294;0.235294;0.000000;9327.474239;0.000059;2.420858;2.420450;0.046882;0.002198;2.421312;0.018883;0.441946;0.001947;0.060425;0.186275;0.186275;0.000000;597.888476;0.002160;-0.869862;-1.165750;1.396320;1.949709;1.645105;0.272831;1.218860;1.418479;1.641268;0.098039;0.098039;0.000000;176.615588;1.727742;-1.341852;-0.890390;1.638300;2.684028;2.117686;0.479711;-1.220727;1.159862;1.483947;0.127451;0.127451;0.000000;320.543390;1.661412;0.000000;0.000000;0.104923;0.625831;-0.286591;-0.332980;0.000000;0.034903;0.051994;0.000000;0.000000;-0.277557;-0.284597;-0.146730;0.019237;9.615764;0.000655;10.686906;0.002085;0.000660;0.000000;9.620533;1.005859;2.435846;92.463579;13.053716
1.000000;1.000000;0.000000;0.000000;1.000000;0.000000;0.000000;0.000000;0.000000;0.000000;0.000000;0.000000;102.000000;-0.000000;-0.158229;-0.164155;0.046199;0.002134;0.164836;0.021633;-0.209576;0.029161;0.067637;0.156863;0.156863;0.000000;2.663526;0.269562;9.560282;9.565900;0.026020;0.000677;9.560318;0.013550;-0.181003;-0.305741;0.036350;0.274510;0.274510;0.000000;9322.732410;0.000061;2.423511;2.421150;0.041058;0.001686;2.423859;0.019871;0.413686;-0.249302;0.050150;0.196078;0.196078;0.000000;599.173288;0.001737;-0.974181;-0.900765;1.118797;1.251706;1.483488;0.253538;-0.092853;-1.054302;1.725768;0.058824;0.058824;0.000000;160.638257;1.168756;0.055197;0.075004;0.926063;0.857593;0.927707;0.415258;0.442638;0.240621;1.360503;0.127451;0.127451;0.501961;44.131665;2.662590;0.000000;0.000000;-0.073500;0.541242;-0.093797;-0.109265;0.000000;-0.010585;-0.043860;0.000000;0.000000;-0.200812;-0.561551;0.287309;0.242131;9.613853;0.000672;10.718511;0.002161;0.000678;0.000000;9.613749;1.005859;2.435800;92.426846;8.936466
1.000000;1.000000;0.000000;0.000000;1.000000;0.000000;0.000000;0.000000;0.000000;0.000000;0.000000;0.000000;102.000000;-0.000000;-6.215827;-5.955900;1.510841;2.282641;6.396808;0.305865;-0.078221;-0.848919;1.999475;0.058824;0.058824;0.000000;4057.362895;0.160479;4.435597;3.682550;3.257265;10.609776;5.503117;0.213133;0.338318;-1.468783;6.324250;0.009804;0.009804;0.000000;2548.038431;0.676269;4.416404;4.295450;3.165944;10.023203;5.433952;0.268137;-0.086093;-1.654826;6.780625;0.009804;0.009804;0.000000;2500.686254;0.660509;15.732965;12.552500;28.563059;815.848354;32.609424;3.320325;0.883786;0.837682;23.457190;0.058824;0.058824;0.501961;66857.585027;1.412338;19.619101;14.825500;27.395328;750.503987;33.695892;5.757820;0.678427;-0.209499;37.172675;0.058824;0.058824;0.000000;77537.640404;1.468290;0.000000;0.000000;0.211469;0.133644;0.070836;0.778211;0.000000;-0.781446;-0.148466;0.000000;0.000000;-0.140302;-0.756687;-0.975510;-0.203223;8.257524;4.016750;11.651424;10.844180;2.175885;0.000000;7.097102;1.005859;6.144648;72.203447;2228.315494
1.000000;1.000000;0.000000;0.000000;1.000000;0.000000;0.000000;0.000000;0.000000;0.000000;0.000000;0.000000;102.000000;-0.000000;-4.835353;-3.843600;1.836945;3.374367;5.172524;0.200302;-1.044116;-0.513521;2.526900;0.009804;0.009804;0.000000;2556.983428;0.333684;8.021906;8.264700;1.412171;1.994226;8.145256;0.190015;-1.080732;0.666425;1.427150;0.049020;0.049020;0.000000;6665.512332;0.105300;2.040644;2.121450;1.151973;1.327042;2.343345;0.185734;-0.324649;-0.445967;1.834225;0.039216;0.039216;0.000000;492.434751;0.540041;-1.271278;8.574100;29.518354;871.333245;29.545717;3.165193;-0.278324;-0.519231;45.972000;0.029412;0.029412;0.501961;44612.326747;1.270915;11.400534;10.184000;20.588666;423.893172;23.534344;4.132672;0.004302;-0.304102;28.307517;0.049020;0.049020;0.000000;34878.288638;1.765097;0.000000;0.000000;0.646151;0.187635;0.156406;0.545553;0.000000;-0.621837;-0.379335;0.000000;0.000000;-0.019156;-0.648829;-0.325713;-0.302327;9.659671;0.790965;13.857259;4.541479;0.880268;0.000000;9.581429;1.005859;1.793126;94.100205;1432.306008
1.000000;1.000000;0.000000;0.000000;1.000000;0.000000;0.000000;0.000000;0.000000;0.000000;0.000000;0.000000;102.000000;-0.000000;-3.474754;-3.456700;0.237273;0.056298;3.482846;0.090779;-0.010516;0.435424;0.251100;0.137255;0.137255;0.000000;1234.414556;0.021556;8.712459;8.792550;0.355089;0.126088;8.719692;0.085714;-0.613351;0.432122;0.293175;0.107843;0.107843;0.000000;7748.940086;0.008632;2.715303;2.682600;0.490999;0.241080;2.759339;0.065615;-0.134475;-0.513927;0.628100;0.049020;0.049020;0.000000;764.329092;0.107374;-7.527333;-3.182800;22.342907;499.205472;23.576815;1.539433;-0.795610;-0.322117;21.420950;0.029412;0.029412;1.003922;31241.542844;1.446958;2.650688;3.642000;12.397481;153.697541;12.677685;2.510054;-0.641284;0.958284;12.176950;0.078431;0.078431;0.501961;8555.286969;2.189380;0.000000;0.000000;-0.447693;0.713933;0.089565;0.172644;0.000000;-0.235894;0.086911;0.000000;0.000000;-0.505851;-0.209685;0.583215;0.171126;9.435193;0.140376;13.187213;0.143990;0.040202;0.000000;9.389933;1.005859;2.585191;89.163240;724.203847
1.000000;1.000000;0.000000;0.000000;1.000000;0.000000;0.000000;0.000000;0.000000;0.000000;0.000000;0.000000;102.000000;-0.000000;-3.355331;-3.418200;0.171875;0.029541;3.359731;0.054706;0.768503;0.282940;0.257050;0.156863;0.156863;0.000000;1149.848722;0.012173;8.823496;8.821550;0.099796;0.009959;8.824060;0.038213;0.008677;-0.339287;0.136525;0.156863;0.156863;0.000000;7941.624694;0.000810;2.833487;2.858750;0.167247;0.027972;2.838419;0.032619;-0.147523;-0.932586;0.227700;0.039216;0.039216;0.000000;820.349286;0.014593;-2.531508;-1.413850;6.158704;37.929631;6.658691;0.634222;-0.177701;-0.719432;8.958625;0.029412;0.029412;1.003922;2588.084754;1.106668;-0.491955;-0.743050;5.987609;35.851465;6.007785;1.490815;-1.241156;3.369184;5.128700;0.098039;0.098039;4.015686;1853.114980;2.451404;0.000000;0.000000;-0.379121;0.841886;0.033502;-0.108556;0.000000;-0.054342;0.000068;0.000000;0.000000;-0.373502;-0.124807;-0.053603;-0.425177;9.493968;0.016413;13.178827;0.031816;0.008076;0.000000;9.501007;1.005859;2.817523;90.151832;88.488270
1.000000;1.000000;0.000000;0.000000;1.000000;0.000000;0.000000;0.000000;0.000000;0.000000;0.000000;0.000000;102.000000;-0.000000;-3.332935;-3.341400;0.118529;0.014049;3.335042;0.033221;0.225585;-0.974465;0.199725;0.117647;0.117647;0.000000;1133.780340;0.006097;8.831986;8.828500;0.073585;0.005415;8.832293;0.031122;0.456158;-0.126492;0.099450;0.147059;0.147059;0.000000;7956.682350;0.000476;2.862048;2.873650;0.084016;0.007059;2.863281;0.024446;-0.024949;-0.190102;0.121050;0.098039;0.098039;0.000000;835.874620;0.004508;-1.612257;-1.106250;2.386229;5.694086;2.879837;0.383215;-0.931171;0.647428;2.641789;0.039216;0.039216;0.000000;555.541306;1.498872;-0.220404;-1.091650;2.635701;6.946922;2.644901;0.668665;1.189989;1.689337;3.321100;0.058824;0.058824;1.003922;359.256437;2.137671;0.000000;0.000000;-0.216692;0.653598;-0.671936;-0.742386;0.000000;-0.340810;0.132657;0.000000;0.000000;-0.666188;0.277248;-0.048655;-0.391113;9.493379;0.007649;13.164922;0.014588;0.005069;0.000000;9.506154;1.005859;2.871602;90.131903;23.487337
1.000000;1.000000;0.000000;0.000000;1.000000;0.000000;0.000000;0.000000;0.000000;0.000000;0.000000;0.000000;102.000000;-0.000000;-3.362427;-3.372200;0.106247;0.011288;3.364106;0.033655;0.379920;-0.493953;0.139425;0.156863;0.156863;0.000000;1153.779390;0.005321;8.806864;8.805050;0.084279;0.007103;8.807267;0.035102;-0.186235;2.699084;0.092250;0.176471;0.176471;0.000000;7911.568816;0.000613;2.857757;2.866350;0.103261;0.010663;2.859622;0.024382;-0.326246;-0.361206;0.151150;0.088235;0.088235;0.000000;833.554799;0.006606;-1.562606;-1.383700;1.230624;1.514435;1.989013;0.268132;-0.225070;-0.835427;1.787995;0.088235;0.088235;0.000000;326.304921;1.024881;0.773667;1.453450;2.506180;6.280936;2.622879;0.558921;-0.315142;-1.169871;4.321750;0.029412;0.029412;0.501961;381.402696;1.541818;0.000000;0.000000;-0.234599;0.145314;-0.230295;-0.327522;0.000000;0.400743;0.078126;0.000000;0.000000;-0.629407;-0.168259;-0.056665;-0.305558;9.480308;0.008925;13.169291;0.012281;0.006292;0.000000;9.481436;1.005859;2.870843;89.885158;19.013105
1.000000;1.000000;0.000000;0.000000;1.000000;0.000000;0.000000;0.000000;0.000000;0.000000;0.000000;0.000000;102.000000;-0.000000;-5.816873;-5.818200;0.091996;0.008463;5.817600;0.045265;-0.085804;7.040734;0.036100;0.303922;0.303922;0.000000;3451.704362;0.001683;3.257994;3.284850;0.098952;0.009791;3.259496;0.024777;-3.533995;12.011670;0.023850;0.029412;0.029412;0.000000;1083.181122;0.005228;7.312534;7.307500;0.071514;0.005114;7.312884;0.030237;-1.223354;11.416124;0.034625;0.343137;0.343137;0.000000;5454.522967;0.000671;-0.403596;-1.158200;3.920533;15.370577;3.941252;0.422082;4.672804;21.861103;0.184050;0.009804;0.009804;3.011765;801.414700;3.101537;1.450274;-0.028485;5.482363;30.056302;5.670943;0.593995;3.559841;11.558881;0.390200;0.009804;0.009804;1.003922;1748.506652;2.534901;0.000000;0.000000;-0.111443;-0.603078;-0.396553;0.829786;0.000000;-0.213496;-0.879326;0.000000;0.000000;0.757399;-0.027627;0.178307;-0.555586;6.742360;0.009362;10.074867;0.010442;0.007993;0.000000;6.723811;1.005859;7.355639;45.468787;101.171336
1.000000;1.000000;0.000000;0.000000;1.000000;0.000000;0.000000;0.000000;0.000000;0.000000;0.000000;0.000000;102.000000;-0.000000;-5.133217;-5.805900;1.645466;2.707557;5.390498;0.276825;1.023083;-0.257886;0.719650;0.029412;0.029412;0.000000;2825.790432;0.280301;5.477425;3.291400;3.574630;12.777976;6.540655;0.303697;1.365134;0.529689;3.275050;0.009804;0.009804;0.000000;3711.957915;0.652638;5.302298;7.028550;2.567719;6.593179;5.891311;0.208372;-0.700505;-1.298704;5.020375;0.009804;0.009804;0.000000;3204.067267;0.463850;12.148311;-0.987150;24.195659;585.429918;27.074183;2.500867;0.575029;-0.257066;26.560050;0.039216;0.039216;0.501961;44911.519971;1.417994;6.771633;0.088566;34.796645;1210.806504;35.449422;6.464362;0.490878;2.746449;22.200100;0.039216;0.039216;1.003922;66433.093702;2.133995;0.000000;0.000000;0.582309;-0.253271;0.118668;0.454144;0.000000;-0.403421;-0.316380;0.000000;0.000000;-0.577096;-0.645943;-0.773932;0.364738;8.155398;6.327113;11.610642;13.969438;1.669417;0.000000;7.116360;1.005859;6.605193;72.837637;2024.380448
1.000000;1.000000;0.000000;0.000000;1.000000;0.000000;0.000000;0.000000;0.000000;0.000000;0.000000;0.000000;102.000000;-0.000000;-3.333793;-2.418850;1.890635;3.574502;3.832581;0.286944;-1.077549;-0.443407;2.716550;0.009804;0.009804;0.000000;1316.092587;0.605621;8.295450;8.891100;2.912223;8.481043;8.791788;0.334581;-0.117107;0.008226;3.127775;0.029412;0.029412;0.000000;7451.613894;0.304532;2.859521;2.569650;1.702975;2.900123;3.328210;0.215983;1.295158;0.905609;1.438100;0.049020;0.049020;0.000000;981.946022;0.722857;11.590068;14.408000;28.435090;808.554325;30.706416;3.218666;-0.220107;-0.245772;25.889122;0.049020;0.049020;1.003922;54939.514019;1.377949;2.156507;-4.197250;39.268584;1542.021681;39.327754;8.962514;0.506515;1.010705;45.703000;0.068627;0.068627;1.003922;79118.183495;1.981506;0.000000;0.000000;0.442091;0.401755;0.252218;0.207403;0.000000;-0.742683;-0.488508;0.000000;0.000000;-0.504542;-0.657033;-0.527403;0.072247;9.392623;4.762853;12.629243;9.577614;2.597293;0.000000;8.810193;1.005859;3.314951;92.984213;2500.633189
1.000000;1.000000;0.000000;0.000000;1.000000;0.000000;0.000000;0.000000;0.000000;0.000000;0.000000;0.000000;102.000000;-0.000000;-2.145085;-2.122600;0.280267;0.078550;2.163317;0.069063;-0.436541;1.109493;0.225975;0.117647;0.117647;0.000000;473.347926;0.066869;9.111758;9.347200;0.700607;0.490850;9.138653;0.068608;-3.090131;9.495869;0.135525;0.009804;0.009804;0.000000;8493.508644;0.027651;2.345243;2.335750;0.429182;0.184197;2.384190;0.046709;-0.851990;1.300204;0.422325;0.098039;0.098039;0.000000;570.412113;0.114995;-0.050986;0.166065;15.069346;227.085185;15.069432;1.296424;-1.858370;4.055238;5.431025;0.078431;0.078431;1.003922;11583.936127;2.019376;-5.225820;-5.061450;17.571268;308.749448;18.331902;3.324936;0.122987;2.294976;7.770217;0.078431;0.078431;1.505882;18531.786367;2.201686;0.000000;0.000000;-0.506208;0.927344;-0.697710;-0.736842;0.000000;-0.487020;-0.278380;0.000000;0.000000;-0.516569;0.028160;0.657278;0.752492;9.417488;0.505847;12.256843;0.518647;0.056391;0.000000;9.202792;1.005859;2.356328;89.194922;568.830795
1.000000;1.000000;0.000000;0.000000;1.000000;0.000000;0.000000;0.000000;0.000000;0.000000;0.000000;0.000000;102.000000;-0.000000;-2.083677;-2.086400;0.058407;0.003411;2.084496;0.017870;0.194966;-0.712398;0.091500;0.137255;0.137255;0.000000;443.028594;0.004220;9.363631;9.359850;0.040990;0.001680;9.363721;0.021428;-0.403604;0.408286;0.048475;0.215686;0.215686;0.000000;8943.200156;0.000147;2.241183;2.231550;0.067685;0.004581;2.242205;0.020505;0.811977;0.121341;0.061850;0.137255;0.137255;0.000000;512.569785;0.004742;-0.259477;-0.998170;1.748839;3.058439;1.767984;0.321918;1.416495;0.724785;1.553924;0.039216;0.039216;1.505882;162.849914;1.697464;-2.359381;-0.944640;2.958748;8.754191;3.784292;0.472291;-1.130925;-0.017554;4.234935;0.029412;0.029412;0.000000;1014.340660;1.514703;0.000000;0.000000;-0.312338;0.612915;-0.573071;-0.848548;0.000000;0.222326;0.090339;0.000000;0.000000;0.401270;-0.533153;0.266168;0.146693;9.644809;0.002056;12.447309;0.003726;0.001416;0.000000;9.642605;1.005859;2.263332;93.024396;22.474119
1.000000;1.000000;0.000000;0.000000;1.000000;0.000000;0.000000;0.000000;0.000000;0.000000;0.000000;0.000000;102.000000;-0.000000;-2.085208;-2.085800;0.029972;0.000898;2.085423;0.016550;-0.193703;-0.180567;0.046750;0.303922;0.303922;0.000000;443.551198;0.001328;9.366809;9.368500;0.032043;0.001027;9.366864;0.018553;0.265067;0.361672;0.035850;0.264706;0.264706;0.000000;8949.237358;0.000092;2.228952;2.226050;0.048024;0.002306;2.229469;0.019110;0.354739;-0.342586;0.061300;0.137255;0.137255;0.000000;506.876796;0.002594;-1.190634;-1.141150;0.714494;0.510502;1.388564;0.199759;-0.156747;0.376727;0.871927;0.147059;0.147059;0.000000;170.642050;0.704363;0.032601;0.067947;0.954241;0.910575;0.954797;0.300225;0.140779;-0.266322;1.205240;0.156863;0.156863;0.501961;46.549044;1.980686;0.000000;0.000000;-0.318627;0.173473;0.015404;0.198839;0.000000;-0.237430;-0.122010;0.000000;0.000000;0.099919;-0.177325;0.295484;0.180778;9.648108;0.001139;12.452017;0.001288;0.000656;0.000000;9.656858;1.005859;2.236260;93.087124;7.810281
1.000000;1.000000;0.000000;0.000000;1.000000;0.000000;0.000000;0.000000;0.000000;0.000000;0.000000;0.000000;102.000000;-0.000000;-2.090600;-2.085950;0.025171;0.000634;2.090752;0.015485;-0.394448;-0.719538;0.034900;0.245098;0.245098;0.000000;445.834399;0.000984;9.358981;9.358600;0.033557;0.001126;9.359042;0.017826;0.421403;0.570781;0.047025;0.225490;0.225490;0.000000;8934.291728;0.000101;2.257193;2.268700;0.049208;0.002421;2.257729;0.016790;-0.600233;-0.422008;0.062975;0.166667;0.166667;0.000000;519.805421;0.002627;-1.373549;-1.492800;0.714759;0.510881;1.548392;0.174113;0.430851;0.545611;0.701950;0.127451;0.127451;0.000000;218.491945;0.565076;0.230400;0.067778;0.733558;0.538107;0.768889;0.254205;0.829523;0.412911;0.849057;0.107843;0.107843;1.003922;32.860140;2.228967;0.000000;0.000000;-0.166125;0.154682;-0.304249;0.522264;0.000000;-0.237744;0.168001;0.000000;0.000000;-0.216590;-0.156632;0.201305;0.080072;9.641667;0.001150;12.449581;0.001175;0.000602;0.000000;9.649381;1.005859;2.258316;92.962900;8.086050
1.000000;1.000000;0.000000;0.000000;1.000000;0.000000;0.000000;0.000000;0.000000;0.000000;0.000000;0.000000;102.000000;-0.000000;-2.099897;-2.097400;0.029538;0.000873;2.100105;0.015913;-0.084209;-0.588099;0.044125;0.147059;0.147059;0.000000;449.820468;0.001264;9.348494;9.346200;0.027922;0.000780;9.348536;0.018220;0.402736;0.091123;0.046425;0.235294;0.235294;0.000000;8914.262759;0.000072;2.299793;2.305500;0.032913;0.001083;2.300029;0.016104;-0.026949;-0.398220;0.038525;0.225490;0.225490;0.000000;539.538195;0.001236;-1.361051;-1.394450;0.408393;0.166785;1.421001;0.163494;0.118328;-0.548504;0.541925;0.156863;0.156863;0.000000;197.460090;0.266824;-0.188854;-0.148600;0.737737;0.544256;0.761526;0.237605;0.312298;0.591508;0.810758;0.176471;0.176471;1.003922;31.399186;1.966921;0.000000;0.000000;-0.161667;0.510703;-0.190376;0.323298;0.000000;-0.164412;-0.038829;0.000000;0.000000;-0.245823;-0.057654;-0.222889;-0.231660;9.633521;0.000832;12.448391;0.000977;0.000692;0.000000;9.643390;1.005859;2.300953;92.805562;7.889299
1.000000;1.000000;0.000000;0.000000;1.000000;0.000000;0.000000;0.000000;0.000000;0.000000;0.000000;0.000000;102.000000;-0.000000;-2.105846;-2.108100;0.028453;0.000810;2.106038;0.014007;0.090286;-0.253116;0.035850;0.137255;0.137255;0.000000;452.369289;0.001166;9.345543;9.347100;0.022315;0.000498;9.345570;0.016774;-0.019379;-0.614368;0.024600;0.264706;0.264706;0.000000;8908.621472;0.000048;2.311569;2.306900;0.024946;0.000622;2.311703;0.015338;0.243778;0.073229;0.036675;0.205882;0.205882;0.000000;545.053398;0.000788;-1.130738;-1.098150;0.399310;0.159449;1.199173;0.167541;-0.440994;-0.351621;0.552098;0.147059;0.147059;0.000000;138.554829;0.356079;-0.105487;-0.018187;0.749847;0.562271;0.757231;0.219763;0.062579;0.350659;0.911358;0.107843;0.107843;1.003922;29.811080;1.680891;0.000000;0.000000;-0.338120;0.022680;-0.201082;0.255398;0.000000;-0.121693;-0.060718;0.000000;0.000000;0.059529;0.050205;-0.097269;-0.132231;9.631951;0.000599;12.451389;0.000928;0.000392;0.000000;9.633572;1.005859;2.333092;92.775072;7.355387
1.000000;1.000000;0.000000;0.000000;1.000000;0.000000;0.000000;0.000000;0.000000;0.000000;0.000000;0.000000;102.000000;-0.000000;-4.424228;-4.343900;1.337640;1.789281;4.622021;0.346850;-0.450891;-0.611955;2.380575;0.039216;0.039216;0.000000;2087.785536;0.225125;8.017111;8.228450;1.514011;2.292229;8.158817;0.275078;-0.255973;-1.257774;2.810775;0.049020;0.049020;0.000000;6672.859399;0.123444;2.119679;0.950150;2.455739;6.030654;3.244024;0.203176;0.724343;-1.215147;5.267093;0.029412;0.029412;0.000000;765.880254;1.151033;4.812915;5.234700;33.184831;1101.233002;33.532032;3.297194;0.723382;0.125743;41.329750;0.019608;0.019608;0.501961;58525.731543;0.902666;32.040193;27.924000;34.698888;1204.012844;47.229088;6.568015;0.647119;0.200526;40.242300;0.078431;0.078431;0.000000;166115.278234;1.248382;0.000000;0.000000;0.232793;0.538932;-0.204817;-0.283866;0.000000;-0.837954;-0.044698;0.000000;0.000000;-0.458833;0.080813;-0.805443;-0.287562;9.337447;1.741461;13.441339;2.600579;1.521342;0.000000;9.014489;1.005859;3.269960;88.929373;3365.507636
1.000000;1.000000;0.000000;0.000000;1.000000;0.000000;0.000000;0.000000;0.000000;0.000000;0.000000;0.000000;102.000000;-0.000000;-2.984376;-2.976850;0.615624;0.378992;3.047211;0.252267;0.192420;0.656744;0.543825;0.196078;0.196078;0.000000;927.792388;0.156961;9.076308;9.265500;0.878135;0.771121;9.118689;0.200981;-1.291491;1.484028;0.765475;0.117647;0.117647;0.000000;8442.023955;0.039327;0.874574;0.886775;0.683826;0.467618;1.110179;0.137220;-0.047831;-1.140461;1.217495;0.068627;0.068627;0.000000;101.874468;1.017794;-10.522843;-6.355800;15.557853;242.046786;18.782359;2.256874;-0.567244;-0.701016;21.153357;0.019608;0.019608;0.000000;23639.193501;1.377050;11.233537;4.955600;43.718387;1911.297369;45.138561;8.175582;0.780325;0.186877;48.625500;0.088235;0.088235;0.501961;110353.174918;1.825117;0.000000;0.000000;-0.182717;0.338006;-0.091652;-0.685685;0.000000;0.172776;-0.601079;0.000000;0.000000;0.609123;-0.175260;0.007223;0.569830;9.626019;0.775733;13.060684;0.802464;0.359036;0.000000;9.544383;1.005859;0.570854;93.435980;2391.499232
1.000000;1.000000;0.000000;0.000000;1.000000;0.000000;0.000000;0.000000;0.000000;0.000000;0.000000;0.000000;102.000000;-0.000000;-2.650972;-2.725500;0.456606;0.208489;2.690007;0.176588;0.642865;0.198808;0.577050;0.107843;0.107843;0.000000;727.463373;0.114616;9.333597;9.302350;0.268461;0.072072;9.337457;0.101517;0.849521;1.066105;0.318025;0.127451;0.127451;0.000000;8889.511419;0.004649;1.584424;1.752800;0.467322;0.218390;1.651905;0.101093;-1.363477;0.877039;0.404950;0.107843;0.107843;0.000000;267.203152;0.264109;-0.680595;-1.046875;4.745917;22.523723;4.794469;1.045276;0.995164;1.443666;5.180325;0.107843;0.107843;2.509804;1195.960160;2.113043;-9.565202;-2.297550;21.576901;465.562652;23.602028;5.293893;-0.448550;0.137169;29.586275;0.068627;0.068627;0.000000;33078.427858;2.229643;0.000000;0.000000;-0.051119;0.028211;0.292366;0.164071;0.000000;0.007495;-0.053883;0.000000;0.000000;0.291322;-0.147673;-0.290948;0.046100;9.764334;0.082033;12.984569;0.210843;0.072495;0.000000;9.783154;1.005859;1.395468;95.424245;582.771459
1.000000;1.000000;0.000000;0.000000;1.000000;0.000000;0.000000;0.000000;0.000000;0.000000;0.000000;0.000000;102.000000;-0.000000;-2.601593;-2.591300;0.233066;0.054320;2.612012;0.058243;0.090234;0.713256;0.139550;0.127451;0.127451;0.000000;693.137573;0.034633;9.300457;9.292000;0.116622;0.013601;9.301188;0.043039;0.189729;2.019327;0.073400;0.137255;0.137255;0.000000;8823.540431;0.001026;1.899978;1.938100;0.116766;0.013634;1.903563;0.042197;-1.037467;1.157739;0.107675;0.127451;0.127451;0.000000;368.907120;0.018573;-1.294109;-1.411700;1.519394;2.308559;1.995815;0.370298;0.263776;1.255879;1.331110;0.107843;0.107843;0.000000;288.590817;1.526644;-3.216690;0.338490;11.263885;126.875116;11.714188;1.347415;-1.592644;2.000344;2.840200;0.019608;0.019608;1.003922;7526.042206;1.737161;0.000000;0.000000;0.542471;0.163284;0.550674;0.075517;0.000000;-0.258494;-0.068045;0.000000;0.000000;0.306716;0.165770;-0.080318;-0.216063;9.712150;0.008851;12.902050;0.059683;0.008910;0.000000;9.719644;1.005859;1.871791;94.334705;144.829040
1.000000;1.000000;0.000000;0.000000;1.000000;0.000000;0.000000;0.000000;0.000000;0.000000;0.000000;0.000000;102.000000;-0.000000;-2.547992;-2.544600;0.057560;0.003313;2.548642;0.025864;-0.207676;-0.791878;0.090925;0.186275;0.186275;0.000000;662.379945;0.002982;9.312764;9.315600;0.038819;0.001507;9.312845;0.023831;0.442280;0.305443;0.058500;0.166667;0.166667;0.000000;8846.288842;0.000135;1.930460;1.936650;0.041416;0.001715;1.930904;0.021570;-0.023945;-0.767624;0.051300;0.156863;0.156863;0.000000;380.208528;0.002626;-0.829911;-0.761865;0.861364;0.741948;1.196119;0.201026;0.145744;-1.008441;1.338202;0.068627;0.068627;0.000000;108.124331;1.344556;-0.310942;-0.196510;1.344107;1.806625;1.379605;0.324012;-0.084906;-0.040091;1.695080;0.049020;0.049020;0.501961;102.037201;2.674716;0.000000;0.000000;0.459111;-0.202656;0.216215;-0.816749;0.000000;0.434182;-0.143305;0.000000;0.000000;-0.655966;-0.436530;-0.612255;0.078970;9.706882;0.001101;12.860756;0.003814;0.001054;0.000000;9.709916;1.005859;1.953285;94.224652;7.062401
1.000000;1.000000;0.000000;0.000000;1.000000;0.000000;0.000000;0.000000;0.000000;0.000000;0.000000;0.000000;102.000000;-0.000000;-2.430111;-2.438700;0.097671;0.009540;2.432073;0.026572;0.126243;-0.925944;0.150350;0.009804;0.009804;0.000000;602.841245;0.007558;9.352471;9.350600;0.038788;0.001504;9.352551;0.020908;-0.110212;-0.442052;0.048875;0.264706;0.264706;0.000000;8921.884810;0.000130;1.872066;1.872500;0.054981;0.003023;1.872873;0.018275;0.250725;-0.500810;0.078850;0.147059;0.147059;0.000000;357.626432;0.004446;-0.700850;-0.615655;1.078713;1.163621;1.286395;0.177110;-0.056944;-1.216956;2.001748;0.127451;0.127451;0.000000;109.471740;1.511215;-0.758398;-0.729130;1.752959;3.072864;1.909982;0.294930;-0.157289;-0.850751;2.542635;0.068627;0.068627;1.003922;215.383211;1.467545;0.000000;0.000000;0.710221;0.349953;-0.071567;-0.821298;0.000000;-0.583332;0.113940;0.000000;0.000000;-0.813799;0.286699;-0.746369;-0.463353;9.715168;0.000694;12.782581;0.010460;0.000694;0.000000;9.716673;1.005859;1.905479;94.385189;8.810497
1.000000;1.000000;0.000000;0.000000;1.000000;0.000000;0.000000;0.000000;0.000000;0.000000;0.000000;0.000000;102.000000;-0.000000;-5.468943;-5.980000;1.248236;1.558092;5.609584;0.360347;-1.185181;10.436396;1.384025;0.049020;0.049020;0.000000;3130.634825;0.201866;2.046660;2.312150;1.463686;2.142378;2.516187;0.410953;-6.597089;49.202332;0.066700;0.049020;0.049020;0.000000;536.873628;1.255158;7.896283;7.549100;0.754394;0.569110;7.932238;0.127410;1.442955;3.211422;0.708150;0.019608;0.019608;0.000000;6388.856294;0.038822;3.398075;-1.135000;11.494971;132.134354;11.986712;1.666268;2.871066;8.409923;3.292225;0.009804;0.009804;0.501961;7924.817942;2.662390;0.814874;-0.043521;33.017079;1090.127534;33.027134;5.342503;0.532250;4.736395;3.014232;0.029412;0.029412;1.003922;55664.969115;2.081250;0.000000;0.000000;0.348820;0.079416;0.069377;0.564845;0.000000;0.381236;-0.522051;0.000000;0.000000;0.333566;-0.121666;0.169341;-0.477438;6.073495;1.911284;8.835579;2.576568;1.160540;0.000000;6.278414;1.005859;7.718986;38.798628;1297.393224
1.000000;1.000000;0.000000;0.000000;1.000000;0.000000;0.000000;0.000000;0.000000;0.000000;0.000000;0.000000;102.000000;-0.000000;-3.746155;-3.835750;1.984606;3.938661;4.239380;0.566947;-0.762640;2.399503;3.381375;0.127451;0.127451;0.000000;1632.417330;0.698117;5.208618;2.598650;4.419908;19.535586;6.831199;0.685964;-0.011603;0.123184;6.874675;0.009804;0.009804;0.000000;3763.861723;1.016596;6.255312;6.659550;2.375400;5.642526;6.691147;0.249189;-0.336583;-0.971539;3.987725;0.029412;0.029412;0.000000;4278.967361;0.324917;23.397257;14.944500;25.657877;658.326656;34.724031;2.964741;0.440413;-1.316404;48.393150;0.039216;0.039216;0.000000;89414.122789;0.921829;6.669551;8.428300;42.579148;1812.983865;43.098338;11.565879;-0.417216;0.903206;41.931000;0.127451;0.127451;1.003922;97010.863437;2.218218;0.000000;0.000000;0.484809;-0.214627;-0.201769;0.075940;0.000000;0.173793;-0.087765;0.000000;0.000000;-0.652389;0.202121;-0.650762;0.412617;7.497377;9.426957;10.299950;20.823897;2.882768;0.000000;5.990149;1.005859;7.447456;65.637627;3107.996539
1.000000;1.000000;0.000000;0.000000;1.000000;0.000000;0.000000;0.000000;0.000000;0.000000;0.000000;0.000000;102.000000;-0.000000;-2.456410;-2.236500;1.157554;1.339931;2.715489;0.271548;-1.042057;0.857656;1.211450;0.058824;0.058824;0.000000;683.803658;0.508158;8.888454;9.163900;2.423203;5.871914;9.212846;0.373327;-1.693927;6.197916;1.074275;0.088235;0.088235;0.000000;8358.124163;0.240926;3.317321;2.571700;1.446819;2.093284;3.619102;0.171696;1.025570;-0.211000;1.965825;0.009804;0.009804;0.000000;1229.250044;0.439923;16.478935;-0.132520;28.650114;820.829051;33.051238;2.104392;0.650699;-1.211641;54.539825;0.009804;0.009804;0.501961;69564.514106;1.320380;14.881590;20.653500;28.024646;785.380800;31.730782;7.926643;-2.199275;5.492508;22.929025;0.107843;0.107843;0.000000;62644.855514;2.164559;0.000000;0.000000;-0.232149;0.950637;-0.346142;-0.350821;0.000000;-0.428664;-0.109694;0.000000;0.000000;-0.527446;0.513279;-0.134376;-0.061004;9.427657;4.369694;12.370066;6.022667;1.260582;0.000000;9.149422;1.005859;4.003351;93.250417;2112.324766
1.000000;1.000000;0.000000;0.000000;1.000000;0.000000;0.000000;0.000000;0.000000;0.000000;0.000000;0.000000;102.000000;-0.000000;-2.593801;-2.784550;0.426278;0.181713;2.628596;0.076607;1.225777;0.170962;0.284775;0.029412;0.029412;0.000000;695.504488;0.092809;9.142022;9.131200;0.241136;0.058147;9.145201;0.125446;-0.390880;2.171408;0.217075;0.254902;0.254902;0.000000;8527.774843;0.004093;2.400003;2.402350;0.186384;0.034739;2.407229;0.058564;0.480304;1.032372;0.164900;0.107843;0.107843;0.000000;589.293136;0.026357;-2.973770;-2.013750;4.828555;23.314940;5.670824;0.938748;-1.041183;0.542418;4.327115;0.088235;0.088235;0.000000;2091.124151;1.708576;7.209583;0.497420;14.061842;197.735404;15.802325;2.257335;0.971021;-0.131131;20.827700;0.029412;0.029412;0.501961;15388.686246;1.647965;0.000000;0.000000;-0.346830;0.267131;0.161669;-0.566719;0.000000;-0.202385;0.173861;0.000000;0.000000;-0.220782;0.397613;0.540895;0.048687;9.563629;0.081227;12.735823;0.193155;0.049080;0.000000;9.506295;1.005859;2.403812;91.544221;287.666488
1.000000;1.000000;0.000000;0.000000;1.000000;0.000000;0.000000;0.000000;0.000000;0.000000;0.000000;0.000000;102.000000;-0.000000;-2.812554;-2.819550;0.070523;0.004974;2.813438;0.033189;0.078922;-0.066088;0.081050;0.176471;0.176471;0.000000;807.120535;0.003667;9.124266;9.120600;0.082675;0.006835;9.124640;0.050692;0.123829;0.214415;0.103650;0.235294;0.235294;0.000000;8492.075541;0.000572;2.433425;2.433750;0.068039;0.004629;2.434376;0.022751;0.214749;-0.611669;0.096175;0.137255;0.137255;0.000000;604.235386;0.004203;-0.163066;-0.148150;1.824104;3.327355;1.831378;0.338555;0.183829;-0.750509;2.770150;0.068627;0.068627;0.501961;172.411822;1.602198;-2.073434;-1.890650;2.545725;6.480715;3.283267;0.872654;-0.734684;-0.036015;3.795965;0.147059;0.147059;0.000000;769.077157;1.758145;0.000000;0.000000;0.221710;0.087645;-0.021864;-0.471946;0.000000;-0.011292;-0.127587;0.000000;0.000000;-0.565695;0.072196;-0.355962;0.023679;9.600449;0.005875;12.936820;0.007572;0.004354;0.000000;9.609261;1.005859;2.443888;92.174493;20.059976
1.000000;1.000000;0.000000;0.000000;1.000000;0.000000;0.000000;0.000000;0.000000;0.000000;0.000000;0.000000;102.000000;-0.000000;-2.760206;-2.751550;0.072685;0.005283;2.761163;0.023854;-0.244842;-0.700265;0.115400;0.127451;0.127451;0.000000;777.380565;0.003593;9.149979;9.154500;0.064232;0.004126;9.150205;0.032186;-0.580915;0.240171;0.090000;0.117647;0.117647;0.000000;8539.866985;0.000345;2.378301;2.346400;0.092220;0.008505;2.380088;0.018716;0.645153;-0.707568;0.138700;0.009804;0.009804;0.000000;577.378132;0.006908;-0.589152;-0.658590;0.950940;0.904287;1.118654;0.222480;0.119116;-0.409799;1.266561;0.078431;0.078431;0.000000;81.522919;1.536456;-0.078041;0.240400;1.217249;1.481694;1.219748;0.559471;-0.956809;0.796880;1.400240;0.196078;0.196078;0.501961;76.187631;2.467812;0.000000;0.000000;0.642242;0.476766;-0.542067;-0.398871;0.000000;-0.206162;0.365837;0.000000;0.000000;-0.765870;0.389298;-0.696206;-0.215517;9.609774;0.002515;12.910185;0.007835;0.001667;0.000000;9.598059;1.005859;2.434131;92.350268;8.403992
1.000000;1.000000;0.000000;0.000000;1.000000;0.000000;0.000000;0.000000;0.000000;0.000000;0.000000;0.000000;102.000000;-0.000000;-2.711968;-2.716450;0.044373;0.001969;2.712331;0.024528;-0.038204;-0.497576;0.057800;0.225490;0.225490;0.000000;750.286984;0.001686;9.193749;9.190900;0.040558;0.001645;9.193838;0.030223;-0.103375;-0.297560;0.059775;0.313725;0.313725;0.000000;8621.636044;0.000148;2.275193;2.272500;0.043943;0.001931;2.275617;0.017785;0.236038;-0.850033;0.071225;0.088235;0.088235;0.000000;528.101869;0.002183;-1.009478;-1.158350;0.587212;0.344818;1.167846;0.207421;1.142245;1.507971;0.628047;0.107843;0.107843;0.000000;121.542091;0.730658;0.210813;0.301085;0.773602;0.598460;0.801812;0.443999;-0.393076;-0.621577;1.143147;0.205882;0.205882;6.525490;35.072474;2.640723;0.000000;0.000000;-0.185844;0.083693;0.028082;-0.182755;0.000000;0.251470;0.254369;0.000000;0.000000;-0.005389;-0.250110;-0.139556;-0.049192;9.637509;0.001833;12.905717;0.002200;0.001450;0.000000;9.639118;1.005859;2.302783;92.883403;7.185201
1.000000;1.000000;0.000000;0.000000;1.000000;0.000000;0.000000;0.000000;0.000000;0.000000;0.000000;0.000000;102.000000;-0.000000;-2.719181;-2.716900;0.043492;0.001892;2.719529;0.023914;-0.198984;-0.351772;0.059675;0.254902;0.254902;0.000000;754.279142;0.001624;9.188928;9.189500;0.036698;0.001347;9.189002;0.026152;0.214888;0.018050;0.048125;0.284314;0.284314;0.000000;8612.582351;0.000126;2.264551;2.249450;0.038987;0.001520;2.264887;0.015350;0.306872;-1.012898;0.061450;0.127451;0.127451;0.000000;523.153016;0.001769;-1.214574;-1.290250;0.799846;0.639753;1.454284;0.232802;0.446572;0.086880;0.810710;0.127451;0.127451;0.000000;183.107653;0.793775;-0.211577;-0.288305;0.955248;0.912499;0.978399;0.494008;0.031179;-0.534568;1.457950;0.186275;0.186275;0.501961;51.105556;2.507026;0.000000;0.000000;-0.194075;0.095988;-0.205669;0.058693;0.000000;0.226416;0.139129;0.000000;0.000000;-0.114539;-0.243455;-0.162216;0.043778;9.634939;0.001542;12.908110;0.002052;0.001219;0.000000;9.643330;1.005859;2.265973;92.833591;8.201918
1.000000;1.000000;0.000000;0.000000;1.000000;0.000000;0.000000;0.000000;0.000000;0.000000;0.000000;0.000000;102.000000;-0.000000;-2.731456;-2.728350;0.043894;0.001927;2.731809;0.018670;-0.319306;-0.604354;0.070150;0.156863;0.156863;0.000000;761.105111;0.001545;9.182401;9.178200;0.027476;0.000755;9.182442;0.021632;0.549219;0.247571;0.036050;0.333333;0.333333;0.000000;8600.320253;0.000073;2.280946;2.279500;0.035217;0.001240;2.281218;0.015017;0.164438;-0.847501;0.061550;0.176471;0.176471;0.000000;530.740183;0.001478;-1.167758;-1.130900;0.785908;0.617652;1.407590;0.205522;-0.047647;-0.756653;1.034925;0.049020;0.049020;0.000000;170.600546;0.826472;0.028820;0.149345;0.930184;0.865241;0.930630;0.374503;-0.408709;-0.091630;1.261585;0.147059;0.147059;0.501961;44.261609;2.088879;0.000000;0.000000;-0.009934;-0.058423;0.010887;0.157212;0.000000;0.093898;-0.008464;0.000000;0.000000;-0.397586;-0.182490;-0.311991;0.052902;9.632195;0.000847;12.913857;0.001946;0.000762;0.000000;9.634692;1.005859;2.298972;92.780021;8.051337
1.000000;1.000000;0.000000;0.000000;1.000000;0.000000;0.000000;0.000000;0.000000;0.000000;0.000000;0.000000;102.000000;-0.000000;-3.313838;-3.134200;1.308639;1.712536;3.562873;0.183257;-1.245955;2.164186;0.988825;0.068627;0.068627;0.000000;1207.506231;0.412215;9.063427;9.089000;0.646366;0.417788;9.086446;0.138349;-0.321117;-0.258239;0.920525;0.049020;0.049020;0.000000;8400.170544;0.023560;1.103207;0.971470;0.991405;0.982884;1.483223;0.176643;0.636272;-0.200961;1.567852;0.039216;0.039216;0.000000;174.267831;1.035217;-6.597287;-11.346500;21.263311;452.128376;22.263256;2.289492;0.348341;-1.069649;36.551500;0.039216;0.039216;0.501961;27498.578971;1.376957;17.431150;20.912000;68.974986;4757.548694;71.143473;10.958525;-0.069392;-0.746841;106.408500;0.058824;0.058824;0.501961;273635.898402;1.777228;0.000000;0.000000;0.401044;0.608905;-0.650126;-0.562379;0.000000;-0.516359;-0.140650;0.000000;0.000000;-0.067694;0.017440;0.218200;-0.043748;9.791400;0.386059;13.377266;1.813813;0.337604;0.000000;9.836437;1.005859;0.993072;96.257566;5559.246205
1.000000;1.000000;0.000000;0.000000;1.000000;0.000000;0.000000;0.000000;0.000000;0.000000;0.000000;0.000000;102.000000;-0.000000;-2.351171;-2.272000;0.601830;0.362200;2.426974;0.154048;-0.010589;1.185974;0.434700;0.117647;0.117647;0.000000;582.329496;0.211670;9.421090;9.482250;0.356041;0.126765;9.427816;0.126923;-0.774264;0.457059;0.387875;0.127451;0.127451;0.000000;9059.683576;0.007763;1.558984;1.336750;0.894453;0.800047;1.797353;0.174067;0.847750;0.411621;1.394840;0.049020;0.049020;0.000000;288.754400;0.774039;-1.702638;-1.306600;14.674431;215.338926;14.772877;1.851810;0.083958;-0.255819;17.846600;0.049020;0.049020;1.003922;11280.442212;1.734140;-7.917878;-4.178050;46.328142;2146.296719;46.999888;8.459554;-0.573144;-0.412131;70.417250;0.078431;0.078431;1.505882;115856.482632;1.890911;0.000000;0.000000;0.256562;0.386554;-0.216871;-0.396319;0.000000;0.078407;0.033629;0.000000;0.000000;0.551338;0.040494;0.354132;-0.123601;9.780674;0.112319;12.772261;0.378111;0.115695;0.000000;9.767167;1.005859;1.495266;95.773909;2430.457896
1.000000;1.000000;0.000000;0.000000;1.000000;0.000000;0.000000;0.000000;0.000000;0.000000;0.000000;0.000000;102.000000;-0.000000;-2.053626;-2.146150;0.437260;0.191196;2.099661;0.146173;1.921525;6.957165;0.408975;0.117647;0.117647;0.000000;439.924486;0.164590;9.516765;9.532800;0.308222;0.095001;9.521755;0.136576;-0.098146;2.255408;0.285575;0.205882;0.205882;0.000000;9242.863722;0.005914;1.677732;1.397250;0.972378;0.945518;1.939150;0.171564;2.303521;7.068771;0.919675;0.049020;0.049020;0.000000;335.332837;0.707714;1.210600;-0.006028;7.678944;58.966182;7.773785;1.407022;0.857279;0.963374;6.763325;0.049020;0.049020;1.003922;3158.193508;2.236160;2.000885;-1.227350;24.674324;608.822254;24.755318;5.320198;-0.219537;-0.461486;31.509000;0.088235;0.088235;1.003922;31461.124753;2.161718;0.000000;0.000000;0.216566;0.472387;-0.010682;-0.323758;0.000000;0.091817;0.198663;0.000000;0.000000;0.615703;-0.160520;0.559894;0.244590;9.797102;0.089186;12.575267;0.201333;0.087697;0.000000;9.805094;1.005859;1.802881;96.072388;677.017831
1.000000;1.000000;0.000000;0.000000;1.000000;0.000000;0.000000;0.000000;0.000000;0.000000;0.000000;0.000000;102.000000;-0.000000;-2.151890;-2.223650;0.439853;0.193471;2.196384;0.094444;2.231049;8.381423;0.331700;0.068627;0.068627;0.000000;482.192154;0.154273;9.492618;9.484300;0.265967;0.070739;9.496343;0.088752;0.188702;5.333158;0.123725;0.196078;0.196078;0.000000;9194.809569;0.004555;1.485656;1.323000;0.767101;0.588445;1.672010;0.089824;4.814000;24.333062;0.114450;0.068627;0.068627;0.000000;255.164216;0.733624;-0.066916;-0.109404;3.302224;10.904685;3.302902;0.807004;0.627022;4.190371;1.378150;0.147059;0.147059;3.011765;556.921829;2.818183;-1.337583;-0.722100;15.073073;227.197518;15.132305;3.004470;-0.271403;1.368360;10.972675;0.088235;0.088235;1.003922;11769.600529;1.836720;0.000000;0.000000;0.295018;0.172692;0.046270;-0.158555;0.000000;0.105822;0.441246;0.000000;0.000000;0.764553;-0.142202;0.552060;-0.070466;9.794889;0.064783;12.649384;0.204515;0.062310;0.000000;9.776352;1.005859;1.663031;96.004630;242.691428
1.000000;1.000000;0.000000;0.000000;1.000000;0.000000;0.000000;0.000000;0.000000;0.000000;0.000000;0.000000;102.000000;-0.000000;-2.252290;-2.225350;0.144093;0.020763;2.256895;0.034950;-1.399377;2.189613;0.138775;0.127451;0.127451;0.000000;518.485909;0.019762;9.497609;9.505750;0.060767;0.003693;9.497803;0.035373;-0.271293;1.168565;0.057100;0.284314;0.284314;0.000000;9201.054840;0.000302;1.285987;1.284850;0.050932;0.002594;1.286995;0.027436;-0.218348;-0.215966;0.072725;0.166667;0.166667;0.000000;168.816162;0.008438;-0.567937;-0.545490;0.664021;0.440924;0.873772;0.250651;-0.133772;-0.733660;0.997918;0.098039;0.098039;0.000000;55.390592;1.560782;-2.025528;-1.372450;4.388810;19.261654;4.833675;0.848268;-0.579584;-0.331619;5.257750;0.088235;0.088235;1.003922;1400.850134;1.773676;0.000000;0.000000;0.077340;0.454060;0.092772;-0.090892;0.000000;-0.009797;-0.090062;0.000000;0.000000;-0.068138;0.023170;-0.283693;0.049183;9.813129;0.004342;12.749899;0.020995;0.003702;0.000000;9.821851;1.005859;1.296873;96.301840;25.784252
1.000000;1.000000;0.000000;0.000000;1.000000;0.000000;0.000000;0.000000;0.000000;0.000000;0.000000;0.000000;102.000000;-0.000000;-2.186448;-2.167300;0.103472;0.010706;2.188895;0.034578;-0.588435;0.279226;0.151025;0.107843;0.107843;0.000000;488.163037;0.011531;9.517480;9.518600;0.066037;0.004361;9.517709;0.038160;-0.342115;0.763660;0.081125;0.225490;0.225490;0.000000;9239.630581;0.000350;1.228440;1.246900;0.088230;0.007784;1.231605;0.028408;-0.238384;-0.797795;0.129800;0.098039;0.098039;0.000000;154.321679;0.022221;-0.586499;-0.497610;0.911166;0.830223;1.083607;0.250052;-0.031331;-0.069212;1.069099;0.078431;0.078431;0.000000;77.435877;1.647028;-1.255489;-1.701600;4.157704;17.286502;4.343127;0.909553;0.330966;0.299470;4.761275;0.127451;0.127451;2.007843;1042.402834;2.002905;0.000000;0.000000;0.139463;0.205088;0.128705;0.514646;0.000000;0.191961;0.142972;0.000000;0.000000;-0.297195;-0.013524;-0.241309;0.116514;9.817017;0.004239;12.703928;0.010954;0.004263;0.000000;9.820812;1.005859;1.267768;96.378055;21.553809
1.000000;1.000000;0.000000;0.000000;1.000000;0.000000;0.000000;0.000000;0.000000;0.000000;0.000000;0.000000;102.000000;-0.000000;-3.992158;-3.819950;1.387311;1.924631;4.226341;0.482091;-0.368289;-0.123641;1.749650;0.117647;0.117647;0.000000;1723.807342;0.360431;8.880084;8.501300;1.931243;3.729699;9.087662;0.359416;0.434960;0.885300;1.660425;0.088235;0.088235;0.000000;8233.521337;0.146846;2.650565;2.691400;1.517655;2.303276;3.054303;0.470079;-0.207845;-0.213421;2.010700;0.098039;0.098039;0.000000;834.112334;0.710831;10.617936;5.121250;47.709434;2276.190070;48.876688;9.495803;0.105621;-0.808831;72.677250;0.068627;0.068627;1.505882;127594.860308;2.035730;-1.169192;1.125055;99.984092;9996.818738;99.990928;23.890980;0.042564;-0.624117;137.822500;0.088235;0.088235;2.007843;509977.569914;1.991401;0.000000;0.000000;-0.008122;0.536504;-0.201966;-0.688598;0.000000;-0.288126;-0.390063;0.000000;0.000000;-0.228126;0.030056;0.558161;0.692296;9.909282;3.253691;13.872242;3.766891;1.943422;0.000000;10.148443;1.005859;2.752463;101.447552;12396.445159
1.000000;1.000000;0.000000;0.000000;1.000000;0.000000;0.000000;0.000000;0.000000;0.000000;0.000000;0.000000;102.000000;-0.000000;-4.218818;-4.248850;0.800082;0.640131;4.294014;0.245223;-0.365531;0.482490;0.745850;0.127451;0.127451;0.000000;1848.085784;0.130808;8.341585;8.278250;0.490841;0.240925;8.356014;0.144285;1.086105;1.125504;0.468500;0.107843;0.107843;0.000000;7109.655829;0.015903;3.099751;3.269600;0.806476;0.650403;3.202945;0.205946;-0.528836;1.083600;1.034900;0.068627;0.068627;0.000000;1013.236396;0.214443;-2.418969;-0.520145;27.532133;758.018337;27.638194;5.261891;-0.181199;0.550999;18.924550;0.078431;0.078431;2.007843;39255.894689;1.619280;-6.407795;-6.524150;67.529049;4560.172456;67.832384;13.188490;0.218856;0.604235;42.542500;0.068627;0.068627;2.007843;236758.862545;1.654408;0.000000;0.000000;0.639153;0.661788;-0.559501;-0.894496;0.000000;-0.080214;-0.370770;0.000000;0.000000;-0.064236;-0.262501;-0.091842;0.019848;9.440814;0.132555;13.560403;0.768759;0.121021;0.000000;9.467157;1.005859;2.889328;89.261524;5375.360900
1.000000;1.000000;0.000000;0.000000;1.000000;0.000000;0.000000;0.000000;0.000000;0.000000;0.000000;0.000000;102.000000;-0.000000;-4.218163;-4.202550;0.207927;0.043234;4.223284;0.078476;-0.031132;1.144393;0.248500;0.107843;0.107843;0.000000;1817.082212;0.012569;8.201960;8.203100;0.170088;0.028930;8.203723;0.051957;-0.410346;0.543100;0.202475;0.156863;0.156863;0.000000;6863.234343;0.002509;3.447700;3.505000;0.311531;0.097052;3.461746;0.064003;-1.321096;1.204603;0.281725;0.088235;0.088235;0.000000;1217.388006;0.034723;0.920435;0.806375;6.988349;48.837022;7.048704;1.149484;0.681323;2.315400;8.078075;0.068627;0.068627;1.505882;2580.259398;2.681037;-6.715636;-3.990850;12.269419;150.538640;13.987080;2.711557;-0.565324;-0.108150;15.798668;0.058824;0.058824;0.000000;12279.308989;1.886838;0.000000;0.000000;0.241054;0.537597;-0.423924;-0.679330;0.000000;-0.496599;-0.437319;0.000000;0.000000;0.095957;0.213032;0.284731;-0.075394;9.279683;0.024684;13.420123;0.047677;0.025201;0.000000;9.282218;1.005859;3.387494;86.137205;257.306313
1.000000;1.000000;0.000000;0.000000;1.000000;0.000000;0.000000;0.000000;0.000000;0.000000;0.000000;0.000000;102.000000;-0.000000;-4.155486;-4.156650;0.271319;0.073614;4.164334;0.108225;0.885173;1.808741;0.294325;0.156863;0.156863;0.000000;1765.097099;0.020725;8.218945;8.208300;0.134259;0.018026;8.220042;0.054606;0.895090;3.539039;0.127925;0.186275;0.186275;0.000000;6891.127434;0.001667;3.535295;3.518150;0.161027;0.025930;3.538960;0.064611;0.078760;0.656549;0.231425;0.117647;0.117647;0.000000;1276.150200;0.010989;-0.334924;-1.724800;7.690973;59.151068;7.698262;1.322020;1.193333;3.469755;5.889450;0.058824;0.058824;1.003922;3028.307703;1.779085;-2.633030;-1.728200;12.893297;166.237103;13.159405;3.089889;-0.843000;1.398678;14.621975;0.117647;0.117647;1.505882;9187.052662;2.118249;0.000000;0.000000;0.365618;0.377076;-0.597248;-0.847757;0.000000;0.154637;-0.556066;0.000000;0.000000;0.483348;-0.276896;0.464061;0.282502;9.267816;0.018345;13.374431;0.077399;0.015148;0.000000;9.271020;1.005859;3.532457;85.910764;244.957433
1.000000;1.000000;0.000000;0.000000;1.000000;0.000000;0.000000;0.000000;0.000000;0.000000;0.000000;0.000000;102.000000;-0.000000;-4.110249;-4.117000;0.240486;0.057834;4.117278;0.082218;1.128601;2.648564;0.231250;0.098039;0.098039;0.000000;1726.154162;0.016535;8.205175;8.199650;0.123197;0.015178;8.206099;0.040036;1.397827;6.548906;0.060075;0.215686;0.215686;0.000000;6867.912780;0.001443;3.608684;3.639200;0.142438;0.020289;3.611494;0.043070;-0.558849;0.560796;0.124750;0.137255;0.137255;0.000000;1329.340199;0.008230;-1.807516;-1.556500;5.774994;33.350560;6.051254;0.902090;1.149619;7.576512;2.526458;0.098039;0.098039;1.505882;2034.929560;2.595818;0.554439;0.160920;10.438364;108.959437;10.453078;2.140090;-1.515061;5.611488;7.539825;0.127451;0.127451;1.505882;5589.207494;2.771255;0.000000;0.000000;0.402307;0.573554;-0.766295;-0.787890;0.000000;0.552107;-0.719753;0.000000;0.000000;0.517789;-0.580588;0.424182;0.400080;9.234609;0.014053;13.315424;0.061541;0.012193;0.000000;9.239933;1.005859;3.598990;85.292047;158.927404
1.000000;1.000000;0.000000;0.000000;1.000000;0.000000;0.000000;0.000000;0.000000;0.000000;0.000000;0.000000;102.000000;-0.000000;-4.077430;-4.070350;0.063340;0.004012;4.077922;0.028336;-0.017610;-0.768555;0.106700;0.127451;0.127451;0.000000;1695.999367;0.001501;8.216179;8.216800;0.046951;0.002204;8.216314;0.018691;-0.248917;0.555244;0.056575;0.205882;0.205882;0.000000;6885.684085;0.000236;3.627300;3.624750;0.058681;0.003443;3.627775;0.019826;0.521181;0.447541;0.074425;0.107843;0.107843;0.000000;1342.221146;0.001606;-0.857314;-0.997515;0.869786;0.756527;1.221275;0.219545;0.371467;-0.632440;1.349907;0.078431;0.078431;0.000000;113.551785;1.251594;-0.106946;0.095126;1.076993;1.159915;1.082290;0.340283;-0.293619;0.113112;1.332510;0.107843;0.107843;0.501961;60.369965;2.392480;0.000000;0.000000;0.150325;0.017176;-0.318523;-0.477388;0.000000;-0.351243;0.313008;0.000000;0.000000;-0.189650;0.016976;-0.559981;-0.349237;9.226867;0.002181;13.293610;0.004157;0.002121;0.000000;9.213225;1.005859;3.674426;85.137259;15.823615
1.000000;1.000000;0.000000;0.000000;1.000000;0.000000;0.000000;0.000000;0.000000;0.000000;0.000000;0.000000;102.000000;-0.000000;-2.431335;-2.332700;1.565038;2.449343;2.891494;0.311341;0.043845;-0.924195;2.886075;0.068627;0.068627;0.000000;727.900344;0.752173;6.589664;4.762050;3.764129;14.168668;7.588961;0.286233;0.631043;-0.884308;5.916725;0.009804;0.009804;0.000000;5151.844148;0.497171;5.487374;7.079500;3.073108;9.443995;6.289297;0.201268;-0.255903;-1.778915;6.375525;0.009804;0.009804;0.000000;3553.006435;0.511256;24.085512;1.271435;52.482421;2754.404558;57.745272;4.014334;0.814172;0.092807;55.328675;0.019608;0.019608;0.501961;199646.878711;1.344496;9.162299;4.877250;35.682820;1273.263660;36.840350;8.236186;-0.426094;3.082251;28.927875;0.058824;0.058824;0.501961;73499.809942;2.436194;0.000000;0.000000;0.770245;-0.029127;-0.345585;-0.062188;0.000000;0.170783;0.439736;0.000000;0.000000;-0.807947;0.240011;-0.898262;0.343139;7.564780;9.727177;10.079444;15.875771;0.906775;0.000000;6.019751;1.005859;7.147565;66.953072;4731.283108
1.000000;1.000000;0.000000;0.000000;1.000000;0.000000;0.000000;0.000000;0.000000;0.000000;0.000000;0.000000;102.000000;-0.000000;-1.847148;-1.825150;1.127520;1.271301;2.164084;0.218145;0.008990;-0.135582;1.664625;0.039216;0.039216;0.000000;412.858662;0.740726;9.505928;9.421900;2.020266;4.081473;9.718238;0.272495;0.587420;0.604085;2.266675;0.058824;0.058824;0.000000;9425.179801;0.139998;2.081040;1.657150;1.262566;1.594072;2.434091;0.174765;2.327587;4.623099;0.713525;0.107843;0.107843;0.000000;523.091516;0.767067;15.980330;-1.662700;55.969248;3132.556718;58.205907;5.005863;0.945752;-0.028615;72.965000;0.029412;0.029412;1.003922;185814.568970;1.301409;15.528298;18.036000;35.994156;1295.579289;39.200859;8.969411;-0.917789;3.394133;27.715900;0.088235;0.088235;0.000000;90670.357561;2.218333;0.000000;0.000000;0.375988;0.470305;0.044175;-0.129987;0.000000;-0.028814;0.170567;0.000000;0.000000;-0.217341;0.133349;-0.333560;0.403628;9.818673;3.721072;12.411521;4.364714;1.041057;0.000000;9.784870;1.005859;2.523574;100.127406;4930.559778
1.000000;1.000000;0.000000;0.000000;1.000000;0.000000;0.000000;0.000000;0.000000;0.000000;0.000000;0.000000;102.000000;-0.000000;-2.321606;-2.262750;0.539923;0.291517;2.383563;0.143324;-0.261606;-0.539141;0.635050;0.127451;0.127451;0.000000;564.640979;0.178691;9.235860;9.377800;0.816000;0.665856;9.271837;0.158064;-0.930652;0.312322;0.878525;0.127451;0.127451;0.000000;8734.673348;0.033536;1.765225;1.657800;0.510574;0.260686;1.837582;0.118842;1.210933;2.006811;0.552275;0.088235;0.088235;0.000000;331.129998;0.231122;-0.181266;-1.301120;20.577760;423.444188;20.578558;2.867747;0.265118;-0.518999;28.501500;0.049020;0.049020;1.505882;21601.796376;1.681345;2.521495;2.199450;18.038749;325.396476;18.214127;5.527947;0.113261;-0.586840;24.613750;0.127451;0.127451;3.011765;17243.731032;2.395214;0.000000;0.000000;-0.637791;0.035390;-0.200774;-0.333974;0.000000;-0.626433;-0.412640;0.000000;0.000000;-0.013911;0.182392;0.306155;0.380844;9.585404;0.768357;12.557466;0.824394;0.142457;0.000000;9.469913;1.005859;1.674089;92.648333;758.608166
1.000000;1.000000;0.000000;0.000000;1.000000;0.000000;0.000000;0.000000;0.000000;0.000000;0.000000;0.000000;102.000000;-0.000000;-2.305310;-2.330100;0.244275;0.059670;2.318216;0.094152;-0.660315;4.157683;0.235025;0.147059;0.147059;0.000000;545.117488;0.049947;9.359233;9.387400;0.325046;0.105655;9.364876;0.100145;-0.856413;2.503457;0.230700;0.127451;0.127451;0.000000;8940.103821;0.006554;1.908895;1.780700;0.431384;0.186092;1.957032;0.083177;1.604051;3.173417;0.526850;0.039216;0.039216;0.000000;381.166927;0.159733;1.350758;1.052965;9.278606;86.092522;9.376410;1.294110;0.464287;0.176012;9.870125;0.058824;0.058824;1.003922;4576.831502;1.694936;-2.021929;0.018204;9.511116;90.461327;9.723658;2.955515;-0.585694;1.059490;6.937150;0.107843;0.107843;0.501961;5030.523857;2.713819;0.000000;0.000000;-0.498675;0.529180;-0.139635;-0.040067;0.000000;0.298171;0.207832;0.000000;0.000000;-0.180715;-0.300409;0.400297;0.054769;9.692988;0.121009;12.664543;0.129721;0.037241;0.000000;9.657990;1.005859;2.032150;94.075027;186.296566
1.000000;1.000000;0.000000;0.000000;1.000000;0.000000;0.000000;0.000000;0.000000;0.000000;0.000000;0.000000;102.000000;-0.000000;-2.327447;-2.336900;0.102385;0.010483;2.329698;0.032989;0.140106;-0.652458;0.148975;0.088235;0.088235;0.000000;553.069618;0.009055;9.424407;9.414400;0.079000;0.006241;9.424738;0.037417;0.243429;-0.320821;0.095850;0.235294;0.235294;0.000000;9059.901717;0.000483;1.677407;1.601450;0.230688;0.053217;1.693195;0.031760;1.010488;-0.061339;0.300625;0.049020;0.049020;0.000000;289.711031;0.065870;0.374872;-0.230913;3.388595;11.482575;3.409267;0.550951;0.667352;0.286383;4.170525;0.068627;0.068627;1.505882;600.062486;1.358946;-0.448157;-0.989560;2.373623;5.634086;2.415560;0.731941;0.510767;-0.432543;2.762652;0.088235;0.088235;0.501961;307.886804;2.490755;0.000000;0.000000;-0.366152;0.480277;0.485721;-0.027852;0.000000;0.292463;0.059514;0.000000;0.000000;-0.420927;-0.306683;0.420399;0.244099;9.759376;0.007752;12.751854;0.012123;0.004766;0.000000;9.764663;1.005859;1.779220;95.253178;20.324946
1.000000;1.000000;0.000000;0.000000;1.000000;0.000000;0.000000;0.000000;0.000000;0.000000;0.000000;0.000000;102.000000;-0.000000;-2.272599;-2.256750;0.083625;0.006993;2.274137;0.026748;-0.220919;-0.606110;0.129700;0.107843;0.107843;0.000000;527.156717;0.007225;9.439433;9.433900;0.054741;0.002997;9.439592;0.027733;0.060159;-0.330069;0.072075;0.176471;0.176471;0.000000;9088.648910;0.000247;1.531103;1.518550;0.080691;0.006511;1.533228;0.025961;0.820261;0.572428;0.106050;0.147059;0.147059;0.000000;239.448453;0.013062;-0.782298;-1.149550;1.333548;1.778350;1.546073;0.324941;1.389858;1.791295;1.315247;0.078431;0.078431;0.000000;153.147192;1.700049;-0.862772;-0.951845;1.377601;1.897785;1.625472;0.591354;-0.059784;-0.357025;1.994512;0.166667;0.166667;0.000000;172.725825;2.118379;0.000000;0.000000;-0.141884;0.308773;0.034101;-0.239489;0.000000;0.031605;0.027183;0.000000;0.000000;-0.248654;0.024866;0.508680;0.281948;9.760847;0.003461;12.712032;0.007166;0.002922;0.000000;9.764496;1.005859;1.539784;95.277598;7.383288
1.000000;1.000000;0.000000;0.000000;1.000000;0.000000;0.000000;0.000000;0.000000;0.000000;0.000000;0.000000;102.000000;-0.000000;-0.799905;-1.112350;1.964207;3.858110;2.120839;0.702806;0.347088;-0.130133;2.372127;0.127451;0.127451;0.501961;262.028264;1.885996;8.084394;8.842100;2.788807;7.777444;8.551893;0.390217;-0.603919;-0.077154;2.715300;0.009804;0.009804;0.000000;7063.399088;0.297237;2.908348;1.082360;3.775943;14.257744;4.766155;0.621559;0.720773;-0.777474;5.657914;0.068627;0.068627;0.000000;1589.935820;1.260637;33.499507;36.497000;51.507765;2653.049894;61.443200;4.922449;-0.001782;-0.938976;75.798175;0.019608;0.019608;0.000000;249774.662484;1.089832;28.203787;8.486100;66.121894;4372.104919;71.885733;14.813320;2.012459;4.082354;53.301250;0.117647;0.117647;0.000000;304137.127708;2.024495;0.000000;0.000000;0.278515;0.554046;0.006914;-0.087729;0.000000;-0.662455;-0.230128;0.000000;0.000000;-0.424410;-0.024166;-0.870251;-0.268100;8.447002;7.280993;10.852966;8.383493;3.367265;0.000000;7.156338;1.005859;4.765834;78.632830;8965.541661
1.000000;1.000000;0.000000;0.000000;1.000000;0.000000;0.000000;0.000000;0.000000;0.000000;0.000000;0.000000;102.000000;-0.000000;-1.148695;-2.099050;1.926837;3.712699;2.243257;0.349197;1.159636;-0.007404;2.669662;0.049020;0.049020;0.000000;323.943900;1.440144;9.597085;9.478400;1.095002;1.199029;9.659352;0.233828;2.283447;6.702760;0.542000;0.156863;0.156863;0.000000;9455.801227;0.053480;0.507507;0.681165;0.962584;0.926569;1.088178;0.277802;-1.488942;6.549873;0.754923;0.088235;0.088235;0.000000;73.534539;2.407844;-0.663817;-0.711120;28.149205;792.377753;28.157031;2.900438;0.684059;2.208530;14.611925;0.049020;0.049020;1.003922;40457.798978;1.948521;16.076476;-2.468250;63.035333;3973.453224;65.053104;10.529113;2.752149;7.250005;33.717000;0.078431;0.078431;1.505882;229028.159173;2.207590;0.000000;0.000000;0.185794;0.427865;-0.337602;-0.274252;0.000000;-0.297676;-0.370559;0.000000;0.000000;-0.571420;0.239643;-0.123018;0.326673;9.908617;1.154579;12.705098;3.809764;1.150595;0.000000;9.847384;1.005859;0.269485;99.335276;5025.908840
1.000000;1.000000;0.000000;0.000000;1.000000;0.000000;0.000000;0.000000;0.000000;0.000000;0.000000;0.000000;102.000000;-0.000000;-2.455997;-2.486800;0.223930;0.050145;2.466185;0.068921;-0.028980;-0.500925;0.344350;0.166667;0.166667;0.000000;617.814226;0.034988;9.481004;9.487300;0.133652;0.017863;9.481946;0.058766;-0.533086;3.407225;0.109850;0.225490;0.225490;0.000000;9169.633764;0.001303;0.887001;0.851910;0.192243;0.036958;0.907595;0.045332;0.604636;-0.062317;0.243978;0.088235;0.088235;0.000000;82.135472;0.150472;0.020842;-1.016085;3.248829;10.554893;3.248896;0.492950;1.100363;0.095383;3.545175;0.029412;0.029412;1.505882;538.387296;1.671620;-0.590268;-0.048464;12.760401;162.827842;12.774046;2.539250;-0.203382;0.988341;12.792225;0.078431;0.078431;1.505882;8339.796033;1.600326;0.000000;0.000000;0.115887;0.144380;-0.140847;-0.607426;0.000000;0.000874;-0.246088;0.000000;0.000000;0.607324;-0.423396;-0.146100;-0.179536;9.847395;0.018168;12.937001;0.051013;0.017668;0.000000;9.846288;1.005859;0.919017;96.989364;174.555313
1.000000;1.000000;0.000000;0.000000;1.000000;0.000000;0.000000;0.000000;0.000000;0.000000;0.000000;0.000000;102.000000;-0.000000;-2.437623;-2.459700;0.109682;0.012030;2.440089;0.047020;0.741173;0.276014;0.108350;0.186275;0.186275;0.000000;606.698386;0.010047;9.482610;9.485550;0.048664;0.002368;9.482735;0.029999;-0.104552;0.115345;0.057375;0.274510;0.274510;0.000000;9171.949424;0.000202;0.831362;0.824190;0.057358;0.003290;0.833339;0.028581;0.073565;-0.289477;0.089832;0.176471;0.176471;0.000000;70.666432;0.022535;-1.133074;-1.026500;0.995416;0.990853;1.508214;0.235355;-0.764444;1.894904;0.896493;0.127451;0.127451;0.000000;181.518691;1.206113;-0.256682;-1.511000;6.022191;36.266780;6.027658;0.883416;1.053522;1.739319;3.065433;0.068627;0.068627;1.505882;1856.326303;1.775115;0.000000;0.000000;0.174251;0.520203;-0.165561;-0.481098;0.000000;0.021707;-0.215026;0.000000;0.000000;0.005873;-0.410288;0.083974;0.081417;9.842450;0.002477;12.920232;0.012239;0.002302;0.000000;9.849008;1.005859;0.836809;96.876291;39.301828
1.000000;1.000000;0.000000;0.000000;1.000000;0.000000;0.000000;0.000000;0.000000;0.000000;0.000000;0.000000;102.000000;-0.000000;-2.424563;-2.425200;0.063718;0.004060;2.425400;0.027863;0.269488;-0.952333;0.109025;0.166667;0.166667;0.000000;599.814557;0.003839;9.487457;9.486450;0.041556;0.001727;9.487548;0.030111;-0.292247;0.620917;0.056000;0.313725;0.313725;0.000000;9181.295534;0.000152;0.796093;0.787655;0.056043;0.003141;0.798063;0.023959;0.615057;0.217847;0.061107;0.264706;0.264706;0.000000;64.804245;0.023004;-0.702960;-0.897140;0.694467;0.482284;0.988148;0.198844;0.680797;-0.274676;1.021080;0.088235;0.088235;0.000000;75.004549;1.249436;-1.200875;-1.343800;1.230323;1.513695;1.719243;0.428527;0.218419;0.037343;1.315123;0.127451;0.127451;0.000000;224.297903;1.448434;0.000000;0.000000;0.053320;0.408923;-0.282881;0.072817;0.000000;-0.253909;0.074152;0.000000;0.000000;-0.265131;-0.078042;-0.120469;-0.035197;9.843493;0.001781;12.912020;0.004109;0.001735;0.000000;9.848930;1.005859;0.823307;96.896129;4.569138
1.000000;1.000000;0.000000;0.000000;1.000000;0.000000;0.000000;0.000000;0.000000;0.000000;0.000000;0.000000;102.000000;-0.000000;-2.402108;-2.401250;0.056496;0.003192;2.402772;0.027712;-0.274717;-0.518693;0.073450;0.166667;0.166667;0.000000;588.715461;0.003124;9.494006;9.496900;0.035507;0.001261;9.494072;0.033534;-0.061964;-0.127236;0.048550;0.382353;0.382353;0.000000;9193.951364;0.000113;0.775068;0.772835;0.041763;0.001744;0.776192;0.022086;0.011056;-0.508207;0.059982;0.186275;0.186275;0.000000;61.363403;0.013972;-1.055056;-1.188300;0.595682;0.354837;1.211602;0.161632;0.974176;0.350273;0.605693;0.117647;0.117647;0.000000;131.638736;0.648772;-0.485816;-0.549705;1.146219;1.313819;1.244924;0.423446;0.305425;-0.346872;1.457140;0.117647;0.117647;0.000000;91.173372;2.169600;0.000000;0.000000;-0.109966;-0.041840;0.320998;0.057127;0.000000;-0.319128;0.007787;0.000000;0.000000;0.002502;-0.153441;-0.246654;-0.068880;9.844250;0.001468;12.896114;0.003249;0.001248;0.000000;9.849042;1.005859;0.773364;96.910722;3.620290
1.000000;1.000000;0.000000;0.000000;1.000000;0.000000;0.000000;0.000000;0.000000;0.000000;0.000000;0.000000;102.000000;-0.000000;-4.876380;-5.185800;1.484009;2.202281;5.097192;0.220707;0.149784;-1.296786;2.876550;0.049020;0.049020;0.000000;2537.791985;0.221982;7.011025;7.512150;1.893653;3.585921;7.262259;0.171332;0.039788;-1.042991;3.084150;0.029412;0.029412;0.000000;5196.653696;0.185934;3.776651;3.038350;2.281512;5.205298;4.412300;0.161688;0.289803;-1.457259;4.785650;0.009804;0.009804;0.000000;1720.322412;0.582805;11.095921;22.971000;30.526136;931.844962;32.480216;2.914710;-0.742894;-0.544883;51.891000;0.019608;0.019608;0.501961;60082.413698;1.407278;11.044510;13.638000;20.901687;436.880535;23.640257;4.742135;0.057782;-0.977774;37.355500;0.068627;0.068627;0.000000;34728.300727;2.124292;0.000000;0.000000;0.546784;0.521700;-0.080422;0.011318;0.000000;-0.758982;-0.010842;0.000000;0.000000;-0.630654;-0.189266;-0.861695;-0.200857;8.838758;1.598117;12.887406;4.624570;1.220941;0.000000;8.292709;1.005859;5.031064;79.721766;1633.294548
1.000000;1.000000;0.000000;0.000000;1.000000;0.000000;0.000000;0.000000;0.000000;0.000000;0.000000;0.000000;102.000000;-0.000000;-3.607672;-3.378550;0.960599;0.922751;3.733369;0.143816;-1.742243;2.905836;0.757425;0.088235;0.088235;0.000000;1374.652891;0.226397;8.843290;8.865550;0.706731;0.499469;8.871485;0.133604;0.550013;0.861151;0.870600;0.088235;0.088235;0.000000;8002.263232;0.028273;2.010425;2.103400;0.589592;0.347619;2.095097;0.091226;-0.411574;-0.978283;0.901425;0.039216;0.039216;0.000000;429.993581;0.224024;-1.023037;-3.137050;27.935977;780.418784;27.954702;2.996295;0.134842;-0.424212;32.900500;0.039216;0.039216;1.003922;39909.268684;1.205303;9.551129;6.546500;17.383948;302.201634;19.834962;4.181374;0.549957;0.145000;20.097722;0.107843;0.107843;0.000000;24718.828090;2.021969;0.000000;0.000000;-0.026107;0.810464;0.122642;-0.087857;0.000000;-0.638941;-0.354778;0.000000;0.000000;-0.555204;-0.192381;0.324787;0.457939;9.646508;0.586177;13.450962;0.932636;0.503666;0.000000;9.683837;1.005859;1.973203;93.641295;1179.280523
1.000000;1.000000;0.000000;0.000000;1.000000;0.000000;0.000000;0.000000;0.000000;0.000000;0.000000;0.000000;102.000000;-0.000000;-3.386144;-3.405500;0.317720;0.100946;3.401017;0.063014;0.521705;0.043922;0.458000;0.049020;0.049020;0.000000;1174.678258;0.032974;9.025519;9.007550;0.214766;0.046125;9.028073;0.074067;0.454550;0.268493;0.267075;0.156863;0.156863;0.000000;8311.271439;0.003241;2.220785;2.211500;0.205603;0.042273;2.230283;0.051738;-0.225489;-0.050954;0.275475;0.098039;0.098039;0.000000;505.208902;0.033364;-0.499478;-1.090330;9.441589;89.143611;9.454792;1.355852;0.786202;1.581202;7.973075;0.058824;0.058824;1.003922;4571.795098;1.409630;3.739128;1.440750;8.912603;79.434495;9.665173;1.641618;1.619488;2.961844;8.940675;0.049020;0.049020;1.003922;5479.119491;2.161109;0.000000;0.000000;-0.218248;0.696066;0.188544;0.339962;0.000000;0.072840;0.075882;0.000000;0.000000;0.112237;-0.574880;0.128672;0.123423;9.695979;0.061017;13.411663;0.105767;0.042760;0.000000;9.741155;1.005859;2.257041;94.073029;187.782821
1.000000;1.000000;0.000000;0.000000;1.000000;0.000000;0.000000;0.000000;0.000000;0.000000;0.000000;0.000000;102.000000;-0.000000;-3.337867;-3.301700;0.173905;0.030243;3.342394;0.034604;-0.520136;-0.468900;0.211925;0.068627;0.068627;0.000000;1137.961013;0.011843;9.020752;9.018400;0.097465;0.009499;9.021278;0.034767;-0.127641;0.325079;0.101825;0.147059;0.147059;0.000000;8300.629013;0.000755;2.177593;2.161000;0.100851;0.010171;2.179927;0.030025;0.461141;-0.719319;0.183325;0.107843;0.107843;0.000000;484.193846;0.010690;-0.698138;-1.381450;3.000651;9.003907;3.080796;0.564621;0.674860;-0.266578;3.936993;0.078431;0.078431;1.003922;508.974079;2.227133;0.105135;0.100017;2.762496;7.631387;2.764496;0.551310;0.483677;0.548365;3.166625;0.098039;0.098039;1.003922;390.369252;1.498959;0.000000;0.000000;0.238134;0.163082;-0.034140;0.227861;0.000000;-0.232831;-0.006457;0.000000;0.000000;0.001505;-0.686620;0.610062;0.201394;9.671912;0.009184;13.358619;0.031307;0.008828;0.000000;9.689496;1.005859;2.212806;93.555062;21.885827
1.000000;1.000000;0.000000;0.000000;1.000000;0.000000;0.000000;0.000000;0.000000;0.000000;0.000000;0.000000;102.000000;-0.000000;-3.277498;-3.264550;0.068964;0.004756;3.278224;0.023656;-0.989585;0.458729;0.080650;0.205882;0.205882;0.000000;1095.925968;0.002543;9.041230;9.041200;0.043872;0.001925;9.041337;0.024733;-0.124760;0.045642;0.062425;0.254902;0.254902;0.000000;8337.970692;0.000178;2.132459;2.119000;0.074494;0.005549;2.133760;0.026207;0.862548;0.154707;0.086900;0.156863;0.156863;0.000000;464.115860;0.006175;-0.328928;-0.471385;2.074785;4.304732;2.100696;0.341508;1.047747;1.155578;1.884448;0.117647;0.117647;2.007843;230.596605;1.741260;0.394098;0.303890;1.066751;1.137959;1.137221;0.361458;0.018974;-0.306296;1.481630;0.117647;0.117647;1.003922;73.880181;2.115488;0.000000;0.000000;-0.148887;0.194523;0.180316;0.388145;0.000000;-0.580442;0.030222;0.000000;0.000000;-0.398789;-0.762693;0.341152;0.081655;9.669023;0.002524;13.318728;0.004874;0.001873;0.000000;9.678856;1.005859;2.165427;93.492521;10.259127
1.000000;1.000000;0.000000;0.000000;1.000000;0.000000;0.000000;0.000000;0.000000;0.000000;0.000000;0.000000;102.000000;-0.000000;-3.247886;-3.244100;0.041379;0.001712;3.248150;0.019807;-0.259806;-0.639778;0.060375;0.205882;0.205882;0.000000;1076.061519;0.001054;9.059518;9.055600;0.035406;0.001254;9.059587;0.020552;0.356793;-0.350957;0.045700;0.235294;0.235294;0.000000;8371.699680;0.000120;2.090011;2.090850;0.056808;0.003227;2.090783;0.022880;0.132760;-0.438324;0.090000;0.176471;0.176471;0.000000;445.715434;0.004061;-0.698110;-0.631515;1.020586;1.041597;1.236509;0.268478;0.064465;-0.364067;1.189167;0.127451;0.127451;0.000000;102.868330;1.620080;-0.657031;-0.506535;1.205119;1.452312;1.372589;0.331436;0.071009;-0.589602;1.748778;0.068627;0.068627;0.000000;118.102227;1.832847;0.000000;0.000000;0.091908;0.194814;0.314554;0.173632;0.000000;-0.593588;-0.485750;0.000000;0.000000;-0.319163;-0.393922;-0.026124;-0.114932;9.676021;0.001208;13.307404;0.001766;0.001229;0.000000;9.676332;1.005859;2.111626;93.626591;7.784328
1.000000;1.000000;0.000000;0.000000;1.000000;0.000000;0.000000;0.000000;0.000000;0.000000;0.000000;0.000000;102.000000;-0.000000;-5.119890;-4.601550;1.779410;3.166300;5.420293;0.356295;-0.982131;0.541385;1.716025;0.039216;0.039216;0.000000;2835.239026;0.296767;5.817758;4.865650;2.252913;5.075618;6.238744;0.213187;0.479869;-0.662762;3.517525;0.009804;0.009804;0.000000;3711.180000;0.328154;5.151634;5.839500;2.384212;5.684469;5.676602;0.264450;-0.169920;-1.734791;4.731300;0.049020;0.049020;0.000000;2997.027006;0.408825;10.952838;-1.522050;29.211546;853.314423;31.197421;2.709011;0.723747;-0.723508;43.716300;0.019608;0.019608;0.501961;55755.431537;1.305153;15.455518;8.703350;25.541150;652.350331;29.853364;6.452141;0.732675;0.625082;29.317152;0.088235;0.088235;0.000000;57642.189760;1.783603;0.000000;0.000000;0.238130;-0.067241;-0.097050;0.147735;0.000000;-0.865931;-0.362702;0.000000;0.000000;-0.119960;-0.240297;-0.815383;0.007280;8.109746;3.533523;11.937648;5.525199;2.798322;0.000000;7.273379;1.005859;6.425333;69.301500;1896.726260
1.000000;1.000000;0.000000;0.000000;1.000000;0.000000;0.000000;0.000000;0.000000;0.000000;0.000000;0.000000;102.000000;-0.000000;-3.893499;-3.096400;2.236894;5.003696;4.490326;0.308669;-1.287352;0.691070;2.071675;0.009804;0.009804;0.000000;1801.472085;0.671627;8.317243;8.745550;1.595796;2.546564;8.468949;0.228448;-1.424138;2.630596;1.719825;0.049020;0.049020;0.000000;7186.051706;0.129297;2.745688;2.581400;0.902096;0.813777;2.890083;0.211346;3.194295;13.760966;0.473625;0.147059;0.147059;0.000000;810.461513;0.334793;9.677714;-0.848855;28.073722;788.133843;29.694983;2.432754;0.804489;-0.413629;33.785125;0.029412;0.029412;1.003922;49754.150726;1.612782;17.722350;21.106500;23.951811;573.689248;29.795485;6.973159;-0.257051;-0.259354;29.939350;0.107843;0.107843;0.000000;61294.518931;1.765678;0.000000;0.000000;0.619491;0.699363;0.212617;-0.193339;0.000000;-0.850352;-0.458699;0.000000;0.000000;-0.643901;0.038000;-0.608940;-0.395359;9.576916;1.168801;13.210742;6.367267;1.257748;0.000000;9.352140;1.005859;2.998544;92.886128;1777.915504
1.000000;1.000000;0.000000;0.000000;1.000000;0.000000;0.000000;0.000000;0.000000;0.000000;0.000000;0.000000;102.000000;-0.000000;-2.039923;-1.800550;0.683187;0.466745;2.151285;0.114375;-0.757341;-0.820640;1.117900;0.049020;0.049020;0.000000;448.254968;0.273284;9.266831;9.350600;0.422162;0.178220;9.276442;0.133733;-0.952269;0.517790;0.548800;0.127451;0.127451;0.000000;8768.257408;0.010898;2.415478;2.394700;0.244722;0.059889;2.427844;0.071398;-0.181346;-0.603246;0.371600;0.068627;0.068627;0.000000;598.177066;0.043053;-0.607253;-0.613585;6.343205;40.236251;6.372206;1.126617;0.264512;-0.609895;8.737500;0.078431;0.078431;0.501961;2089.872565;1.835241;4.850371;8.728050;26.837124;720.231203;27.271914;5.256711;-0.433342;-0.077638;31.699375;0.088235;0.088235;0.501961;39136.242526;2.038732;0.000000;0.000000;0.554096;-0.004150;0.147106;-0.473011;0.000000;-0.497942;-0.031723;0.000000;0.000000;-0.241180;0.003352;0.064984;-0.277183;9.568834;0.117827;12.306754;0.543099;0.108252;0.000000;9.493910;1.005859;2.475981;91.680413;790.256732
1.000000;1.000000;0.000000;0.000000;1.000000;0.000000;0.000000;0.000000;0.000000;0.000000;0.000000;0.000000;102.000000;-0.000000;-1.529498;-1.490250;0.220795;0.048751;1.545353;0.078487;-0.736856;0.364837;0.274800;0.166667;0.166667;0.000000;241.102185;0.082663;9.430610;9.457600;0.199454;0.039782;9.432719;0.071739;-0.970080;1.981803;0.187100;0.156863;0.156863;0.000000;9073.542205;0.002679;2.335885;2.350700;0.189518;0.035917;2.343561;0.058224;-0.115995;0.754522;0.195625;0.166667;0.166667;0.000000;558.380553;0.028633;-0.614579;-0.234685;4.018328;16.146957;4.065054;0.742106;-0.846935;0.662619;4.418550;0.088235;0.088235;1.505882;862.103678;1.812293;-5.924452;-1.462315;19.741978;389.745683;20.611764;3.764050;-0.818321;0.345435;23.286000;0.058824;0.058824;1.505882;23457.225713;1.692194;0.000000;0.000000;0.014141;0.360668;-0.153586;-0.558170;0.000000;-0.304748;-0.199791;0.000000;0.000000;-0.206381;0.083516;0.120237;0.090142;9.608574;0.039607;11.960108;0.049277;0.040132;0.000000;9.610648;1.005859;2.314160;92.364298;446.861754
1.000000;1.000000;0.000000;0.000000;1.000000;0.000000;0.000000;0.000000;0.000000;0.000000;0.000000;0.000000;102.000000;-0.000000;-1.490636;-1.500800;0.125080;0.015645;1.495875;0.035780;0.043702;2.643024;0.109400;0.156863;0.156863;0.000000;227.441580;0.030625;9.444186;9.446250;0.064795;0.004198;9.444409;0.025772;-0.872670;2.161111;0.060575;0.196078;0.196078;0.000000;9097.865069;0.000337;2.347384;2.341250;0.085459;0.007303;2.348939;0.030576;0.369664;1.300207;0.103125;0.186275;0.186275;0.000000;562.414204;0.007023;-0.744881;-1.349800;2.203433;4.855117;2.325933;0.421538;1.490359;2.297894;2.171796;0.068627;0.068627;1.505882;304.206495;1.919324;-2.423441;-0.124582;8.188429;67.050374;8.539522;1.346416;-1.118056;1.098070;6.578425;0.068627;0.068627;1.505882;4020.909449;2.273192;0.000000;0.000000;0.544894;0.363720;0.016388;-0.543567;0.000000;-0.311414;-0.152585;0.000000;0.000000;-0.104152;-0.111749;-0.107793;-0.481169;9.614129;0.003027;11.934823;0.017320;0.002719;0.000000;9.616032;1.005859;2.369374;92.434494;83.850919
1.000000;1.000000;0.000000;0.000000;1.000000;0.000000;0.000000;0.000000;0.000000;0.000000;0.000000;0.000000;102.000000;-0.000000;-1.526973;-1.535300;0.044897;0.002016;1.527632;0.017448;-0.056161;-0.663820;0.062875;0.107843;0.107843;0.000000;237.930621;0.004777;9.443072;9.443550;0.035178;0.001238;9.443137;0.017019;0.811374;1.219292;0.037125;0.186275;0.186275;0.000000;9095.566436;0.000106;2.351001;2.351200;0.051891;0.002693;2.351574;0.017678;0.075663;-0.758245;0.073900;0.156863;0.156863;0.000000;563.912303;0.002731;-1.181002;-1.275900;0.887540;0.787726;1.477326;0.242190;0.395201;-0.909198;1.367450;0.078431;0.078431;0.000000;182.449846;0.909791;-0.266597;-0.374815;2.643200;6.986505;2.656610;0.596125;0.669579;0.334412;3.245775;0.068627;0.068627;1.505882;363.565546;1.826918;0.000000;0.000000;0.307465;0.203235;0.195902;-0.245212;0.000000;-0.145198;0.083934;0.000000;0.000000;-0.258837;0.086163;-0.057502;-0.092829;9.617973;0.001093;11.970044;0.002271;0.001014;0.000000;9.628038;1.005859;2.353363;92.506499;14.769970
1.000000;1.000000;0.000000;0.000000;1.000000;0.000000;0.000000;0.000000;0.000000;0.000000;0.000000;0.000000;102.000000;-0.000000;-5.187861;-5.672200;2.289835;5.243344;5.670736;0.439832;0.480981;-0.766153;4.111175;0.009804;0.009804;0.000000;3012.649942;0.416798;5.539559;5.087800;3.262562;10.644310;6.428921;0.285274;0.378274;-0.948333;4.787025;0.049020;0.049020;0.000000;3672.953334;0.504913;4.641818;4.922100;2.536511;6.433889;5.289647;0.237855;-0.214707;-1.456988;4.936025;0.029412;0.029412;0.000000;2525.890130;0.547472;11.230797;1.539600;30.444736;926.881940;32.450158;3.240626;0.209582;-1.283986;53.296000;0.019608;0.019608;0.501961;60136.828710;1.427018;13.471378;16.318500;31.429713;987.826832;34.195100;7.175315;-1.667202;3.774100;34.350900;0.117647;0.117647;0.000000;68894.909288;2.198320;0.000000;0.000000;0.664439;-0.068996;0.003869;-0.325711;0.000000;-0.452404;-0.338462;0.000000;0.000000;-0.551871;-0.116217;-0.768898;0.214427;8.432663;3.378473;11.727420;13.729299;2.315659;0.000000;7.321889;1.005859;6.062909;74.488272;2250.297964
1.000000;1.000000;0.000000;0.000000;1.000000;0.000000;0.000000;0.000000;0.000000;0.000000;0.000000;0.000000;102.000000;-0.000000;-2.685987;-1.645950;2.326738;5.413708;3.553623;0.315814;-1.254664;-0.065795;1.224625;0.029412;0.029412;0.000000;1011.993670;1.044164;8.842636;9.323200;1.607241;2.583225;8.987516;0.207206;-0.648252;0.493190;1.373175;0.049020;0.049020;0.000000;8107.364206;0.110403;2.284564;2.252550;0.949335;0.901238;2.473958;0.167069;0.247490;-0.055926;0.995075;0.078431;0.078431;0.000000;578.335980;0.422877;7.820432;-3.071950;26.633673;709.352548;27.758093;2.440318;0.703574;-0.361556;41.118450;0.029412;0.029412;1.003922;42418.338983;1.574844;0.585020;-1.208705;33.323431;1110.451024;33.328565;8.531278;-0.708469;0.908454;40.790000;0.107843;0.107843;1.003922;56673.353697;2.267866;0.000000;0.000000;0.669629;0.715880;-0.173896;-0.301974;0.000000;-0.728578;-0.483396;0.000000;0.000000;-0.448216;-0.166106;-0.044217;-0.177291;9.663052;1.029093;12.528623;6.942946;1.133165;0.000000;9.342240;1.005859;2.450442;94.403675;1887.425453
1.000000;1.000000;0.000000;0.000000;1.000000;0.000000;0.000000;0.000000;0.000000;0.000000;0.000000;0.000000;102.000000;-0.000000;-1.175566;-1.169750;0.332556;0.110594;1.221700;0.083398;0.578442;1.844275;0.354620;0.088235;0.088235;0.000000;146.600068;0.260473;9.405122;9.437600;0.213586;0.045619;9.407546;0.061140;-1.729034;5.799810;0.157375;0.137255;0.137255;0.000000;9024.871188;0.003053;2.437875;2.542100;0.380349;0.144665;2.467367;0.059381;-0.638637;0.821992;0.459550;0.029412;0.029412;0.000000;613.590071;0.092891;-1.407681;-1.351950;6.002647;36.031775;6.165496;0.741644;0.066132;0.423449;4.038054;0.029412;0.029412;1.003922;2039.742810;1.645928;-5.699743;-3.408200;13.668950;186.840184;14.809701;3.587976;-0.779632;1.112541;8.462675;0.088235;0.088235;0.000000;12842.538952;1.987215;0.000000;0.000000;0.126714;-0.208484;0.130414;0.065820;0.000000;-0.175750;-0.168285;0.000000;0.000000;0.647754;-0.178562;0.265696;-0.480699;9.536918;0.041667;11.580688;0.112925;0.044835;0.000000;9.503768;1.005859;2.328833;90.994481;263.428496
1.000000;1.000000;0.000000;0.000000;1.000000;0.000000;0.000000;0.000000;0.000000;0.000000;0.000000;0.000000;102.000000;-0.000000;-1.048841;-1.047850;0.098335;0.009670;1.053440;0.020635;-0.003542;-0.418743;0.138480;0.098039;0.098039;0.000000;112.700076;0.035137;9.433161;9.437300;0.059274;0.003513;9.433347;0.028956;-0.099773;-0.614547;0.086075;0.215686;0.215686;0.000000;9076.600500;0.000284;2.646762;2.638050;0.090776;0.008240;2.648318;0.023144;0.327079;-0.220790;0.115525;0.117647;0.117647;0.000000;714.965733;0.006030;-0.606631;-0.851885;2.298941;5.285130;2.377631;0.435437;0.794980;1.072932;2.192897;0.098039;0.098039;1.003922;307.093891;1.914177;-1.792620;-1.280800;3.417434;11.678855;3.859059;0.568664;-0.924646;0.428652;3.522687;0.049020;0.049020;0.000000;923.444982;2.022480;0.000000;0.000000;-0.297238;0.479706;0.010264;-0.637915;0.000000;0.245882;0.378165;0.000000;0.000000;0.219195;-0.273013;0.132063;-0.420188;9.544309;0.003931;11.482001;0.010224;0.003090;0.000000;9.544472;1.005859;2.665055;91.097772;27.559059
1.000000;1.000000;0.000000;0.000000;1.000000;0.000000;0.000000;0.000000;0.000000;0.000000;0.000000;0.000000;102.000000;-0.000000;-1.026656;-1.018700;0.043792;0.001918;1.027590;0.012521;-0.277800;-0.048504;0.058258;0.127451;0.127451;0.000000;107.608261;0.009316;9.433403;9.432000;0.048185;0.002322;9.433526;0.024779;0.006385;0.032986;0.061625;0.215686;0.215686;0.000000;9077.005767;0.000195;2.653124;2.649000;0.052312;0.002737;2.653639;0.019455;0.076631;0.239321;0.057025;0.147059;0.147059;0.000000;718.124199;0.002261;-1.211177;-0.737225;1.623252;2.634947;2.025314;0.318883;-0.400016;-0.435816;2.040903;0.049020;0.049020;0.000000;284.016080;1.384412;-0.268302;-0.383590;1.166766;1.361342;1.197217;0.316094;-0.156406;0.322869;1.387825;0.107843;0.107843;1.003922;76.798497;2.200575;0.000000;0.000000;-0.172431;0.356887;-0.443810;-0.332416;0.000000;-0.438813;0.003278;0.000000;0.000000;-0.586663;0.189651;0.412595;-0.243362;9.541749;0.002370;11.460059;0.002561;0.001720;0.000000;9.548039;1.005859;2.671845;91.047353;12.577025
1.000000;1.000000;0.000000;0.000000;1.000000;0.000000;0.000000;0.000000;0.000000;0.000000;0.000000;0.000000;102.000000;-0.000000;-1.043883;-1.029650;0.051827;0.002686;1.045169;0.014895;-0.723935;-0.314533;0.072825;0.107843;0.107843;0.000000;111.285683;0.011897;9.436763;9.438300;0.029907;0.000894;9.436810;0.020900;0.044175;-0.406124;0.044050;0.235294;0.235294;0.000000;9083.399737;0.000082;2.649695;2.648900;0.048428;0.002345;2.650138;0.017617;-0.321434;-0.267450;0.062250;0.127451;0.127451;0.000000;716.250526;0.001914;-0.955509;-0.695470;1.088699;1.185266;1.448538;0.212759;-0.492499;-0.433061;1.689198;0.039216;0.039216;0.000000;153.579107;1.039966;-0.140133;-0.242560;0.683406;0.467044;0.697625;0.202689;0.123878;-0.135072;0.915145;0.117647;0.117647;0.501961;25.843091;2.284638;0.000000;0.000000;-0.168157;0.266907;-0.077568;0.266786;0.000000;-0.249142;0.041224;0.000000;0.000000;0.438829;-0.380317;0.308077;0.021239;9.546979;0.000963;11.480645;0.002750;0.000866;0.000000;9.548025;1.005859;2.674796;91.145763;9.608174
1.000000;1.000000;0.000000;0.000000;1.000000;0.000000;0.000000;0.000000;0.000000;0.000000;0.000000;0.000000;102.000000;-0.000000;-2.407072;-2.430550;0.933364;0.871168;2.581698;0.277718;0.724920;0.827860;1.266950;0.117647;0.117647;0.000000;635.434231;0.386647;9.016709;9.134750;0.530758;0.281704;9.032317;0.177619;-1.836748;4.361245;0.500350;0.107843;0.107843;0.000000;8307.077877;0.017284;2.347358;2.377950;0.641101;0.411010;2.433331;0.177860;0.068422;-1.244391;1.225750;0.049020;0.049020;0.000000;582.990957;0.215614;-7.838928;-7.575400;10.463868;109.492528;13.074453;1.883014;-0.063053;-0.825322;15.649735;0.088235;0.088235;0.000000;11853.181108;1.619311;15.364625;17.673000;56.803537;3226.641840;58.844826;9.916986;0.099607;0.273336;55.028000;0.068627;0.068627;1.003922;188638.996038;1.735849;0.000000;0.000000;-0.150680;0.358186;-0.029733;0.490406;0.000000;-0.097490;-0.179741;0.000000;0.000000;0.303554;-0.135149;0.105315;0.361655;9.428882;0.344093;12.438484;0.889192;0.275096;0.000000;9.208414;1.005859;2.394896;89.247905;3639.575949
1.000000;1.000000;0.000000;0.000000;1.000000;0.000000;0.000000;0.000000;0.000000;0.000000;0.000000;0.000000;102.000000;-0.000000;-2.449475;-2.248050;0.583371;0.340322;2.517986;0.190326;-1.225340;0.381435;0.356500;0.058824;0.058824;0.000000;629.354135;0.187513;9.295470;9.332600;0.152896;0.023377;9.296727;0.073215;-1.167444;1.334035;0.117825;0.186275;0.186275;0.000000;8814.579512;0.001706;2.181944;2.149000;0.438461;0.192248;2.225562;0.139125;0.465930;0.868136;0.179975;0.156863;0.156863;0.000000;495.418758;0.145946;-1.527736;-2.043350;4.911422;24.122067;5.143544;1.190215;0.619872;0.706436;3.289615;0.117647;0.117647;0.000000;1468.296630;2.410508;16.971491;6.651000;44.325443;1964.744900;47.463422;6.344702;1.185588;2.465838;22.334752;0.068627;0.068627;1.003922;129602.508602;1.940950;0.000000;0.000000;0.155195;0.592546;0.236449;0.520325;0.000000;0.185019;-0.456709;0.000000;0.000000;0.442960;-0.427454;-0.094199;-0.053170;9.681309;0.041637;12.744945;0.344301;0.022999;0.000000;9.666182;1.005859;2.253870;93.769385;2284.185569
1.000000;1.000000;0.000000;0.000000;1.000000;0.000000;0.000000;0.000000;0.000000;0.000000;0.000000;0.000000;102.000000;-0.000000;-2.238911;-2.254350;0.097360;0.009479;2.241027;0.047287;0.568991;-0.629458;0.143025;0.166667;0.166667;0.000000;511.781031;0.010417;9.343680;9.344200;0.035731;0.001277;9.343749;0.024139;0.419138;-0.298936;0.043800;0.343137;0.343137;0.000000;8905.110168;0.000117;2.159195;2.160950;0.041894;0.001755;2.159601;0.027631;0.095034;1.696961;0.035125;0.382353;0.382353;0.000000;475.626117;0.002441;-1.555013;-1.512800;0.972012;0.944807;1.833813;0.235905;0.294304;2.058601;1.175765;0.088235;0.088235;0.000000;294.908676;0.839449;3.044911;2.105050;4.361240;19.020417;5.319013;0.864110;1.367392;2.178712;4.838861;0.107843;0.107843;0.000000;1916.020704;1.981143;0.000000;0.000000;0.169588;0.138029;-0.160020;-0.020468;0.000000;-0.175856;0.243936;0.000000;0.000000;0.217246;-0.071642;0.046014;0.023783;9.660559;0.001434;12.582591;0.009616;0.001247;0.000000;9.668023;1.005859;2.167959;93.327841;36.318653
1.000000;1.000000;0.000000;0.000000;1.000000;0.000000;0.000000;0.000000;0.000000;0.000000;0.000000;0.000000;102.000000;-0.000000;-2.274696;-2.283950;0.073861;0.005456;2.275895;0.026144;0.996840;1.399023;0.082750;0.156863;0.156863;0.000000;528.051002;0.005677;9.330256;9.320800;0.030670;0.000941;9.330306;0.022023;0.629071;0.353255;0.036400;0.303922;0.303922;0.000000;8879.523073;0.000088;2.155518;2.153150;0.022388;0.000501;2.155634;0.014561;0.319873;0.135897;0.026100;0.264706;0.264706;0.000000;473.944011;0.000765;-1.245856;-1.225400;0.414703;0.171979;1.313063;0.160267;-0.442937;-0.007046;0.550180;0.137255;0.137255;0.000000;167.091020;0.310755;0.932266;0.898265;2.101336;4.415614;2.298855;0.571513;0.267757;-0.621478;3.249870;0.098039;0.098039;0.000000;313.864992;2.018120;0.000000;0.000000;0.191843;0.003566;0.118447;0.176342;0.000000;-0.424982;-0.081534;0.000000;0.000000;-0.136071;-0.203954;0.042491;-0.090301;9.655741;0.000983;12.604952;0.005551;0.000908;0.000000;9.660029;1.005859;2.174147;93.234313;11.655626
