7.727952;-1.567066;0.572854;0.430430;0.641784;-1.142449
7.717849;-1.275925;0.677258;0.098766;-0.432082;0.150023
7.916172;-0.169620;0.804160;-0.094635;0.840544;0.316402
8.278199;0.411425;0.916247;-0.276228;2.620415;-0.564408
8.180204;-1.351821;1.271998;0.189307;0.721291;-0.758065
8.325944;-1.501905;1.368392;0.339589;0.336989;-0.447553
8.078642;-1.641483;1.205795;0.250442;-1.038537;0.110044
8.099211;-1.883416;1.173553;0.352835;-1.084684;-0.301742
8.158733;-2.111241;1.104454;0.399350;-1.034549;-0.925582
8.166480;-1.677645;1.074773;0.524008;-0.142396;0.135438
8.126890;-1.430710;0.979122;0.473809;0.908803;-0.613846
8.160638;-1.617895;1.168468;0.243493;-0.305674;-0.572814
8.355247;-1.179721;1.214438;0.106218;1.330255;-1.343321
8.342811;-1.847816;1.303512;0.429473;-0.493951;-0.699093
8.418610;-2.498475;1.450968;0.775238;-1.499621;-0.316985
8.438659;-2.376621;1.448014;0.766393;-1.790296;0.485120
8.368279;-2.136378;1.354485;0.371478;-1.564885;-0.088769
8.411901;-0.961543;1.139971;0.274349;0.020884;0.736316
8.355992;-1.020301;0.983149;0.248496;0.010863;0.932676
8.550889;-2.139584;1.380847;0.650751;-0.979392;-0.392842
8.611794;-1.969070;1.436876;0.580128;-0.540424;-0.342953
8.543195;-1.738056;1.227782;0.081140;0.418653;-1.258846
8.619564;-1.639261;1.204004;0.017069;0.660341;-1.562600
8.683608;-2.048384;1.328873;0.313748;-0.719515;-0.743589
8.871031;-2.443561;1.532340;0.750601;-1.564392;-0.013083
8.824354;-2.621093;1.514022;0.801794;-1.695883;-0.358963
8.595076;-2.102393;1.355968;0.249968;-1.043067;-0.489504
8.532890;-1.949957;1.260310;0.183928;-0.154823;-1.236947
8.561397;-1.634301;1.293091;0.161368;-0.480978;0.803841
8.688325;-1.719086;1.362193;0.424570;-0.229053;0.936430
8.859880;-1.501934;1.672454;0.348168;-2.059738;3.746302
8.846809;-1.389409;1.665864;0.032632;-2.421700;3.505544
8.769841;-2.077749;1.449958;0.298206;-1.449728;0.223113
8.688009;-1.670209;1.328020;0.197990;-0.505380;0.051143
8.708922;-1.582220;1.370486;0.432045;-0.234750;0.520215
8.537507;-1.653146;1.398954;0.496920;-0.452941;-0.176764
8.554344;-1.880365;1.425892;0.291651;-0.811623;-0.569780
8.736510;-2.017344;1.498998;0.357047;-1.309564;0.505499
8.618537;-1.930506;1.483681;0.306449;-1.278452;0.696693
8.763087;-1.697494;1.416121;0.545053;-0.663745;0.931122
8.888777;-1.646339;1.511378;0.436027;-0.348135;0.444787
8.696434;-1.740715;1.496381;0.102274;-0.072569;-0.767905
8.690697;-1.848915;1.445132;0.227438;-0.357842;-1.221972
8.583342;-1.909574;1.369725;0.175153;-0.202103;-1.196473
8.645356;-2.288391;1.443238;0.642900;-1.045436;-0.142520
8.637207;-2.329674;1.584895;0.726245;-1.829393;0.718691
8.688786;-2.332674;1.635008;0.423388;-1.994959;0.075076
8.832597;-1.807905;1.423394;0.340051;-1.540649;1.053573
8.757778;-1.413510;1.407692;0.157455;-0.839323;0.779655
8.784423;-1.764698;1.434232;0.448110;-0.050356;-0.411890
8.864283;-1.430749;1.386934;0.342471;0.223992;0.318245
8.822287;-1.345495;1.282953;0.013432;0.050347;-0.384840
8.750335;-0.892408;1.449864;-0.033956;0.958580;-0.517439
8.863825;-0.701005;1.463316;0.039199;1.160613;-0.730752
9.149596;-1.801104;1.730458;0.667000;-1.118453;1.192454
8.885077;-2.521604;1.957147;0.630480;-1.311014;-0.285229
8.785084;-1.588068;1.855508;0.122332;-0.448001;-0.347292
8.667740;-1.091701;1.754241;-0.125080;0.768535;-0.734695
8.565745;-1.445607;1.638739;0.029909;0.672025;-1.014311
8.704925;-1.749856;1.416060;0.334585;1.448942;-1.135371
8.864629;-1.885439;1.534491;0.459001;0.366372;-0.648688
8.899585;-2.334008;1.743860;0.430398;-2.322296;0.088430
9.223009;-1.614022;2.020164;0.061384;-3.657458;5.567026
9.132613;-1.078719;1.925685;0.040711;-1.709264;3.239884
8.971315;-1.676278;1.609695;0.558200;-0.429489;-0.182379
8.920831;-1.812665;1.575640;0.488625;-0.184975;0.042455
8.787801;-2.066076;1.567199;0.231369;-0.243338;-1.316632
8.782853;-2.088307;1.652599;0.246362;-0.312987;-1.198941
8.813072;-2.354517;1.734867;0.438017;-1.604150;-0.544609
8.848828;-2.329800;1.681338;0.760537;-1.126085;-0.368277
9.065603;-2.122587;1.773599;0.645211;-1.877949;1.052876
8.957637;-1.535485;1.835897;0.058914;-0.499446;0.137590
8.988421;-1.527951;1.846316;0.027623;-0.218215;-0.283840
8.912386;-1.673629;1.620650;0.028877;0.526220;-1.595295
8.938710;-1.968299;1.597648;0.424955;0.401354;-0.886497
9.033627;-2.395199;1.634833;0.684427;-0.638593;-0.668274
8.965282;-2.273475;1.650770;0.366721;-1.127460;-0.341581
8.853648;-2.234610;1.681722;0.266073;-1.327765;-0.483430
8.882095;-1.706178;1.752109;0.102746;-1.022723;0.139045
9.112658;-1.900094;1.731899;0.487077;-1.097351;1.270899
8.991814;-2.439086;1.680335;0.711607;-1.362359;0.079035
8.961962;-2.019833;1.638852;0.435736;-1.745882;1.202211
8.935144;-1.612842;1.754641;0.135159;-0.503796;0.402249
8.885949;-1.618467;1.704880;0.041845;-0.395869;0.159648
8.982136;-2.194511;1.697686;0.641061;-0.956825;-0.198046
8.825451;-1.809004;1.544205;0.543509;-0.873757;1.346764
8.843563;-2.086883;1.576991;0.340503;-2.400781;2.589293
8.960479;-2.451227;1.474190;0.446775;-1.819925;-0.120283
8.848594;-2.109647;1.545431;0.303440;-1.056173;-0.463218
8.834116;-1.882435;1.625573;0.457791;-0.763912;0.481578
9.008092;-2.062727;1.653338;0.537661;-1.080672;0.476904
9.140536;-1.857878;1.594341;0.166268;-0.861326;0.160699
9.128139;-1.782894;1.580071;0.175279;-0.474032;-0.379253
8.969135;-1.694332;1.431403;0.221614;-0.013124;-0.596125
8.931694;-1.640744;1.437401;0.467145;0.339138;-0.302036
9.016437;-1.949051;1.598610;0.516723;-1.512271;0.788194
8.846990;-1.964010;1.578100;0.198695;-2.040268;0.826168
8.882150;-2.299201;1.618096;0.374406;-1.923841;0.230904
8.816108;-2.180208;1.494680;0.323115;-0.479657;-0.809371
9.038433;-2.610347;1.568478;0.787571;-1.730350;-0.355668
8.863828;-2.363731;1.608794;0.581156;-0.556056;-0.500364
8.842797;-2.146664;1.657908;0.429706;-2.084032;0.297133
8.737276;-1.720466;1.552014;0.087257;-0.161596;-1.042179
8.812894;-1.781822;1.569245;0.048037;-0.315109;-0.976571
8.811252;-1.702695;1.747201;0.345630;-0.123971;-0.718206
8.844518;-1.469525;1.803133;0.297016;0.346440;0.046739
8.687929;-1.805035;1.658156;0.062335;0.495297;-1.256569
8.797501;-2.123286;1.729475;0.225861;-0.732439;-0.573400
8.878413;-2.292172;1.661777;0.459299;-1.611514;-0.261983
9.032806;-1.445833;1.765111;0.433133;-1.176484;1.866176
9.029498;-0.279697;1.675365;0.031284;0.497168;1.295086
7.669910;7.980360;1.575612;-16.320000;-10.353664;-4.522321
5.281723;-0.878338;-5.543308;0.305460;-0.639794;-0.408350
5.320977;-0.709177;-5.656500;0.194777;-0.312136;-0.582900
5.284707;-1.090285;-5.409132;0.094197;-1.839354;0.367623
5.359560;-0.904802;-5.301569;-0.121180;-1.587941;0.404244
5.399012;-0.245495;-5.547450;-0.401318;-0.065225;-0.945399
5.223217;-0.689465;-5.619932;0.182806;-0.181308;-0.338659
5.204627;-0.309039;-5.715858;0.077494;0.022067;0.199603
5.006358;-0.118034;-5.806439;-0.204741;-0.049128;0.162619
4.887551;-0.901593;-5.523603;0.078983;-1.047591;-0.290253
4.819239;-0.834410;-5.404481;-0.043241;-0.859901;0.030211
4.873362;-0.940441;-5.547098;0.184385;-0.262691;-0.051005
5.156347;0.113949;-5.977815;0.130447;-0.015332;0.246959
5.120726;0.743479;-6.141082;-0.314002;-0.265587;0.071332
4.888585;0.290109;-5.810171;-0.244698;-0.307590;0.029587
4.924859;0.015147;-5.791563;-0.190422;-0.490500;0.465635
4.706640;-0.812783;-5.933139;0.243208;0.079914;-0.742592
4.973172;0.613560;-6.240457;0.035158;0.108749;-0.392164
4.897344;0.721992;-6.177442;-0.267764;-0.406297;-0.238323
4.615798;-0.554838;-5.986096;-0.012929;-0.455311;-0.693173
4.635379;-0.084765;-6.180029;-0.174327;0.084055;-0.686917
4.739522;-0.717337;-6.036410;0.336194;-1.084712;0.111248
4.607673;-1.241505;-5.663787;0.363076;-1.665185;-0.038944
4.920922;0.202194;-5.853667;-0.088669;-1.576004;1.392387
4.947465;0.648149;-6.024204;-0.223545;-0.763513;0.889116
5.035434;0.160825;-5.761200;-0.201737;-1.172447;2.269535
5.088268;-0.076895;-5.786307;0.122071;-0.972305;2.307283
4.774928;-0.218400;-6.125380;0.189613;0.354810;-0.447773
4.652137;-0.236222;-6.073599;-0.074634;-0.390133;-0.563455
4.579384;-0.486679;-5.927797;-0.023225;-0.508501;-0.599793
4.587380;-0.084313;-6.069454;-0.119503;0.356539;-1.078139
4.756194;-0.070193;-6.003401;0.066046;0.661681;-0.894587
4.771010;0.054798;-6.101161;0.104245;0.378226;-0.656865
4.976768;0.830636;-6.038688;-0.556306;0.821606;-0.819651
4.901376;0.780824;-6.077783;-0.696061;0.768191;-0.522136
4.639935;-0.284096;-6.114715;-0.161077;-0.826658;-0.384229
4.753288;-1.081672;-5.828432;0.379656;-1.721235;0.149582
4.577589;-1.466161;-5.615550;0.534506;-2.323638;0.250383
4.478123;-1.479651;-5.613916;0.186735;-2.461582;0.244107
4.349990;-1.316686;-5.752994;0.109541;-1.582460;-0.093329
4.358099;-1.483524;-5.631134;0.202666;-2.333471;0.267335
4.538231;-1.720706;-5.683089;0.500680;-2.319648;0.382202
4.666487;-1.589076;-5.571198;0.517224;-2.690463;0.842519
4.538565;-1.159931;-5.691115;0.091787;-1.980879;0.419139
4.462253;-1.255800;-5.620435;0.207867;-2.298276;0.609114
4.452445;-1.330519;-5.568475;0.216372;-2.559770;0.546347
4.537464;-0.947945;-5.941888;0.265976;-1.383965;0.179951
4.565016;-1.351248;-5.857610;0.498858;-2.465109;0.750363
4.539797;-1.524837;-5.617888;0.222563;-3.144804;0.555253
4.581622;0.150277;-5.886882;-0.118668;-2.099313;4.754195
4.648081;0.656045;-5.855823;-0.405803;-0.973757;3.883264
5.427575;1.452237;-5.775784;-0.129999;-2.968313;6.456909
5.430404;2.002296;-5.741044;-0.549622;-2.327279;5.151558
5.016798;0.229900;-5.619824;-0.550711;-1.854051;2.007312
4.697784;-0.755056;-5.745566;-0.071668;-2.296783;1.969093
4.438728;0.079655;-6.325145;-0.055887;-0.365830;-0.837487
4.513036;0.798056;-6.550940;-0.104210;1.279367;-1.410265
4.711614;0.165420;-6.403304;0.148099;-0.009098;-0.626268
4.420724;-0.443966;-6.112090;-0.026374;-0.700687;-0.482883
4.471660;-0.010271;-6.218312;-0.249825;-0.292238;-0.685946
4.575084;0.214143;-6.282447;-0.259253;-0.143800;-0.707886
4.522054;-0.247091;-6.247038;0.256078;0.127735;-0.499462
4.385790;-0.139993;-6.343047;0.217434;0.805264;-1.230763
4.811387;1.686004;-6.830090;-0.506930;-0.217632;-0.523131
4.820369;1.977305;-6.837021;-0.601861;-0.444241;-0.167594
4.862004;2.485090;-7.347796;-0.187869;-0.363091;-0.200475
5.243987;2.979348;-7.480578;-0.182632;-0.904307;0.320485
4.591245;1.252636;-6.686158;-0.194984;0.512820;-0.847554
4.483934;0.353384;-6.581354;-0.205354;-0.111356;-0.935552
4.517423;0.119623;-6.467151;-0.139049;-0.804486;-0.603800
4.606337;0.273343;-6.385613;-0.177154;-0.835261;-0.498439
4.900393;1.692517;-6.850997;-0.242984;0.175047;-0.684823
4.962736;1.816787;-6.951269;-0.217095;0.082062;-0.476573
4.602303;-0.012150;-6.299199;0.091513;-1.788878;0.741371
4.285952;-1.296477;-5.776278;0.134064;-2.382828;0.109094
4.217923;-0.891985;-5.849390;0.025152;-1.537479;-0.136735
4.230387;-0.652378;-5.836743;0.238535;-0.789898;0.305488
4.292065;-0.595952;-5.842369;0.203433;-0.946540;0.856250
4.243493;-0.821081;-5.950403;0.016364;-1.803578;-0.007079
4.106938;-1.002801;-5.925060;0.123373;-2.061786;0.008356
4.244190;-1.514314;-5.640157;0.223870;-3.416004;0.786688
4.233675;-1.672842;-5.562257;0.472726;-2.541458;0.346260
4.173783;-1.551446;-5.637351;0.473225;-2.300488;0.521725
4.157138;-1.130001;-5.680611;0.089677;-2.443993;1.044336
4.417114;-0.491294;-5.899509;-0.235095;-1.538195;0.434294
4.491006;-0.704508;-5.870169;-0.112673;-2.051015;-0.010658
4.318056;-0.958638;-6.001742;0.391999;-1.582208;0.177877
4.276598;-0.858014;-6.184398;0.230244;-0.811594;-0.664093
4.172871;-0.818255;-6.049372;-0.084787;-1.580145;-0.224108
4.137764;-0.702132;-6.065151;-0.120174;-1.437057;-0.133190
4.230722;-0.729115;-6.107078;-0.137969;-1.348283;0.206910
4.381983;-1.077327;-5.998656;0.250180;-1.765215;0.848600
4.330717;-1.482932;-5.842160;0.530660;-3.236797;1.144801
4.142313;-0.858990;-5.996939;-0.036335;-2.201020;0.471468
4.300866;0.344123;-6.447739;-0.306167;-0.492998;-0.525629
4.352565;0.593980;-6.556670;-0.314769;-0.588972;-0.598415
4.183315;-0.523576;-6.303001;0.212145;-0.772843;-0.363313
4.272967;-0.825585;-6.023768;0.299024;-1.345860;0.427875
4.086656;-0.626513;-6.118541;-0.135662;-1.015644;-0.066242
4.193090;-0.870538;-5.945174;-0.038255;-1.656954;0.028838
4.092890;-1.217815;-5.811741;0.041129;-1.920882;-0.094758
4.095884;-1.355301;-5.749961;0.466017;-2.423580;0.518689
4.203743;-0.715115;-6.085082;0.149120;0.052882;-0.779394
4.153062;-0.146382;-6.331730;-0.127352;-0.402505;-0.716506
4.189292;-0.142772;-6.238620;-0.186924;-0.311273;-0.274411
4.362482;-0.498742;-6.203738;-0.128892;-0.671100;-0.625228
4.618835;0.867868;-6.804693;0.019227;0.258926;-0.545228
4.576189;1.294246;-6.727062;-0.041914;0.135194;-0.374957
4.213868;0.280636;-6.377191;-0.271900;0.133082;-0.823463
6.629612;12.548796;-7.271164;-3.544656;-7.241714;12.350919
7.976851;-1.585626;2.438237;0.572825;-3.243179;6.970968
7.987616;-1.473327;2.453766;0.554818;-2.847847;6.707632
7.821758;-2.403688;2.093480;0.263496;-0.920038;-0.623712
7.910650;-2.491816;2.209099;0.334456;-2.019942;0.277919
7.758715;-2.476444;2.252452;0.347850;-1.750104;-0.118110
7.721878;-2.316791;2.078386;0.525487;-0.255128;-0.506178
7.696194;-2.339809;2.147156;0.502187;-0.429273;-0.416233
7.710316;-2.365517;2.187337;0.306219;-1.613663;-0.048712
8.025768;-2.047133;2.157256;0.276027;-0.341246;-0.689885
7.998679;-2.247719;2.194355;0.258058;-0.512694;-0.814753
8.115665;-2.785924;2.363926;0.735615;-1.835645;-0.099900
8.182206;-2.870986;2.423174;0.901247;-2.645693;0.317062
7.939303;-2.641496;2.297860;0.457934;-1.980060;-0.336658
7.842154;-2.754027;2.265877;0.522789;-2.175691;-0.285098
7.835470;-2.463620;2.429371;0.541454;-3.971292;5.433443
8.232542;1.732284;1.998128;-0.036814;2.946559;0.501899
7.205986;2.122206;1.461462;-0.462994;3.311302;0.460231
6.793261;4.349685;1.125073;-0.857772;3.654469;3.414927
6.993119;4.925399;1.266018;-1.015795;4.634734;2.376121
6.750598;1.314853;1.257612;-0.406240;1.796652;1.336688
6.512866;-0.424982;1.260122;0.083227;1.528607;-0.094646
6.491557;0.691687;0.999209;-0.028475;3.747664;-1.573610
5.965330;0.143366;0.669609;-0.162105;2.914318;-1.659543
5.996041;-0.080654;0.843262;-0.225658;2.178927;-0.911355
7.158299;2.141354;1.507204;-0.665933;3.751140;-1.757740
7.625783;-0.332722;1.792370;0.113391;1.821640;0.993391
7.436895;-2.417850;1.986891;0.635290;-1.277128;-0.120127
7.463630;-2.286639;1.960659;0.388013;-1.333421;-0.387096
7.730599;-2.447972;2.146381;0.471990;-1.745847;-0.535949
7.434429;-2.204275;2.071636;0.283849;-1.115099;-0.289328
7.561786;-2.292241;2.045895;0.544087;-1.239292;0.244781
7.802990;-1.824253;1.963993;0.317899;1.269985;-1.177648
7.728307;-1.959860;1.929733;0.140563;0.283588;-0.704026
7.974155;-2.453588;2.147262;0.345117;-1.536409;-0.314727
8.482146;7.076338;1.096096;0.990518;1.521406;6.778288
10.041663;17.517605;1.604358;-0.758397;10.334637;3.213862
10.843120;15.533655;3.292122;-1.236844;7.892692;5.962592
10.085929;3.199312;4.571412;-1.394882;4.669594;2.012348
9.909379;1.062247;4.384186;-1.115234;4.024123;-0.215958
9.771453;3.156386;4.300913;-1.984043;6.207896;-1.221512
8.801290;0.096033;3.676093;-0.307226;4.242707;-2.053215
8.740470;-0.843741;3.739187;-0.172782;3.856420;-2.150626
14.492013;60.266726;3.494605;15.930528;-2.434486;29.070251
11.994637;117.933832;1.554667;55.526949;-8.793434;-9.858462
-4.777374;21.343570;-5.213218;-2.418846;6.407827;3.911304
-3.750902;20.579621;-5.355539;-2.111948;8.886863;2.718375
0.186667;53.644221;-3.261211;-20.550495;-10.062262;5.536929
14.372075;50.952091;7.424699;-52.206857;0.637654;1.295321
16.571521;31.238761;8.517655;-22.292949;21.866349;10.969311
12.004505;10.537744;7.316075;-8.108935;12.010480;5.459549
8.601664;1.638174;5.794645;-0.608805;4.241851;-0.392422
9.245753;5.902831;5.673242;-2.389918;6.815094;0.855403
10.350982;7.990925;6.119022;-5.361039;8.593836;3.076301
11.045608;5.695115;6.561726;-6.655834;9.188184;2.047077
10.970341;2.260160;6.535771;-3.847599;4.796882;3.526903
10.312616;-0.059503;5.891538;-1.147690;4.367031;-1.651136
9.366344;-1.621101;5.653655;-0.279104;1.440163;-1.243348
9.489735;-1.493018;5.718316;-0.396910;1.756823;-1.149534
9.731864;-2.305477;5.977747;-0.206855;0.373189;-1.151613
10.146282;-2.723188;5.988387;0.353487;-0.283239;-0.479784
10.140592;-3.000772;6.016156;0.595326;-1.467650;0.032180
10.049811;-2.550228;5.825950;0.066450;0.210910;-1.028110
10.241725;-2.253277;5.863026;-0.097339;0.391938;-0.604541
10.351522;-2.130805;5.862472;-0.400442;1.299004;-1.524865
10.437692;-2.460307;5.854884;0.219618;0.734178;-0.858989
10.477822;-2.578537;5.867812;0.278706;0.054200;-0.623353
10.531771;-2.462079;5.894538;0.063808;-0.354760;0.096207
8.814862;10.233357;5.670043;-23.691238;-16.805951;-5.712771
-1.426356;-0.653632;-4.617994;0.410991;-1.190863;0.392881
-1.426696;-0.722882;-4.620563;0.011425;-1.052413;-0.152403
-1.314380;-0.521314;-4.730924;0.049374;-0.589630;-0.521782
-1.399789;-0.416535;-4.739943;-0.039865;-0.360685;-0.636824
-1.250830;-0.902494;-4.611341;0.356245;-1.609788;0.187969
-1.275246;-0.746898;-4.872834;0.414371;-1.124304;0.063696
-1.342695;-0.597186;-4.953902;0.091364;-1.158578;-0.045703
-1.367914;-0.665326;-5.091399;0.109063;-0.820122;-0.614878
-1.157385;-0.209549;-4.976818;-0.053162;-0.963537;0.760202
-1.210587;-0.264207;-5.089210;0.183712;-0.283136;0.262123
-1.275430;-0.483272;-5.295634;0.293089;-0.262901;-0.082029
-1.250609;-0.678829;-5.393052;0.069910;-0.876380;-0.267453
-1.476609;-0.678775;-5.324826;-0.010247;-1.049798;-0.370993
-1.519408;-0.506582;-5.321239;-0.054706;-0.609029;-0.434685
-1.481881;-0.405828;-5.392108;0.228863;-0.061603;-0.085617
-1.477751;-0.327408;-5.568598;0.279219;0.560297;-0.750247
-1.480138;-0.024151;-5.479649;-0.179545;0.264998;-0.368018
-1.500603;-0.037731;-5.494750;-0.196786;0.601910;-0.909441
-1.514256;-0.244267;-5.450668;-0.096105;0.095132;-0.713289
-1.483044;-0.440919;-5.288431;0.191613;-0.324171;0.042440
-1.419907;-0.307772;-5.329030;0.177127;-0.253275;0.155259
-1.549254;0.018207;-5.369197;-0.152702;-0.061196;-0.227814
-1.618368;0.252428;-5.636475;-0.245146;1.103082;-0.957655
-1.570827;0.116622;-5.617781;-0.223377;0.968762;-1.048689
-1.362666;-0.071572;-5.797789;0.153909;1.384667;-1.212780
-1.431253;-0.421146;-5.616206;0.289848;-0.234678;-0.567402
-1.645404;-0.442000;-5.587505;-0.042689;-0.625710;-0.363996
-1.498264;-0.151601;-5.666884;-0.135276;0.571902;-1.031011
-1.493157;-0.072770;-5.679550;-0.162185;0.591156;-1.033064
-1.575124;-0.068098;-5.632474;0.017217;0.714124;-0.696508
-1.602418;0.125787;-5.673399;0.036319;0.906823;-0.847247
-1.665973;0.255694;-5.692236;-0.258180;0.718722;-0.924576
-1.699302;0.578032;-5.698391;-0.323530;1.415482;-1.455501
-1.703555;0.887045;-5.688947;-0.365456;1.872114;-1.396828
-1.556074;0.417047;-5.758578;0.009161;1.647224;-1.011981
-1.587730;0.222253;-5.947542;0.095662;1.704959;-1.146482
-1.662260;0.786877;-5.979393;-0.319860;2.749080;-1.888101
-1.960619;0.257856;-5.814177;-0.353794;1.260969;-1.305091
-1.892836;-0.100178;-5.676597;-0.185961;-0.354832;-0.600183
-1.789096;-0.389017;-5.843875;0.144487;-0.001585;-0.692611
-1.766297;-0.147993;-6.025018;0.125149;0.933718;-1.164395
-1.559361;0.182533;-6.044476;-0.283015;0.929570;-0.480048
-1.634957;0.215734;-5.888365;-0.263905;0.769760;-0.849383
-1.826573;0.590248;-6.045390;-0.211955;1.241635;-0.637088
-1.856962;0.180462;-6.039574;0.052266;0.705034;-0.113969
-1.823951;-0.023575;-5.963058;0.038243;1.000177;-1.230519
-1.893640;0.008077;-5.921802;-0.134553;0.081873;-0.715207
-2.002409;-0.025850;-5.950082;-0.240193;0.371955;-0.696574
-1.686976;0.223571;-6.036243;-0.176286;1.002335;-1.051427
-1.630610;-0.024235;-6.013103;0.138859;0.922447;-0.887240
-1.753233;-0.034396;-5.946319;0.027213;0.815757;-0.686342
-1.646534;0.330700;-5.791150;-0.302463;0.228680;0.257321
-1.580937;0.177644;-5.753443;-0.300804;0.394408;0.367649
-1.595353;-0.110790;-5.843593;-0.210582;0.351415;-0.935293
-1.582557;-0.075688;-5.922825;0.089125;0.631281;-0.952964
-1.496235;-0.251802;-5.922240;0.228778;-0.947479;1.011731
-1.636958;-0.130446;-5.836695;-0.207605;-0.678776;0.370260
-1.736656;-0.078800;-5.796661;-0.227175;-0.059048;-0.799183
-1.708042;-0.360649;-5.762651;-0.062978;-0.973657;-0.173668
-1.616428;-0.440820;-5.908042;0.153605;-0.291285;-0.378436
-1.665609;-0.456538;-5.992317;0.117905;-0.123466;-0.586865
-1.680197;-0.388464;-5.975126;-0.007642;-1.141235;-0.111304
-1.658244;-0.391867;-5.992221;-0.050049;-0.956935;-0.069305
-1.593441;-0.175410;-6.064120;-0.172701;0.242973;-0.527412
-1.603044;-0.212002;-5.985853;0.087910;0.690578;-0.701240
-1.749884;-0.017194;-5.837677;0.061316;0.746152;-0.521354
-1.798485;0.228640;-6.014963;-0.288114;0.946872;-1.308157
-1.631437;0.215869;-6.029294;-0.180771;0.340658;-0.809488
-1.602293;-0.062238;-5.900147;-0.210320;-0.218021;-0.104052
-1.500731;-0.483065;-5.683195;0.210358;-1.227834;0.440326
-1.554652;-0.133796;-5.792148;0.031110;0.095633;-0.403657
-1.570410;-0.018663;-5.729391;-0.223057;-0.163019;-0.195633
-1.594990;-0.355604;-5.763379;-0.080981;-0.985277;-0.280741
-1.654485;-0.285702;-5.773589;-0.068167;-0.969776;0.020071
-1.609302;-0.162571;-5.894776;0.113335;-0.104510;0.026171
-1.439541;0.087286;-5.929816;-0.000851;0.055774;0.086134
-1.296295;0.724904;-5.927859;-0.380817;0.299030;0.225520
-1.372401;0.738508;-5.953447;-0.396795;0.307506;0.495181
-1.560998;0.197379;-5.924542;-0.227710;0.613843;-0.911657
-1.219709;-0.178708;-5.876646;0.105586;-0.336624;0.401158
-1.290707;-0.369337;-5.795773;0.150980;-0.843180;0.462887
-1.579968;-0.129571;-5.850738;-0.194390;-0.138991;-0.699443
-1.585433;0.459568;-5.952718;-0.284068;0.901661;-0.933032
-1.588272;0.581095;-5.832955;-0.329190;0.260759;-0.102731
-1.374108;0.957122;-6.156604;0.025927;1.513416;-0.473465
-1.368001;1.519953;-6.215868;-0.068449;2.454883;-0.978540
-1.138181;2.657607;-6.382883;-0.410009;3.266000;-1.137340
-1.119411;2.314684;-6.404718;-0.368716;3.221573;-1.450524
-1.296183;1.963759;-5.640566;-0.582248;0.993740;0.519606
-1.101611;2.824306;-5.658538;-0.496328;2.376459;-0.017489
-0.966027;2.897909;-5.789347;-1.445427;1.541249;-0.607145
-0.443319;10.085927;-5.212235;-6.628993;0.677736;-1.080307
-0.530973;4.606752;-5.729117;-0.332525;3.844788;-0.539197
-0.788335;1.877050;-5.467237;-0.167694;1.034141;1.436686
-1.133466;0.683208;-5.750249;-0.319453;1.248081;-1.283836
-1.124483;0.313513;-5.880201;-0.331527;0.458896;-0.928936
-1.060075;0.415722;-5.817568;-0.293784;0.750591;-0.834148
-0.940635;0.291284;-5.626302;-0.077995;-0.018261;0.822498
-0.850595;0.850683;-5.559143;-0.303944;1.642343;0.159131
-0.349916;1.361031;-5.642651;-0.608321;0.641128;1.248092
0.075673;3.158445;-5.346825;-0.835863;2.215851;0.910990
0.135588;2.311988;-5.376080;-0.670836;0.382723;3.261287
-0.420228;0.580798;-5.603672;-0.059492;0.696126;-0.257695
-0.465352;-0.106454;-5.516501;-0.013609;0.233144;-0.472189
-0.388038;-0.005813;-5.501794;-0.249096;-0.024129;-0.150994
-0.334073;0.347674;-5.577119;-0.227516;0.514032;-0.460413
-0.473213;0.196075;-5.615306;-0.268729;0.821173;-1.025317
-0.403838;0.760829;-5.711940;-0.127762;1.697952;-0.295173
-0.232818;0.761029;-5.878079;-0.107385;1.423871;-0.705959
-0.170967;0.442733;-5.848265;-0.266443;0.529024;-0.370444
0.460640;18.504984;-4.178843;-10.111773;-3.820946;5.319755
1.233478;1.909726;-0.663053;-0.101066;1.710152;1.574171
1.206942;2.002503;-0.629433;0.050881;1.692532;1.073376
1.349046;0.904508;-0.557268;0.066983;-0.852617;3.809711
0.936424;-1.315857;-0.552927;0.372266;-1.146241;-0.542908
0.924199;-1.499097;-0.545138;0.467608;-1.785284;-0.306930
0.837675;-1.711455;-0.589441;0.843740;-1.558885;-0.318350
0.936439;-1.803225;-0.459690;0.929960;-2.665924;0.567622
0.900369;-1.682174;-0.465097;0.593637;-2.761905;0.535062
0.962433;-1.642096;-0.563163;0.570922;-2.487532;0.530306
0.858765;-1.190819;-0.591590;0.254125;-0.923102;-0.373157
0.938674;-1.353874;-0.616542;0.598667;-0.790080;-0.156626
0.932318;-1.791129;-0.534725;0.908538;-2.323134;0.397282
0.775825;-1.648181;-0.496996;0.585281;-2.435149;0.269368
0.806649;-1.220611;-0.646923;0.413375;-1.257272;-0.238149
0.792358;-0.616469;-0.762222;0.112097;0.413645;-0.956871
0.839014;-0.042738;-0.709259;0.185853;1.415417;-1.163876
0.858680;-0.472871;-0.684782;0.298788;0.393509;-0.275810
0.732698;-0.998044;-0.719294;0.280542;-0.951979;-0.235937
0.689613;-0.886791;-0.774851;0.256808;-0.932696;-0.400056
0.661065;-0.883172;-0.902111;0.250260;-0.223635;-1.005884
0.745505;-1.228829;-0.821807;0.745970;-0.989726;-0.049461
0.853353;-1.500736;-0.763941;0.763051;-1.309313;0.029106
0.754285;-1.474982;-0.632121;0.379334;-1.897197;0.183798
0.730819;-1.464981;-0.588816;0.370814;-2.020577;0.450430
0.728173;-1.545170;-0.643127;0.480060;-2.144279;0.184387
0.771557;-1.706376;-0.609734;0.825664;-1.946419;0.217739
0.708769;-1.624425;-0.621696;0.712124;-0.997518;-0.339894
0.833645;-1.552530;-0.659210;0.474306;-1.768591;-0.002337
0.804924;-1.623475;-0.577194;0.424162;-1.776345;-0.024679
0.830007;-1.543550;-0.556543;0.470763;-2.164859;0.837397
0.984416;-1.625159;-0.701584;0.680118;-1.362095;0.294740
0.913987;-1.613950;-0.737345;0.710346;-1.043408;-0.006796
0.849355;-1.519968;-0.660140;0.511360;-2.014291;0.092874
0.860080;-1.500228;-0.679201;0.485184;-1.943493;0.086301
0.869192;-1.402609;-0.656371;0.471628;-1.948742;0.671080
0.974313;-1.775088;-0.560436;0.871015;-2.729590;1.311590
0.891258;-1.809875;-0.593643;0.899505;-2.692333;0.920335
0.847540;-1.522647;-0.651948;0.446299;-1.725479;0.100461
0.818868;-1.414696;-0.687041;0.430054;-1.457624;-0.106823
0.745463;-1.430712;-0.696598;0.393251;-1.047407;-0.539543
0.913451;-1.697205;-0.653141;0.795492;-1.677313;0.130911
0.913143;-1.831779;-0.559506;0.865819;-2.363350;0.369196
0.930759;-1.259116;-0.525160;0.183777;-2.707777;3.220172
0.957124;-1.164377;-0.534014;0.161670;-2.410249;3.158036
0.973366;-1.524074;-0.564439;0.339445;-1.394347;-0.282978
0.919908;-1.620787;-0.722633;0.715142;-1.222117;-0.134871
0.926456;-1.413241;-0.768097;0.693047;-0.764506;-0.399605
0.843755;-1.171921;-0.809357;0.315865;-0.474396;-0.663332
0.866552;-1.490761;-0.761898;0.496792;-1.698834;-0.144029
0.808889;-1.517089;-0.551226;0.575291;-2.571784;0.476230
0.877178;-1.622611;-0.526688;0.814248;-2.125757;0.784980
0.901922;-1.712869;-0.609671;0.773556;-1.542741;-0.223933
0.852303;-1.155769;-0.483192;0.292507;-2.284348;1.868195
0.856488;-1.316207;-0.459010;0.301497;-2.430952;1.526857
0.824480;-1.613775;-0.704552;0.522314;-2.349575;0.311747
0.888424;-1.549654;-0.859984;0.759975;-1.279223;0.016426
1.276460;-0.818706;-0.649224;0.203337;-1.863808;4.917492
1.275860;-0.809586;-0.520507;-0.078107;-3.099007;6.057833
0.823667;-1.181563;-0.641132;0.136545;-1.807794;2.369237
0.693500;-1.321846;-0.872806;0.376147;-0.562513;-1.034903
0.911703;-1.536743;-0.813972;0.722790;-0.914116;-0.587458
1.013851;-1.536464;-0.789292;0.698506;-1.195830;-0.191255
0.949128;-1.330577;-0.816356;0.469832;-1.543130;-0.315916
0.937981;-1.447912;-0.752842;0.490607;-2.008337;-0.047528
0.879199;-1.336869;-0.688486;0.406088;-1.588848;0.182134
0.767668;-1.057637;-0.867087;0.568780;0.381443;-0.211968
0.733584;-1.004249;-0.846626;0.494018;0.824082;-0.509719
0.852404;-1.399816;-0.683831;0.327928;-0.838733;-0.412717
0.798829;-1.325147;-0.771049;0.249283;-0.620963;-0.511560
0.827326;-1.107138;-0.741576;0.237309;-0.189018;-0.817321
0.813990;-1.249880;-0.675125;0.535805;0.134167;-0.758050
0.877249;-1.541804;-0.641379;0.697916;-1.365356;0.300240
0.869051;-1.414073;-0.647815;0.353732;-1.431758;0.227214
0.962116;-1.301162;-0.680791;0.280318;-1.162368;0.035526
0.879330;-1.438090;-0.611118;0.390620;-1.939182;0.325544
0.813974;-1.506907;-0.651816;0.662067;-1.269425;-0.204653
0.920305;-1.545751;-0.675152;0.695746;-1.265379;0.006626
0.860070;-1.392286;-0.819085;0.403974;-1.138774;-0.160876
0.842877;-1.382975;-0.834091;0.486249;-1.271088;-0.275452
0.830740;-1.458837;-0.761534;0.484148;-1.445829;-0.133378
0.874770;-1.630905;-0.663086;0.736325;-1.427097;0.217953
0.753780;-1.496321;-0.699545;0.638188;-0.970803;-0.010493
0.724244;-1.160343;-0.846412;0.271979;-0.293420;-0.887155
0.813589;-1.157303;-0.807423;0.322885;-0.674292;-0.620603
0.681245;-1.272031;-0.761277;0.276262;-0.702709;-0.558165
0.816437;-1.540619;-0.687213;0.711471;-1.365668;0.337320
0.866473;-1.760445;-0.743750;0.896215;-2.243600;0.694114
0.836711;-1.515603;-0.845548;0.423821;-1.386284;-0.253646
1.085235;-1.094889;-0.728929;0.304519;-2.309923;2.419613
1.123224;-1.133839;-0.670399;0.348059;-2.240943;2.137841
0.860554;-1.364146;-0.858227;0.571887;-0.281910;-0.698081
0.860172;-1.583463;-0.812132;0.607073;-0.821263;-0.440131
0.797800;-1.423775;-0.776895;0.352533;-1.459395;-0.106835
0.795691;-1.280612;-0.772310;0.269810;-0.868274;-0.375783
0.809119;-1.305494;-0.784188;0.321405;-0.989372;-0.163508
0.800397;-1.278760;-0.924325;0.533787;0.006143;-0.574843
0.888772;-1.429804;-0.813155;0.687721;-0.973945;-0.135240
0.801743;-1.313580;-0.845625;0.438876;-1.214621;-0.165332
0.836783;-1.341492;-0.850123;0.422098;-1.085082;-0.396247
0.806460;-1.371974;-0.790181;0.332672;-0.914400;-0.585259
0.814931;-1.431350;-0.744573;0.559759;-0.815108;-0.045648
0.851694;-1.530738;-0.770336;0.564370;-1.217925;0.120415
0.819869;-1.461510;-0.773716;0.427161;-1.904568;-0.091618
0.789949;-1.529976;-0.709815;0.364833;-1.615774;-0.454844
0.800475;-1.346449;-0.702014;0.329221;-1.291333;-0.546607
1.014389;-1.092051;-0.680768;0.516831;-1.082908;0.631464
0.992810;-1.249081;-0.691219;0.503933;-1.392778;0.793224
0.781707;-1.305603;-0.867481;0.295850;-1.214115;0.108397
0.822478;-1.412940;-0.836887;0.490463;-1.935243;0.380049
0.830035;-1.504567;-0.829849;0.480745;-1.927881;-0.033090
0.789799;-1.544344;-0.832348;0.665674;-1.155196;0.010378
0.058873;8.287624;-0.456886;-15.655112;-10.788167;-2.374472
-5.513675;-0.716517;5.478200;0.591398;-0.619301;0.367558
-5.611132;-0.726946;5.438388;0.232736;-0.849157;0.195276
-5.580135;-0.713443;5.365662;0.217879;-0.785609;-0.077695
-5.499020;-0.998050;5.397566;0.311994;-1.768387;0.412453
-5.566672;-1.110183;5.487115;0.595068;-2.077593;1.050958
-5.679275;-0.939107;5.363520;0.526337;-0.916336;0.180616
-5.551571;-0.459356;5.182006;0.159249;-0.142782;-0.098006
-5.483240;-0.078022;5.059807;0.112648;1.278667;-0.850156
-5.466993;0.411140;4.929297;-0.017568;1.660681;-0.358476
-5.563411;0.297493;4.761161;0.266392;1.729763;-0.448523
-5.564178;-0.095032;4.729837;0.356664;1.129461;-0.555469
-5.776233;-0.492931;4.794517;0.163641;-0.533740;-0.403360
-5.634650;-0.499816;4.604015;0.182859;0.192744;-0.752182
-5.637378;-0.750848;4.680128;0.338028;-1.074598;-0.015382
-5.786960;-1.062695;4.969314;0.644212;-2.119365;0.762256
-5.835394;-1.064490;4.988168;0.642553;-2.231710;0.807642
-5.839347;-0.675158;4.770811;0.253341;-1.314715;0.519568
-5.772800;-0.830742;4.660022;0.414799;-1.467303;0.131420
-5.729904;-0.695399;4.690848;0.387900;-1.270142;0.276753
-5.640567;-0.798376;4.733610;0.568562;-0.884966;0.666909
-5.707048;-0.755460;4.705078;0.576590;-0.876717;0.689306
-5.779987;-0.686319;4.731122;0.298094;-0.992671;0.431821
-5.786205;-0.389564;4.657197;0.086470;0.840428;-1.041060
-5.641943;-0.523979;4.973822;0.160629;-0.216722;-0.403978
-5.555365;-1.072161;5.349157;0.636815;-2.533908;1.328282
-5.650416;-0.914628;5.161569;0.553628;-1.250034;0.530480
-5.583776;-0.640919;4.986205;0.287613;-1.109092;0.390819
-5.616271;-0.419955;4.933860;0.227682;-0.297279;-0.179988
-5.745847;-0.132714;4.733544;0.254849;0.367185;0.262718
-5.625864;0.446735;4.423926;0.298205;2.599512;-1.408711
-5.972184;0.140949;4.542302;0.243739;1.807775;-0.747752
-5.796580;-0.497540;4.892791;0.243965;-1.266555;0.576364
-5.792119;-0.526270;4.821030;0.175331;-0.419649;-0.142589
-5.742046;-0.553776;4.796549;0.134816;-0.366280;-0.395579
-5.759302;-0.899045;4.986284;0.582542;-1.342932;0.597737
-5.667357;-1.134477;5.139286;0.662641;-2.247646;0.820782
-5.727545;-0.795363;5.150574;0.330078;-1.722058;0.321759
-5.718175;-1.026910;5.094484;0.318321;-2.032998;0.466000
-5.598252;-0.893721;5.068838;0.286809;-1.441128;0.116112
-5.653606;-0.802363;5.073259;0.557988;-0.689460;-0.113982
-5.719638;-0.639948;5.097985;0.568679;-1.199274;0.746419
-5.728474;-0.090379;4.942239;0.013392;0.588526;-0.477879
-5.743861;-0.097370;5.020421;0.036020;0.428021;-0.644259
-5.814125;-0.389766;4.944165;0.082675;0.197798;-0.787677
-5.735710;-0.603986;4.948043;0.483789;0.510569;-0.889467
-5.579207;-0.758174;5.000223;0.652048;-1.196039;0.491047
-5.651757;-0.556338;4.959929;0.264760;-0.942311;0.100719
-5.617868;-0.466675;4.992660;0.123602;-0.471537;-0.081520
-5.643125;-0.499171;5.015281;0.125187;-0.467702;-0.141173
-5.607758;-0.829199;5.085190;0.663525;-1.126774;0.208671
-5.619407;-0.992743;5.259433;0.652063;-1.688205;0.391439
-5.674380;-0.683767;5.203570;0.257859;-1.143605;-0.114660
-5.742424;-0.588333;5.160483;0.204559;-0.551387;-0.349452
-5.827527;-0.617135;5.193221;0.157007;-1.030898;0.266773
-5.709565;-0.722173;5.002580;0.488354;-0.584189;0.274018
-5.684537;-0.923240;5.092892;0.623232;-1.403922;0.658323
-5.877675;-0.697299;5.037488;0.254684;-0.834378;0.110317
-5.871218;-0.409595;5.055385;0.148766;-0.658720;0.419920
-5.855944;-0.163550;4.886650;-0.034609;1.012588;-0.757953
-5.689671;-0.352430;4.999029;0.387557;0.834020;-0.745378
-5.690395;-0.615792;5.255417;0.382290;-0.498904;-0.053598
-5.687347;-0.429705;5.214905;0.158316;-0.613932;0.233416
-5.710904;-0.811242;5.345590;0.265592;-1.286088;0.378428
-5.404268;-0.646812;5.191623;0.289460;-0.688937;-0.216502
-5.486556;-0.770147;5.371213;0.553359;-0.671585;0.106745
-5.746053;-1.079127;5.574247;0.520180;-1.525082;0.438118
-5.663848;-1.015899;5.681799;0.375715;-2.833068;0.955678
-5.610657;-0.804609;5.647090;0.280761;-1.954358;0.658353
-5.754732;-0.364354;5.509777;0.101535;-0.554865;0.165321
-5.636809;-0.209999;5.593591;0.275969;0.617341;-0.096394
-5.682315;-0.655154;5.858887;0.464097;-1.430175;1.222846
-5.521429;-0.584089;5.879852;0.033359;-1.766255;1.079855
-5.552209;-0.406808;5.859996;0.098668;-1.418407;0.874646
-5.499601;-0.549874;5.439534;0.193417;-0.477945;-0.242122
-5.636449;-0.776448;5.629788;0.548500;-1.422285;0.725097
-5.581470;-0.667131;5.572363;0.503482;-1.040484;0.545817
-5.533336;-0.586142;5.586096;0.164972;-1.367384;0.943824
-5.558808;-0.499362;5.618010;0.170382;-1.085935;1.171358
-5.565537;-0.603939;5.626562;0.246466;-1.522919;1.321107
-5.524701;-0.964674;5.672970;0.571034;-1.569115;0.540774
-5.508799;-0.876818;5.618549;0.563555;-1.318067;0.662558
-5.573445;-0.783914;5.498228;0.257801;-0.919503;-0.047653
-5.684905;-0.549943;5.525689;0.215958;-0.570196;0.060016
-5.602630;-0.722005;5.565877;0.366351;-1.927152;1.179267
-5.550157;-1.007576;5.706500;0.590324;-1.822083;1.000162
-5.529547;-1.020631;5.687967;0.571116;-1.798480;0.701275
-5.674026;-0.891743;5.468828;0.338084;-2.038798;0.828804
-5.670091;-0.647519;5.458064;0.253496;-0.499791;-0.327698
-5.607951;-0.678046;5.466699;0.269782;-0.142205;-0.466222
-5.437604;-1.032467;5.649975;0.707913;-1.520801;0.322275
-5.460700;-0.866401;5.471773;0.581767;-1.537464;0.922063
-5.558519;-0.765573;5.493106;0.338298;-1.526848;0.138846
-5.562415;-0.733715;5.492347;0.364108;-1.388976;0.023148
-5.613511;-0.815904;5.507000;0.405144;-1.858372;0.643732
-5.620702;-0.860604;5.479272;0.536600;-1.116214;0.618838
-5.730584;-0.370856;5.422007;0.313093;0.648445;-0.505683
-5.666615;-0.417613;5.451741;0.160441;0.207956;-0.538304
-5.679673;-0.713969;5.651328;0.225860;-1.220223;0.557181
-5.714175;-0.721144;5.611872;0.210443;-1.348159;0.683573
-5.683619;-0.738359;5.626685;0.540637;-1.045151;0.658407
-5.690344;-0.781126;5.504813;0.543555;-0.852581;0.415293
-5.801045;-0.767070;5.475497;0.272967;-1.333274;-0.021837
-5.817553;-0.801160;5.444486;0.312226;-1.929879;0.844662
-5.529092;-0.960184;5.413244;0.463623;-2.306449;0.742489
-5.384946;-0.180281;5.378269;0.477971;-0.128202;1.602890
-5.433233;-0.474757;5.729640;0.442970;-1.134309;1.774721
-5.521071;-0.651787;5.741652;0.218273;-1.598783;0.980045
-5.555821;-0.384612;5.771032;0.108263;-1.551822;1.776927
-5.607860;-0.530175;5.755329;0.220686;-2.117660;1.800105
-0.805251;-1.063328;-3.549740;0.513941;-0.945895;-0.003180
-0.904532;-0.958916;-3.614043;0.275398;-1.322516;0.006017
-0.820537;-1.085564;-3.428213;0.295820;-1.747845;0.159150
-0.869234;-0.807265;-3.576337;0.142155;-0.371362;-0.656824
-0.840369;-0.937091;-3.585245;0.538762;-0.446203;-0.419471
-0.869594;-1.014877;-3.598180;0.455552;-0.489919;-0.513490
-0.961206;-1.041254;-3.458569;0.139871;-1.354475;-0.260889
-0.880448;-0.709611;-3.664935;0.246758;-0.410320;-0.738039
-0.947044;-0.464755;-3.737462;0.124087;0.445047;-1.116054
-0.873876;-0.783690;-3.556896;0.404712;-0.320415;-0.149767
-1.117244;-0.788274;-3.503875;0.396560;-0.562240;0.162916
-1.252324;-0.856258;-3.494596;0.224808;-1.271525;0.162017
-1.056852;-1.115020;-3.586589;0.326760;-1.776678;0.179234
-1.090913;-1.130807;-3.572370;0.265133;-1.739573;0.341831
-0.972516;-1.108143;-3.607015;0.608106;-1.356181;0.531967
-1.064009;-0.997471;-3.686170;0.546693;-0.800327;-0.044419
-1.144998;-1.012965;-3.638111;0.231159;-1.376112;-0.181123
-1.227588;-0.963301;-3.688763;0.223518;-1.300144;-0.045755
-1.224120;-0.961052;-3.769179;0.291517;-1.717554;0.371727
-1.172491;-0.948229;-3.696392;0.414115;-0.968772;0.049277
-1.139046;-0.841598;-3.749417;0.451986;-0.473945;-0.578465
-1.289554;-0.757251;-3.907236;0.151864;-0.222401;-0.989513
-1.233035;-0.649640;-3.763217;0.150480;-0.418757;-0.787141
-1.255295;-0.782696;-3.812672;0.148095;-0.899913;-0.355369
-1.173191;-0.804264;-3.840190;0.481744;-0.762421;0.200807
-1.137406;-0.718514;-3.961147;0.446480;-0.064524;-0.347705
-1.241052;-0.841320;-3.861059;0.174845;-0.644371;-0.480081
-1.101022;-0.819209;-3.773134;0.235610;-1.194039;-0.054952
-1.065565;-0.871991;-3.691883;0.246018;-1.619737;0.210747
-1.036672;-1.156300;-3.712331;0.493164;-1.730396;0.352520
-1.078016;-1.202280;-3.563951;0.591757;-2.283539;0.800458
-1.218573;-0.845343;-3.761882;0.297414;-1.026546;-0.058479
-1.261503;-0.732024;-3.826989;0.236148;-0.811588;-0.066005
-1.255582;-0.676192;-3.728932;0.061610;-0.827292;0.137767
-1.244246;-0.379972;-3.953737;0.287830;0.731572;-0.857520
-1.315186;-0.433851;-4.018031;0.393857;0.637897;-0.881324
-1.389376;-0.677900;-3.850844;0.074577;-0.627430;-0.334204
-1.340080;-0.811953;-3.755926;0.156763;-1.439222;0.160422
-1.454547;-0.856022;-3.882154;0.262523;-1.179103;0.051581
-1.331765;-0.773148;-3.833424;0.528593;-0.782535;0.208854
-1.346300;-0.656717;-3.856269;0.414318;-0.573218;0.018186
-1.564904;-0.811096;-3.892590;0.191283;-1.242634;-0.207384
-1.546627;-0.499666;-3.999173;0.082771;0.141702;-0.927549
-1.629625;-0.362933;-4.101952;0.066642;0.128256;-0.732120
-1.532240;-0.724339;-4.009872;0.398001;-0.453667;-0.063908
-1.610400;-1.039983;-3.738192;0.418382;-1.490628;0.398435
-1.639760;-0.751548;-3.896132;0.172348;-1.031222;-0.212934
-1.547996;-0.549328;-4.104354;0.188500;-0.605897;-0.514878
-1.603173;-0.664260;-4.076000;0.140236;-0.657088;-0.468310
-1.540281;-0.892176;-3.792903;0.408294;-1.363422;0.576582
-1.561881;-0.766431;-3.797312;0.321257;-0.748810;0.023921
-1.671890;-0.818753;-3.838866;0.103815;-1.276909;-0.262754
-1.737172;-0.646099;-3.921853;0.089973;-0.844349;-0.304315
-1.637643;-0.354006;-3.955933;0.066132;-0.939451;0.664074
-1.559669;-0.670107;-3.951461;0.374540;-0.500176;-0.118144
-1.588772;-0.444720;-4.052205;0.445440;0.071228;0.171551
-1.682273;-0.386289;-4.027788;0.133429;-0.404745;-0.139024
-1.771418;-0.538626;-3.913742;0.067678;-0.970405;-0.099298
-1.690839;-0.597522;-3.966601;0.110946;-0.653467;-0.457198
-1.561543;-0.674894;-4.083810;0.359452;0.204998;-0.803682
-1.563729;-0.803365;-4.023126;0.452788;-0.524481;-0.082009
-1.580008;-0.682998;-4.013691;0.190221;-0.954943;-0.077226
-1.609180;-0.883418;-3.949888;0.236313;-1.567864;0.047148
-1.582251;-0.675312;-3.926452;0.104668;-1.256271;0.692396
-1.606144;-0.093604;-4.151881;0.231629;1.466096;-0.823933
-1.733656;-0.149245;-4.253607;0.260896;1.169753;-1.060223
-1.756309;-0.195238;-4.192471;0.115283;0.374664;-0.862455
-1.553773;-0.683112;-3.960455;0.265451;-1.078914;0.007649
-1.644413;-0.838504;-3.891011;0.136395;-1.173893;0.060923
-1.486780;-0.778399;-3.916732;0.408676;-0.748477;0.296692
-1.515712;-0.513445;-4.048604;0.312402;0.448372;-0.754759
-1.461582;-0.613520;-3.845520;0.108181;-0.894421;-0.209074
-1.588173;-0.521478;-3.889840;0.101727;-0.743056;-0.317369
-1.734445;-0.395768;-4.096045;-0.022549;0.359699;-0.827482
-1.691100;-0.748275;-3.815536;0.438935;-0.879065;0.098968
-1.811104;-0.825674;-3.917177;0.271879;-0.372372;-0.214057
-1.784970;-0.664349;-3.965297;-0.007286;-0.397546;-0.512292
-1.646507;-0.549126;-4.005165;0.067850;-0.581706;-0.343628
-1.575865;-0.375510;-4.027477;0.006974;0.139023;-0.680895
-1.488587;-0.686614;-3.945563;0.324060;-0.146254;-0.385929
-1.463122;-1.056022;-3.729909;0.477882;-1.844002;0.546842
-1.581985;-0.691621;-4.000300;0.200198;-1.026924;0.021066
-1.488672;-0.466857;-4.104828;0.202166;-0.284795;-0.574672
-1.581684;-0.448305;-3.996962;0.120291;0.052481;-0.819472
-1.615349;-0.588743;-3.932317;0.323121;0.467440;-1.007232
-1.327876;-0.342961;-3.941329;0.302090;-0.433496;1.555691
-1.443868;0.032069;-4.066529;-0.096358;0.811472;-0.231313
-1.540835;0.150198;-4.084113;-0.169570;1.622833;-1.472069
-1.501296;0.188152;-4.018240;-0.126452;0.769070;-0.158815
-1.499854;-0.215918;-4.091996;0.360707;0.241928;0.122237
-1.501086;-0.297367;-4.146481;0.197868;1.478967;-1.407634
-1.497036;-0.178930;-3.932982;-0.160554;1.034746;-1.315245
-1.598315;-0.111278;-3.971951;-0.261040;1.107120;-1.186325
-1.565313;-0.267466;-3.912639;-0.205174;0.228667;-1.029226
-1.524061;-0.557834;-4.034594;0.323526;0.182321;-0.635832
-1.446312;-0.630840;-3.905261;0.380451;0.130084;-0.789006
-1.528329;-0.514919;-3.938168;-0.095303;0.213576;-1.016983
-1.544648;-0.411648;-4.005613;0.046374;0.103046;-0.687728
-1.555035;-0.329776;-4.015789;0.002775;0.560289;-0.958775
-1.330061;-0.638238;-3.896406;0.395415;-0.004936;-0.553902
-1.302829;-0.872780;-3.766670;0.522890;-0.972890;-0.038823
-1.263965;-0.726967;-3.810727;0.189752;-0.769297;-0.320213
-1.191468;-0.822964;-3.762758;0.219580;-1.199934;-0.211541
-1.297113;-0.568045;-3.785347;0.118447;-0.476758;-0.316097
-1.220731;-0.714640;-3.807635;0.366328;-0.098780;-0.699131
-1.265783;-0.752333;-3.789845;0.346875;-0.370327;0.035028
-1.418711;-0.565647;-3.900883;0.156938;-0.382281;-0.487017
-1.404454;-0.483016;-3.925282;0.051664;0.136381;-0.930853
-1.274208;-0.666729;-3.676301;0.105492;-0.662138;-0.405006
-9.480368;1.665731;-1.261452;-0.442800;0.613457;1.387213
-9.626495;1.618240;-1.327674;-0.155169;1.379235;1.068386
-9.808028;0.419838;-1.112221;0.066219;0.435846;-0.318064
-9.762636;0.978001;-1.136461;-0.383532;0.783823;-0.030503
-9.768240;1.403506;-1.033809;-0.526661;1.506462;-0.209840
-9.928808;0.828083;-1.063034;-0.303621;-0.257769;1.335828
-10.005161;0.401723;-0.942840;0.037911;-0.353987;0.801523
-10.232431;0.783183;-1.070394;-0.036373;0.755044;-0.187988
-10.259495;1.369180;-1.040495;-0.393703;1.669985;-1.219259
-10.441557;0.941398;-1.055460;-0.439829;0.907785;-0.211113
-10.538431;0.381119;-1.058068;-0.134090;-0.268478;-0.220104
-10.480220;0.708285;-1.181773;0.006776;0.600373;0.141168
-10.671037;0.857521;-1.199494;-0.146517;0.768421;-0.166934
-10.669685;1.430384;-1.337621;-0.458060;2.190730;-1.160603
-10.763857;0.783903;-0.965555;-0.330016;0.645029;-0.696783
-10.716551;0.951575;-1.389472;-0.319007;1.019258;-0.198708
-10.599995;0.713335;-1.194157;0.009592;0.010522;0.788088
-10.900335;1.030822;-0.945761;-0.234518;-0.064241;1.471886
-11.134097;1.306070;-0.830766;-0.467058;0.441536;0.719231
-11.088438;0.705571;-0.884159;-0.334733;0.333511;-0.172556
-10.884269;0.440248;-0.946506;-0.252409;-0.035530;-0.362678
-10.829179;0.274461;-0.993732;0.114630;-0.518790;0.120094
-10.681923;0.919093;-1.172132;-0.009790;0.421597;-0.027582
-10.766339;1.292943;-1.330524;-0.484431;1.903200;-1.344004
-10.829008;1.015388;-1.221191;-0.358109;1.697781;-1.178585
-10.811357;0.399076;-1.075215;-0.209102;-0.376086;0.154213
-10.908311;0.773414;-0.999509;-0.222155;0.799372;0.653980
-10.942862;0.737772;-0.898776;-0.148986;0.772671;0.040457
-11.071404;0.777856;-0.939484;-0.318480;-0.071088;-0.208050
-11.104198;1.109241;-1.112457;-0.503181;1.089040;-0.829012
-11.217616;1.104266;-0.895346;-0.333183;0.389413;0.199002
-11.011179;1.735264;-1.041256;-0.114299;2.242911;0.165341
-11.068458;1.452061;-1.048150;-0.126159;1.778528;-0.235080
-11.137607;0.926834;-1.052583;-0.276011;0.352398;-0.065725
-11.440473;0.971782;-0.945150;-0.493118;1.063486;-0.616924
-11.480738;1.467331;-0.880767;-0.545463;1.781435;-0.833102
-11.359697;2.220842;-1.206152;-0.125274;2.192876;-0.123462
-11.511407;1.638420;-1.375297;-0.044466;1.082934;0.226244
-12.059274;1.319526;-1.134538;-0.544882;1.461308;-1.019856
-11.907089;2.199397;-1.326936;-0.525138;1.305262;1.143209
-11.832745;2.228988;-1.204030;-0.432218;0.874516;0.795446
-11.763846;1.658601;-1.044317;-0.305471;1.720545;-0.073021
-10.422287;4.250870;-0.992769;-0.170135;2.990358;1.445991
-9.991004;4.303764;-0.472415;-0.442962;2.582061;-0.067113
-10.463518;1.270750;-0.786349;-0.362460;0.952688;0.304944
-10.603783;0.943689;-0.707023;-0.325558;-0.586474;1.319750
-10.852326;1.240195;-0.818037;-0.203635;1.365674;0.205447
-10.682589;1.356761;-0.841406;-0.008472;-0.236480;1.972659
-10.826547;2.011184;-0.712072;-0.525254;0.470361;1.577015
-10.972454;1.580579;-0.825381;-0.542134;1.304934;0.250585
-10.903559;0.641257;-0.916849;-0.208425;-0.592326;0.022635
-11.069799;0.885722;-0.898410;-0.164339;0.529561;0.226576
-11.022841;1.313796;-1.003448;-0.263834;0.642968;0.609110
-10.903002;1.639077;-1.010289;-0.630592;0.419565;1.474169
-10.912970;1.343384;-1.071934;-0.540948;0.540079;0.705259
-11.044822;1.273132;-1.152740;-0.415390;1.057949;-0.256835
-11.023284;0.820758;-1.246417;0.067743;0.194657;0.539771
-11.197842;0.709658;-0.997792;0.037724;-0.712089;0.991096
-11.142598;1.497729;-1.109433;-0.420753;1.003318;-0.221923
-11.027085;1.508203;-1.055772;-0.342846;2.118641;-1.210728
-10.829523;1.019697;-0.769989;-0.412759;0.902623;-0.574989
-10.801215;0.898122;-0.709192;-0.148055;0.060577;0.982649
-10.826132;0.988002;-0.943480;0.019326;0.201647;1.084923
-10.883404;1.025839;-1.142148;-0.352157;0.481466;0.194093
-11.003942;1.465685;-1.249846;-0.391763;1.904030;-0.997286
-11.070511;1.055519;-0.839372;-0.378021;0.686190;0.292981
-11.079136;1.022493;-0.744785;-0.114575;0.818754;0.371440
-11.071478;0.982649;-0.674634;-0.182312;0.017216;0.908251
-10.767523;1.035689;-0.900481;-0.506041;-0.041487;1.050694
-10.505764;2.483440;-1.124074;-0.262033;3.945235;-2.136076
-10.626336;1.250115;-0.492281;-0.396546;1.566572;-0.786575
-10.587354;0.620919;-0.443735;-0.088978;0.233345;0.363466
-10.234637;1.224293;-0.635028;-0.070140;1.383109;0.011119
-10.206896;1.238893;-0.695224;-0.321864;1.066280;-0.180677
-10.381102;1.460673;-1.166788;-0.220056;1.756104;-0.985295
-10.714595;1.737332;-1.253063;-0.480559;2.585416;-1.065922
-11.071595;0.990672;-1.028922;-0.217669;1.109943;-0.200353
-10.937489;1.296883;-1.057817;-0.059576;2.685704;-1.257123
-10.933890;1.307911;-0.641491;-0.384074;0.568257;0.791350
-11.081601;1.060910;-0.546986;-0.431099;-0.105276;1.331474
-11.391856;0.548476;-0.498812;-0.353179;0.194123;-0.414231
-11.198535;0.588346;-0.617203;-0.070046;0.563052;-0.217283
-11.202538;0.659088;-0.750869;-0.055255;0.871276;-0.588969
-11.142598;1.045863;-0.765809;-0.473527;1.306299;-0.950142
-10.957791;1.296349;-0.677035;-0.412821;0.584699;0.480062
-11.087634;1.489457;-0.950136;-0.418171;2.055802;-0.911423
-11.644114;0.988339;-0.815725;-0.230356;1.635246;-0.565457
-11.673868;0.938226;-0.704567;-0.201994;1.293282;-0.317521
-11.341430;2.053884;-0.896056;-0.457516;1.808108;0.204432
-11.457084;2.064576;-1.251691;-0.449325;1.907081;-0.022168
-12.095052;1.375844;-1.011291;-0.490789;1.027041;-0.165281
-11.938503;0.797643;-1.071360;-0.136825;0.349441;0.091064
-11.823822;1.095619;-1.170634;-0.198905;0.919174;-0.478157
-11.778454;1.353424;-1.178346;-0.562932;1.405200;-0.665127
-11.722640;0.949405;-1.260436;-0.380226;0.324259;-0.269701
-11.947409;1.746790;-1.028987;-0.647474;0.852266;0.637007
-12.066255;1.468440;-0.945971;-0.261305;0.517660;1.199873
-12.086186;0.981020;-1.011514;-0.163432;0.532443;-0.028755
-11.880754;1.175178;-1.137322;-0.415926;0.344121;-0.231135
-11.630670;2.400764;-1.256149;-0.590620;2.201615;-0.038833
-11.660584;2.005588;-0.956557;-0.539654;1.312582;0.247772
-11.684697;1.842017;-0.959786;-0.258888;1.160845;0.679998
-11.706004;1.769373;-1.036640;-0.255300;0.967940;0.602024
-12.229921;1.078070;-1.259311;-0.438373;0.274089;0.090779
-12.225011;1.130802;-1.042998;-0.456919;-0.681539;0.850723
-12.245394;1.212767;-1.049993;-0.446272;0.284760;0.691354
-12.408859;0.390259;-0.856479;0.014694;-0.476639;0.220566
-12.415458;0.997509;-1.074083;-0.277315;1.136961;-0.428462
-12.381167;1.408344;-1.119304;-0.610748;1.530143;-1.019418
-12.314011;1.998479;-0.942724;-0.576102;0.687912;2.160501
-12.461299;1.877419;-0.922802;-0.556786;0.169711;2.531171
-12.058536;9.218420;-0.465356;-15.990073;-10.562685;-4.075704
7.996100;2.647993;0.684762;-0.402986;5.148516;-1.348286
8.438934;3.304921;1.092242;-0.283924;4.855390;-0.368507
8.739749;3.487521;1.544343;-0.909881;5.117064;-0.046315
9.122547;2.691093;2.104556;-0.588075;4.154370;0.062047
9.128635;1.552863;2.219954;-0.389603;2.430804;1.411699
8.605947;0.384432;2.059062;-0.031729;2.456648;0.074207
8.404349;1.034127;1.741041;0.193870;1.897843;2.332697
8.214776;2.398004;1.371429;-0.393158;3.874293;0.488359
7.541181;0.250649;1.093984;-0.320368;2.871837;-1.386436
7.526454;-0.424546;1.154970;-0.196653;2.103783;-1.215029
7.625519;-1.264135;1.140681;0.273391;1.808273;-0.903388
7.886035;-1.402521;0.967534;0.521137;1.225783;-0.331841
7.787950;-1.138584;1.149925;0.023192;1.885780;-1.279806
7.826867;-1.159525;1.290368;-0.118153;1.466761;-1.265862
7.829355;-0.843256;1.347731;-0.130880;2.242595;-1.586383
7.762798;-1.119997;1.178936;0.203134;2.779089;-2.147613
7.852889;-0.603217;1.119999;0.164336;2.133288;-0.479940
7.795231;-0.906021;1.065056;-0.015258;1.317660;-0.482744
7.350370;-1.685626;1.328559;0.145920;-0.196378;0.059688
7.288925;-1.189357;1.276172;-0.071548;1.048576;-0.596098
7.632294;-0.620546;1.253220;0.001578;1.997318;-0.225081
7.751923;0.067864;1.377272;-0.155811;2.442700;0.023982
7.677732;0.179246;1.225427;-0.356241;2.484271;-0.242334
7.472508;-0.725113;1.113730;-0.026844;1.757795;-0.872392
7.411416;-1.353724;1.051109;-0.037431;1.578511;-1.632876
7.344366;-1.037311;1.046343;0.269626;1.438991;-0.569897
7.279648;-1.292954;0.993336;0.471646;0.896125;-0.095707
7.201146;-1.491122;0.821299;0.158528;1.399889;-1.505447
7.133915;-1.465363;0.836835;0.138858;0.049443;0.103441
7.665444;-0.755740;1.019890;-0.052258;0.335292;0.840893
7.714555;-0.566457;1.046650;0.089032;2.371584;-1.124638
7.447022;-1.417167;0.942712;0.278824;1.482883;-1.194174
7.271409;-1.882934;0.961495;0.142256;0.568720;-1.279936
7.453771;-1.640344;0.970193;0.080621;0.851976;-1.431376
7.798433;-0.048617;1.171371;-0.210722;1.262186;1.714927
7.972484;0.562927;1.320186;-0.075047;2.529517;0.706425
7.964450;-0.437575;1.323625;0.125541;1.754836;1.059185
7.542403;-1.558695;1.031021;0.085141;0.789735;-0.690225
7.472286;-2.000964;1.086163;0.196487;-0.155810;-0.995354
7.592386;-1.519464;1.036096;-0.035013;0.883441;-0.988853
7.594761;-0.222856;1.292370;0.155969;1.987460;0.561817
7.853833;0.001959;1.358421;0.132615;2.233574;0.659544
7.725937;0.261132;1.221094;-0.367087;3.256420;-1.603934
7.692244;-0.483169;1.414785;-0.186133;2.212205;-1.150418
7.442554;-1.764318;1.188120;0.335630;0.356632;-1.036086
7.368213;-1.515306;1.079585;0.459941;1.312909;-0.528456
7.329823;-1.322302;1.013469;0.417881;1.543764;-0.898723
7.269850;-1.477672;0.959993;0.162855;0.968502;-1.307647
7.344186;-1.764725;0.970099;0.266854;0.249793;-1.102035
7.314456;-2.195833;1.151054;0.442562;-1.163878;-0.557654
7.289437;-2.340980;1.178942;0.682820;-1.059117;-0.200477
7.386455;-1.946626;1.190868;0.471367;0.180852;-0.626203
7.423997;-1.554290;1.237507;-0.009240;0.916399;-1.210950
7.393305;-1.752119;1.135236;0.056283;0.882098;-1.478180
7.295064;-1.720010;1.088214;0.185993;0.634220;-1.323659
7.461037;-1.812422;1.095463;0.481955;0.811461;-1.355781
7.485979;-1.936150;1.116866;0.559921;0.390970;-1.092014
7.321346;-1.814353;0.935412;0.367666;-0.055875;-1.153868
7.260013;-1.673937;0.905197;0.167438;0.808464;-1.398359
7.271376;-2.018363;1.146877;0.237420;-0.157538;-1.132987
7.170181;-2.051464;1.055792;0.571099;0.367385;-1.116649
7.275914;-1.790102;1.022413;0.607538;0.316695;-0.707390
7.271631;-1.276330;0.993573;0.040739;1.527956;-1.786403
7.287002;-1.470244;1.028951;0.005575;1.520770;-1.918743
7.306854;-1.986284;1.157676;0.238168;-0.316954;-1.061771
7.399538;-1.937928;1.054397;0.501124;0.708247;-1.418098
7.493248;-1.870295;1.126463;0.509135;0.392561;-0.878678
7.534273;-1.491138;1.087971;0.064508;0.718858;-0.805015
7.463033;-1.357375;1.084791;0.058405;1.061922;-1.048315
7.349906;-1.661751;1.105867;0.159780;0.424180;-1.159386
7.338159;-1.674245;1.047635;0.373643;1.186824;-1.676769
7.297246;-1.794059;0.982523;0.416845;1.190234;-1.507506
7.255224;-1.961780;0.965923;0.355324;-0.318623;-0.846241
7.150192;-1.891956;0.956918;0.346468;-0.217507;-0.962071
7.243977;-1.862235;0.999220;0.324116;-0.208208;-0.695428
7.439580;-1.940867;1.029834;0.485950;0.628013;-1.301508
7.473439;-1.565279;0.989139;0.363712;1.381459;-1.615822
7.318991;-0.831052;1.011115;-0.161622;2.218632;-2.010305
7.296696;-0.999950;1.010265;-0.067012;1.947614;-1.910811
7.067633;-1.397186;1.231710;0.010116;0.708217;-0.639163
7.271397;-1.238898;1.237842;0.224423;1.281368;-0.010832
7.284327;-1.107635;1.267978;0.225718;1.427507;-0.277886
7.309509;-0.383866;1.385506;-0.191916;2.132730;-0.521400
7.325408;-0.927243;1.468717;-0.040818;0.909001;0.267342
7.535656;-1.673544;1.242559;0.078538;0.817699;-1.302815
7.536677;-1.786591;1.208558;0.495358;0.767062;-0.775588
7.574161;-1.699949;1.265968;0.320382;0.632284;-0.269814
7.477062;-1.483878;1.170632;0.001630;0.781495;-0.710800
7.403883;-1.699351;1.160794;0.088029;0.770556;-1.215425
7.266596;-1.628170;1.063297;0.068137;1.350325;-1.963535
7.339514;-1.669281;1.045696;0.438645;1.091102;-1.428462
7.170944;-1.832172;1.169801;0.494345;0.766543;-1.175767
7.180594;-1.923077;1.381937;0.235353;-0.106625;-0.875422
7.313264;-2.162708;1.347021;0.335237;-0.852913;-0.673401
7.408828;-1.923118;1.155625;0.221067;0.248101;-1.195106
7.328609;-1.734912;1.113231;0.392309;1.407963;-1.524409
7.400850;-1.740904;1.148751;0.417081;1.283466;-1.100902
7.387841;-1.476427;1.126268;0.074074;1.174650;-1.431756
7.339504;-1.385686;1.013367;0.029636;1.453710;-1.851946
7.253893;-1.661432;1.016586;0.175047;0.920831;-1.719947
7.342841;-1.803329;1.043532;0.345785;1.218653;-1.363757
7.272856;-1.720203;1.084158;0.317560;1.192020;-1.313650
7.220969;-1.641966;1.132218;0.128110;0.458982;-1.163037
7.182793;-1.648107;1.077719;0.089572;0.777649;-1.297561
7.692940;-0.360365;1.320874;0.134346;-0.337122;3.061473
7.821688;0.090696;1.395932;0.338382;1.085754;2.100294
7.298785;-1.016604;1.240602;0.177623;2.018169;-0.770522
7.136050;-0.449704;1.033821;-0.057702;1.949400;-0.612502
7.282397;-0.359298;1.112309;-0.106352;2.549698;-1.158084
7.327537;-1.355769;1.273523;0.064641;1.043004;-0.849578
7.758816;11.350739;0.211139;0.877320;4.518584;10.595840
8.598735;73.111924;8.352251;-2.018851;-5.421250;-10.647504
3.408726;-1.981249;1.570535;0.795124;-0.870092;-0.527504
3.349498;-1.850483;1.575746;0.467718;-1.473638;-0.119009
3.370685;-1.760511;1.664890;0.390616;-1.334623;-0.228387
3.377702;-1.876023;1.670709;0.470425;-1.723263;-0.062844
3.600009;-2.100465;1.692475;0.760895;-1.429328;-0.076047
3.506859;-1.888894;1.560725;0.690984;-1.051439;-0.092306
3.491050;-1.697331;1.536833;0.376200;-1.198173;-0.324056
3.310498;-1.574896;1.543908;0.255985;-0.546724;-0.661450
3.392165;-1.691883;1.600978;0.290516;-0.750967;-0.631810
3.487753;-1.899905;1.510968;0.707328;-1.082378;-0.347075
3.454524;-1.900901;1.413590;0.729408;-0.814835;-0.773448
3.360811;-1.662805;1.408074;0.339497;-0.617182;-0.893323
3.301282;-1.626412;1.358751;0.315259;-0.279182;-1.034493
3.270393;-1.733506;1.367081;0.342957;-0.730613;-0.774214
3.325887;-1.913179;1.459468;0.649834;-0.886159;-0.229065
3.377394;-1.928956;1.431976;0.726125;-0.729624;-0.522422
3.286506;-1.719765;1.385925;0.426037;-0.698060;-0.696455
3.520329;-1.748912;1.449371;0.396464;-1.299769;0.007507
3.430256;-1.782623;1.548791;0.257904;-1.422303;0.507110
3.242890;-2.100615;1.353334;0.773715;-1.499777;0.087151
3.396452;-1.967532;1.432058;0.734377;-1.374883;0.086421
3.293409;-1.650796;1.248931;0.236495;-0.677489;-0.182097
3.346342;-1.689699;1.373172;0.353785;-1.277581;0.144621
3.237784;-1.639085;1.410106;0.254151;-0.691013;-0.315275
3.269815;-1.900683;1.544398;0.661058;-0.913301;-0.200834
3.317238;-1.978108;1.471040;0.698287;-1.155418;-0.234700
3.331405;-1.902868;1.275549;0.352014;-0.955413;-0.802273
3.239182;-1.861904;1.332256;0.376542;-0.991179;-0.836893
3.228999;-1.884506;1.302747;0.446166;-1.341181;-0.509414
3.381419;-1.768926;1.268395;0.640658;-0.241772;-0.664381
3.437424;-1.732941;1.293820;0.576129;-0.074359;-0.773506
3.323964;-1.771769;1.358980;0.363403;-1.137773;-0.530127
3.278961;-1.868372;1.332611;0.411367;-1.204246;-0.411175
3.300873;-1.777369;1.242766;0.324987;-0.998359;-0.146818
3.373982;-1.730420;1.163259;0.530406;0.050293;-0.944130
3.460442;-1.401496;1.170609;0.511501;0.303700;-0.909880
3.321063;-1.358473;1.154838;0.218232;0.170266;-0.950942
3.093833;-1.560746;1.201209;0.243537;0.021915;-0.890383
3.772106;-0.263203;1.277133;0.129227;-1.426940;4.153010
3.793498;-0.156789;1.173185;0.381735;-0.393388;2.784979
3.732412;-1.604782;1.060541;0.626659;-2.119805;3.665879
3.401642;-1.804018;1.048693;0.431781;-1.375792;-0.360642
3.359191;-1.899705;1.135658;0.446987;-1.676173;-0.199467
3.376651;-1.849460;1.172630;0.503696;-1.730107;0.039819
3.450721;-1.953536;1.245913;0.726183;-1.320830;-0.188619
3.395860;-1.869620;1.209759;0.552807;-0.763239;-0.172718
3.465063;-1.640226;1.160935;0.202576;-0.304923;-0.846286
3.342261;-1.689537;1.144680;0.286188;-0.899314;-0.502919
3.307943;-1.771290;1.173688;0.442454;-1.844420;0.198850
3.345468;-1.951250;1.095703;0.696181;-1.236964;-0.003190
3.425892;-2.024916;1.073061;0.853643;-1.701507;0.092377
3.275797;-1.747714;1.017792;0.406863;-0.905346;-0.742489
3.384488;-1.872909;1.118838;0.527466;-2.287355;0.717709
3.230130;-1.121908;1.013734;0.231328;-0.714506;0.450287
3.338032;-1.125268;1.057623;0.535793;-0.401765;0.639179
3.302669;-1.812768;1.161984;0.601859;-0.428511;-0.979556
3.270357;-1.724149;1.022185;0.206879;-0.460484;-0.950162
3.259032;-1.696220;1.040092;0.343213;-1.032305;-0.399264
3.288200;-1.736260;1.066367;0.405579;-1.198426;-0.189611
3.386011;-2.082070;1.167629;0.728618;-1.700439;0.208908
3.163076;-1.866947;1.115815;0.637825;-0.964995;0.047952
3.156852;-1.695042;1.115927;0.373369;-1.460387;-0.158109
3.246426;-1.327503;0.970478;0.014802;0.359573;-0.944330
3.303109;-1.400572;1.061266;0.123330;-0.250709;-0.702102
3.404168;-1.884535;1.156284;0.564379;-1.115842;-0.184261
3.311166;-1.920479;1.047442;0.601602;-0.901894;-0.304091
3.094970;-1.671185;0.939670;0.262490;-0.743380;-0.587695
3.071372;-1.672260;1.017708;0.260282;-0.592525;-0.972692
3.131551;-1.815565;1.080379;0.436153;-1.791781;-0.076695
3.315377;-2.027454;0.983829;0.744592;-1.600060;-0.038171
3.426300;-2.001393;1.061891;0.816219;-1.806615;0.051820
3.456139;-2.006400;1.126602;0.561782;-2.285452;-0.015518
3.864339;-1.252479;1.247481;0.261784;-3.950297;5.957019
3.791291;-0.856984;1.167663;0.191924;-2.284769;4.355534
3.304771;-1.736046;0.978164;0.654188;-0.704105;-0.497420
3.254745;-1.964053;0.953741;0.574361;-0.953458;-0.588934
3.080748;-1.566914;0.752495;0.278479;-0.258551;-0.756577
2.974406;-1.469009;0.762710;0.315234;0.214719;-1.150546
3.033926;-1.865151;0.973024;0.459399;-1.651027;-0.097798
3.228680;-2.002797;1.034745;0.724895;-1.464544;-0.133167
3.246171;-1.912055;0.954087;0.806347;-1.483425;-0.216342
3.137295;-1.880544;0.932714;0.486292;-1.770291;-0.165807
3.101325;-1.761289;0.830897;0.324746;-0.786911;-0.936065
3.206943;-1.773156;0.954555;0.433828;-1.495413;-0.288854
3.292998;-1.877793;0.867852;0.674077;-0.923412;-0.395867
3.223126;-1.837898;0.831120;0.647333;-0.760677;-0.623977
3.028633;-1.704207;0.953400;0.298782;-0.906297;-0.516229
2.916254;-1.714323;0.990590;0.289094;-0.391080;-1.126460
3.281506;-1.162459;1.085092;0.260333;-1.673363;3.270465
3.229814;-1.225999;1.022069;0.530825;-0.953094;2.410927
3.283893;-1.623790;1.005112;0.561743;-1.019381;0.921759
3.232407;-1.610132;0.961334;0.253203;-1.222423;0.483565
3.039776;-1.574493;0.826901;0.198343;-0.088084;-0.861132
3.068241;-1.744401;0.887328;0.365495;-1.268013;-0.321903
3.056018;-1.838063;0.841358;0.621312;-0.773693;-0.522372
2.936443;-1.682515;0.802757;0.482615;0.121282;-0.902279
2.894102;-1.609714;0.820450;0.186547;-0.150501;-1.135474
3.018192;-1.678068;0.838730;0.266686;-0.900489;-0.590394
3.136273;-1.779765;0.808269;0.309335;-1.305050;-0.327427
3.260765;-2.076984;0.943871;0.689117;-2.012153;0.297046
3.148877;-1.826010;0.878446;0.685898;-1.565372;0.477833
3.016919;-1.434099;0.801661;0.250115;-0.470036;-0.438368
2.947076;-1.408181;0.829733;0.201860;-0.290478;-0.582347
3.047673;-1.709651;0.784040;0.390594;-1.304644;-0.316928
3.062970;-1.768264;0.776001;0.634936;-0.745935;-0.267092
2.928032;-1.751450;0.927891;0.552986;-0.670006;-0.364617
2.918224;-1.801482;1.000308;0.425974;-1.836539;-0.089814
2.898288;-1.179644;0.971144;-0.513054;-2.019391;-0.246162
2.911686;-0.958225;0.920020;-0.633570;-1.247544;-0.696959
3.100073;-2.049790;0.928145;0.792584;-1.621331;-0.119806
2.988788;-2.157796;0.968113;0.872144;-2.003238;0.231730
2.429816;6.528202;1.093263;-15.288221;-12.607787;-4.056836
-4.805606;0.914251;-7.541237;-0.284359;-0.395844;1.514096
-4.928406;0.797466;-7.651230;-0.193930;0.719700;-0.216030
-5.024113;0.861946;-7.505521;-0.527897;1.058173;-0.933561
-4.989253;0.478618;-7.324927;-0.466133;-0.127065;-0.016331
-4.960170;0.417458;-7.406182;-0.426610;0.093147;-0.663048
-5.077092;1.048555;-7.512062;-0.244493;-0.135840;2.459365
-4.952368;0.931897;-7.442058;-0.213082;-1.209248;3.507975
-4.887405;0.846925;-7.493773;-0.464881;-0.366283;0.439749
-4.959327;0.900396;-7.624324;-0.558051;0.572986;-0.407708
-4.776990;1.702455;-7.312057;-0.663936;0.482403;1.664343
-4.738135;1.632917;-7.274562;-0.306055;0.487403;1.746666
-4.776470;0.513940;-7.423421;-0.218266;0.597114;-0.508382
-4.750984;0.062164;-7.260591;-0.335632;-1.239694;0.272886
-4.739712;0.051151;-7.349235;-0.339861;-0.912470;-0.005054
-4.753469;0.655211;-7.381313;-0.412654;-0.109575;-0.086995
-4.721129;1.025713;-7.569709;-0.240660;1.287040;-0.385434
-4.696287;0.065739;-7.257498;-0.020146;-0.777811;0.133146
-4.737417;0.150455;-7.182013;-0.288976;-0.966025;-0.303164
-4.667820;0.317221;-7.131409;-0.494774;-0.355162;-0.451306
-4.466102;0.321194;-7.194021;-0.516143;-0.930909;0.440523
-4.359812;0.361902;-7.218540;-0.158335;-1.018798;1.212942
-4.475383;0.677483;-7.468835;-0.092585;0.798427;-0.389696
-4.590071;0.046731;-7.171921;-0.331259;-1.023619;-0.117139
-4.549899;-0.120466;-7.037598;-0.248968;-1.669421;0.082137
-4.544629;0.425759;-7.428462;-0.415094;0.186602;-0.455806
-3.925783;1.561375;-7.135841;-0.340008;2.640623;-1.237208
-3.946678;0.850453;-7.234086;-0.133625;0.907909;1.089173
-3.758755;1.703161;-7.208416;-0.236223;-1.134051;4.756078
-3.849498;1.957788;-7.321531;-0.360383;-0.687839;4.608455
-4.232529;0.914841;-7.370137;-0.550558;1.255724;-0.713272
-4.078124;0.758581;-7.305620;-0.223156;1.354773;-0.711648
-4.052708;0.622018;-7.185790;-0.183726;1.156702;-0.770704
-4.163277;0.452920;-7.179116;-0.419007;0.385301;-0.609984
-4.377866;0.281838;-7.170806;-0.432492;-0.099622;-0.645904
-4.367159;0.333191;-7.101622;-0.421750;-0.548951;-0.483506
-4.361771;1.102379;-7.268332;-0.193320;0.999674;0.351845
-4.331765;0.930578;-7.353237;-0.166785;1.180996;0.255837
-4.341127;0.384234;-7.239092;-0.311340;0.181276;-0.606226
-4.509891;0.600293;-7.392271;-0.300632;0.618889;-0.509462
-4.617987;0.428362;-7.098465;-0.344889;-0.952270;0.954804
-4.450101;0.252494;-7.128670;-0.070632;-0.775993;0.694655
-4.261905;0.094372;-7.235225;-0.104907;-0.299221;-0.413941
-4.253998;0.045535;-7.192715;-0.225476;-1.467251;0.260898
-4.308279;0.100337;-7.014119;-0.426159;-1.374309;0.338621
-4.488893;0.384654;-7.012373;-0.547694;-0.417459;-0.023024
-4.448495;0.165929;-7.026434;-0.037866;-0.677307;0.266353
-4.342760;0.436984;-7.221740;-0.170988;-0.021129;0.836623
-4.157438;0.846593;-7.171075;-0.424690;0.570761;-0.138444
-4.257623;0.416270;-7.110194;-0.394642;0.049579;-0.119702
-4.277891;-0.090704;-6.919723;-0.206686;-1.302018;0.295193
-4.288227;0.372925;-6.964872;-0.136535;0.023171;0.874299
-2.992100;2.368090;-6.730342;-0.451423;-0.430792;5.936865
-2.228505;4.710848;-6.415714;-0.521107;3.080281;-0.033131
-2.184382;-0.119893;-6.189246;-0.257825;-1.411398;0.314023
-2.179673;-0.007795;-6.330780;-0.301214;-1.031334;0.908421
-2.187072;-0.256998;-6.479851;0.078426;-0.617045;0.826109
-2.178081;-0.158377;-6.463288;0.089736;0.019264;-0.190930
-2.126092;-0.208800;-6.312540;-0.139641;-0.917874;-0.194782
-2.195626;0.017780;-6.354296;-0.293283;-0.049372;-0.757615
-2.330939;0.257124;-6.436960;-0.346606;0.377053;-0.368201
-2.314470;-0.196597;-6.397285;0.100524;-0.439742;-0.233705
-2.246097;-0.143157;-6.463282;-0.030970;0.085536;-0.697651
-2.312674;0.085945;-6.516612;-0.300908;0.303571;-1.023042
-2.347684;-0.087904;-6.417728;-0.296292;-0.248405;-0.888154
-2.318384;0.046232;-6.313458;-0.354089;-0.528664;-0.495317
-2.281315;0.225827;-6.587446;-0.127446;0.920683;-0.866195
-2.194163;0.094899;-6.591935;-0.096131;0.740922;-0.420255
-2.358136;-0.099202;-6.461999;-0.253284;-0.253275;-0.620170
-2.516176;-0.057699;-6.413134;-0.350216;-0.198267;-0.251806
-2.418319;0.309397;-6.415209;-0.324634;0.379156;-0.279227
-2.319562;0.340169;-6.383157;-0.118447;0.991931;0.098017
-2.259204;0.236716;-6.552040;-0.038840;0.700203;0.655060
-2.423576;-0.334186;-6.525324;-0.171014;-0.675274;-0.250731
-2.385150;-0.493966;-6.289125;-0.072416;-1.867927;0.483402
-2.337166;-0.303967;-6.344276;-0.148820;-0.946397;-0.384595
-2.214833;-0.253589;-6.552125;0.046941;0.135177;-0.553099
-2.216365;-0.159817;-6.466450;0.056416;0.182956;-0.379413
-2.382392;-0.203352;-6.364238;-0.246584;-0.364482;-0.438078
-2.431859;0.068167;-6.441353;-0.339251;0.281886;-0.768434
-2.388497;0.122263;-6.450504;-0.351609;0.321212;-0.807957
-2.403478;0.279866;-6.522754;-0.110344;0.710229;0.082923
-2.282281;0.067684;-6.313940;0.011337;-0.602335;1.280312
-2.264258;-0.293693;-6.493616;-0.166815;-0.709924;-0.593310
-2.317983;-0.043895;-6.525050;-0.352973;-0.213855;-0.537386
-2.254039;0.131662;-6.458067;-0.399359;0.281980;-0.689245
-2.256404;0.306868;-6.211184;-0.052697;-0.610132;1.741699
-2.259534;0.150856;-6.287085;-0.029307;-1.080438;2.040261
-2.346870;-0.032033;-6.559552;-0.262057;0.186979;-1.047251
-2.095290;1.720448;-6.538079;-0.267298;1.012764;1.105145
-2.315678;1.267259;-6.410182;-0.347017;-0.764992;2.549608
-2.504745;0.184829;-6.515668;-0.028756;-0.631082;0.897327
-2.516548;0.326682;-6.716590;-0.059348;0.172676;0.449276
-2.586053;0.356078;-6.845807;-0.382420;1.000629;-1.017723
-2.538326;-0.120004;-6.533549;-0.201273;-0.855183;-0.186560
-2.502481;-0.149995;-6.611208;-0.189410;-1.110279;0.457462
-2.221134;0.485507;-6.944245;-0.078616;1.353335;-0.457090
-1.992619;1.980977;-6.765459;-0.003954;3.637266;-1.794682
-2.054849;0.829301;-5.954467;-0.424115;0.196454;0.599492
-1.992774;0.603838;-6.030036;-0.414515;0.263077;0.546777
-2.024824;0.664390;-6.074346;-0.426190;0.367515;0.775099
-2.202530;-0.035161;-6.054860;-0.037412;0.552944;-0.440472
-1.585128;1.111151;-6.106833;-0.103652;0.933309;2.215666
-1.661606;1.513621;-6.027668;-0.373498;0.912909;1.877225
-2.146622;0.237952;-6.270019;-0.228778;1.020239;-0.745376
-2.080011;0.472978;-6.541265;-0.234984;1.893858;-1.470918
-2.115389;0.258402;-6.394399;-0.126336;1.288151;-0.957471
-2.150574;0.119978;-6.423869;-0.049217;0.425058;-0.352844
-2.264144;0.426408;-6.403164;-0.371637;-0.160309;0.461681
-1.910004;4.052448;-6.067858;-0.708006;-0.140550;5.026661
-2.986693;1.580105;0.115010;0.130639;0.968838;5.085923
-3.975426;-0.455124;0.240877;0.315934;0.114041;0.112811
-3.457982;0.714445;0.299874;-0.083438;0.531696;1.368338
-3.336374;1.536957;0.212909;-0.233047;2.086803;-0.017046
-3.237143;1.001752;0.204886;-0.224134;1.441871;1.863186
-3.694605;0.091087;0.196886;0.271406;1.469568;-0.702886
-3.696510;1.292244;0.128053;0.235521;2.457921;-0.785961
-3.605876;1.623467;0.026543;-0.034676;2.627568;-1.269898
-3.784266;1.186715;-0.118264;-0.036365;2.010498;-0.933935
-3.762765;1.123016;-0.064723;0.013689;1.727250;-0.880569
-3.542012;2.507408;0.133310;0.185712;1.727003;1.863494
-3.508453;3.022374;0.097917;0.049358;2.562400;1.037120
-3.577803;2.602267;0.236635;0.073979;2.863245;-0.708916
-3.530023;1.628463;0.355767;0.018355;1.864432;0.210998
-3.603759;0.405422;0.139762;-0.031499;1.763924;-0.831216
-3.396154;0.345498;0.150442;0.136946;0.821023;1.626106
-3.492239;0.852811;0.226590;0.102622;1.865598;0.601500
-3.679382;1.086240;0.389789;-0.042521;3.543799;-2.107281
-3.670800;0.603609;0.633418;-0.118042;2.804400;-1.866152
-3.069915;1.183403;0.408824;-0.274338;3.231003;-1.774015
-2.911259;0.711988;0.393216;0.023904;2.666447;-0.488560
-2.723487;0.631319;0.141561;0.206813;3.406712;-1.274080
-2.721140;0.411812;0.161745;0.153615;2.547762;-1.666211
-2.661221;-0.610321;0.455659;0.215180;0.134909;-0.183590
-2.685441;-0.619389;0.601867;0.210063;0.071429;-0.387095
-2.682358;-0.684480;0.571067;0.383273;0.569991;-0.584398
-2.832466;-0.411478;0.550365;0.280234;1.032201;-0.495517
-2.768997;-0.419569;0.635472;0.050494;0.255564;-0.318200
-2.895743;-0.469922;0.675205;0.061903;0.138330;0.044172
-2.938760;-0.626453;0.851649;0.126332;-0.310395;-0.175140
-2.656366;-0.506257;0.742418;0.317561;0.914280;-0.353278
-2.587246;-0.560181;0.766641;0.370100;0.509576;-0.103945
-2.566738;-0.653142;0.663698;0.206623;-0.149500;-0.034345
-2.720141;-0.652738;0.732641;0.123587;0.181689;-0.629435
-2.799602;-0.283924;0.749911;-0.081630;1.278078;-1.286932
-2.689893;-0.399005;0.761572;0.231660;1.682247;-1.198500
-2.594710;-0.481941;0.764076;0.386303;0.877931;-0.505829
-1.891077;0.678795;0.527970;-0.193965;1.339526;1.731443
-1.704190;1.031699;0.691326;-0.230532;2.089251;0.473226
-1.921524;0.204865;0.775748;-0.148252;0.375945;1.621606
-1.823468;0.710659;0.797663;0.353365;3.374900;-1.754417
-1.948175;0.668959;0.875517;0.353614;3.525622;-2.019738
-1.881606;0.839058;0.717195;-0.117299;2.540755;-0.936696
-1.780515;0.584852;0.758936;-0.032838;1.919785;-0.390676
-1.745781;-0.237237;0.642950;0.169842;1.030160;-0.324304
-1.960234;-0.968007;0.883001;0.506773;0.247787;-0.674851
-1.351060;0.697777;0.785795;0.375090;1.286074;2.661119
-0.986259;1.610373;0.974379;-0.187068;3.164860;-0.363435
-0.855833;0.857847;1.203282;-0.150229;2.702400;-1.124022
-1.270150;-0.207950;1.133983;0.127904;1.217912;-0.457646
-1.497536;-1.036573;1.494508;0.483222;0.018409;-0.479698
-1.276693;-0.980559;1.137235;0.522522;0.211915;-0.468714
-1.147541;-0.964891;1.129572;0.205067;-0.359342;0.086212
-1.256859;0.149364;1.142857;-0.023606;1.706225;-0.613888
-1.255972;0.300115;1.128857;-0.021493;1.875825;-1.241877
-1.161940;-0.413429;0.982691;0.325716;1.869696;-1.390267
-1.492864;-0.543269;1.019668;0.352078;1.612188;-1.065628
-1.567112;-0.436598;1.078743;0.039719;1.810265;-1.455134
-1.326530;-0.756873;1.012321;0.221144;-0.003572;0.059195
-1.316235;-0.627503;1.078797;0.055504;0.348507;-0.245491
-1.419717;-0.564068;1.074962;0.293493;1.498372;-1.138965
-0.872355;0.443602;1.081851;0.153496;0.745157;3.601886
-1.072416;1.157639;1.192016;-0.325378;1.441521;2.762249
-1.437739;0.036137;1.287245;-0.026024;1.369560;-1.008376
-1.382726;-0.506570;1.098886;0.116473;0.876265;-1.141192
-1.290948;-0.640538;1.021010;0.406403;1.274693;-1.135536
-1.323642;-0.524716;0.983328;0.387399;1.119928;-0.809805
-1.798559;1.748413;1.171956;0.067260;2.456571;1.059982
-1.819640;0.780295;0.999398;0.055560;1.643406;1.093811
-2.086856;-0.502320;0.957236;0.140505;0.716826;-1.033980
-2.141374;-0.353616;0.857638;0.369085;1.565945;-0.837513
-2.041894;0.145880;0.786913;0.326209;2.730425;-1.594335
-2.105689;0.345039;0.850839;-0.092663;2.694503;-1.716774
-2.086782;0.727825;0.938457;-0.151770;1.939069;-0.423677
-2.143303;0.669233;0.872463;-0.032120;2.655514;-1.227574
-2.076112;-0.521607;1.014374;0.421097;0.938710;-0.628433
-1.964232;-0.259954;1.019073;0.212662;1.577870;-0.648917
-2.032711;-0.073523;1.011313;-0.052722;1.477503;-1.003231
-2.358467;-0.031066;1.162620;-0.108157;1.187689;-0.148245
-2.516392;-0.060486;1.119019;-0.122405;1.211821;-0.024957
-2.302566;-0.804190;0.977088;0.365926;0.714666;-0.672490
-2.371480;-0.457062;1.086305;0.341240;1.250755;-0.853290
-2.381265;0.255453;0.984230;-0.110282;1.976660;-1.169918
-2.281380;-0.225516;0.975791;-0.093886;0.115082;0.704640
-2.328897;-0.606876;0.992061;0.144583;-0.895500;0.924680
-2.357688;0.067523;1.011175;0.154790;1.054379;-0.015694
-2.044400;1.882110;1.164204;-0.401718;2.040901;5.687728
-2.181999;1.796612;1.093017;-0.719222;1.561876;6.942087
-2.763596;-0.422720;1.036570;-0.061290;0.314055;-0.471522
-2.606072;-0.379945;0.833581;0.049607;0.308996;-0.369149
-2.500016;-0.364657;0.839073;0.327335;0.843813;-0.273428
-2.377034;-0.365684;0.545365;0.395540;1.597297;-1.033834
-2.502795;-0.708100;0.804234;0.088716;-0.678556;-0.162419
-2.481471;-0.377667;0.613646;0.061474;0.178617;-0.340948
-2.518310;0.114698;0.496030;-0.057784;1.834432;-1.275955
-2.406613;-0.139777;0.630523;0.277498;1.536117;-0.892769
-2.503601;-0.367029;0.574357;0.227748;1.690773;-0.628460
-2.537742;-0.201934;0.618022;-0.120030;1.548232;-0.645509
-2.295819;0.595496;0.390988;-0.111457;2.822395;-1.811709
-2.161164;0.392979;0.512094;0.104973;2.735950;-1.761386
-2.161149;-0.022405;0.417708;0.359029;2.873098;-1.990677
-2.193633;-0.353101;0.709680;0.302836;1.061373;-0.516622
-2.231868;0.007030;0.636348;-0.106051;0.945094;-0.531262
-2.148767;0.661446;0.189757;-0.115754;2.883890;-1.249700
-1.904107;1.128776;0.173873;0.091514;3.595711;-1.882810
-1.253038;2.126168;0.718287;-0.041660;3.947851;0.029071
-1.100672;1.633581;0.715237;0.089623;2.298419;1.820694
-1.577275;0.128345;0.804269;-0.089514;1.962069;-1.648650
-1.579814;-0.194328;0.925250;-0.072967;1.520382;-1.304384
-1.634557;-0.411215;1.098656;0.135019;0.326574;-0.340599
-0.982472;0.620331;1.080166;0.224497;0.332438;3.269710
0.859583;16.668025;1.994434;-15.808766;-6.022727;-3.248413
-2.226021;-1.801523;8.740255;0.714626;-1.799924;0.421842
-2.270740;-1.729091;8.685404;0.426797;-2.164266;0.508013
-2.234292;-1.617477;8.641063;0.392557;-1.694826;0.184291
-2.134919;-1.419720;8.514050;0.296557;-0.491447;-0.680064
-2.173685;-1.703175;8.572242;0.708019;-1.164116;-0.098387
-2.339774;-1.705439;8.662230;0.595517;-1.192460;0.097248
-2.379630;-1.595371;8.627953;0.337045;-1.942822;0.518942
-2.074088;-1.330448;8.651606;0.307989;-1.373416;0.253270
-1.915395;-1.070556;8.629975;0.034649;0.047105;-0.841229
-1.941124;-0.762271;8.698151;0.199274;1.177440;-0.987393
-1.845043;-0.764480;8.726005;0.217834;1.394277;-0.698373
-2.014872;-0.712888;8.462234;0.097272;-0.527588;1.394142
-1.938220;-0.488230;8.355280;0.106397;-0.446261;1.696376
-1.725543;-0.246212;8.519762;-0.046867;1.117132;-0.400110
-1.648352;-1.218789;8.665428;0.509382;-0.253029;-0.072219
-1.754421;-1.628628;8.780690;0.649572;-0.655189;-0.281975
-1.755808;-1.687871;8.905433;0.401160;-1.806096;-0.056359
-2.000563;-1.739239;8.809517;0.358462;-1.797428;-0.036436
-1.963314;-1.427398;8.849650;0.328192;-1.672917;0.649699
-1.649099;-0.224560;8.655988;0.244273;1.133361;0.835766
-1.868361;-0.417753;8.571329;0.185948;1.130287;0.784921
-2.178536;-1.176639;8.463868;0.172798;-0.570616;-0.298035
-1.964989;-1.413061;8.502526;0.360832;-1.397681;0.278458
-2.123597;-1.247044;8.230856;0.362426;0.058203;-0.926250
-2.233203;-1.658228;8.541712;0.651337;-1.120253;-0.106561
-2.012884;-1.098054;8.500948;0.320163;0.793048;-0.898626
-2.188953;-1.178243;8.579855;0.137485;-0.619584;0.350834
-2.347373;-1.202373;8.401351;0.157228;0.481916;-0.636301
-2.553068;-0.528085;8.417280;0.057790;2.295472;-1.770550
-2.268445;-1.075468;8.638389;0.463358;1.181456;-1.176823
-1.742603;-0.905436;8.778429;0.466415;-1.153708;3.355723
-2.038748;-0.173050;8.329043;-0.068037;1.194800;1.706284
-2.509649;-0.646036;8.167584;-0.020852;1.422681;-1.368376
-2.416492;-1.307644;8.373292;0.318151;-0.729887;-0.235116
-2.362687;-1.815430;8.617482;0.713888;-1.851669;0.648217
-2.363383;-1.401591;8.417317;0.668499;-0.654138;0.228357
-2.627763;-1.019162;8.291412;0.113826;0.773951;-1.104738
-2.324012;-0.535378;8.287273;-0.002420;-0.143759;1.893003
-2.259108;-0.661988;8.414944;0.071426;-0.875120;2.134729
-2.369195;-1.173827;8.291382;0.563849;0.031536;-0.591289
-2.507679;-0.865927;8.172234;0.451186;0.813251;-0.536849
-2.325600;0.786220;8.175059;-0.358899;2.980725;-0.658044
-1.649000;1.687467;8.422194;-0.469046;2.784222;0.381791
-1.443610;1.039334;8.649590;-0.204733;1.083569;2.465027
-2.324306;-0.787775;8.585010;0.223357;0.791097;-0.601760
-2.348704;-0.582693;8.459283;0.196603;1.719503;-0.673211
-2.624579;-1.150761;8.465436;0.201900;-0.150456;-0.756678
-2.438722;-1.236859;8.251163;0.267320;-0.239064;-0.495256
-2.213239;-0.484514;8.216914;0.005788;2.236588;-1.715358
-2.340830;-1.349701;8.529877;0.503326;-1.421113;1.460326
-2.440359;-1.313732;8.533691;0.459871;-1.016322;0.536446
-2.391965;-1.183637;8.539852;0.193725;-0.194171;-0.807304
-2.292960;-0.511742;8.268576;0.041236;2.104345;-1.826275
-2.662643;-0.940520;8.390401;0.064986;0.269397;-0.678270
-2.706302;-1.322317;8.162288;0.463685;0.123481;-0.189821
-2.821255;-1.832160;8.399402;0.855263;-2.415580;0.709478
-2.729366;-1.577253;8.368612;0.428916;-1.878888;0.332402
-2.707121;-1.408744;8.291807;0.352954;-1.582552;0.136519
-2.792644;-1.079699;8.101681;0.210752;-0.118363;-0.481579
-2.658403;-1.279136;8.152837;0.504718;0.311675;-0.514587
-2.604335;-1.409249;8.122676;0.608752;0.278532;-0.352598
-2.720279;-1.726112;8.465855;0.562125;-2.156846;0.277376
-2.698413;-0.948048;8.254729;0.233009;0.786300;-1.132259
-2.796463;-0.965638;8.320862;0.103585;0.892548;-0.782334
-2.746165;-1.270844;8.410292;0.424702;0.684051;-0.783295
-2.568850;-1.409275;8.371147;0.524132;-0.471113;0.086264
-2.530022;-1.559694;8.448101;0.408009;-1.801513;0.262757
-2.464567;-1.571786;8.289047;0.482106;-1.523869;-0.031035
-2.418616;-1.502800;8.219644;0.491546;-1.320473;-0.072350
-2.382554;-1.313628;8.259593;0.642938;0.063572;-0.190153
-2.514668;-0.807205;8.189898;0.413908;1.678281;-1.259313
-2.571624;-0.351059;7.917458;-0.034397;2.592514;-2.047084
-2.847611;-0.600191;7.894418;0.052030;2.347002;-1.999489
-2.932961;-0.877952;8.208839;0.154062;0.535647;-0.703172
-2.692157;-1.309327;8.297503;0.526446;-0.125796;-0.440809
-2.460997;-1.673093;8.364263;0.729285;-1.641591;0.426676
-2.604900;-1.579761;8.367096;0.521413;-1.991103;0.516812
-2.815276;-1.607843;8.385815;0.375124;-1.668701;0.236215
-2.755873;-1.571065;8.312516;0.372464;-1.448650;-0.215112
-2.768742;-1.457924;8.318748;0.579008;-0.902787;0.215449
-3.282295;0.125270;8.418857;0.147434;3.511105;-2.251427
-3.187652;-0.553000;8.556976;0.007050;0.829044;-0.915967
-3.062942;-0.247628;8.546142;0.046406;1.700461;-0.809840
-2.503004;-0.337294;8.512482;-0.041967;1.981336;-0.648675
-2.266825;-0.863411;8.609884;0.385653;0.947689;-0.602712
-2.213034;-1.153315;8.744655;0.459799;-0.235285;0.332595
-2.350513;-0.919314;8.532928;0.311559;-0.299512;-0.532536
-2.198390;0.633161;8.526855;-0.223113;0.574335;3.409157
-2.271330;0.150865;8.319836;-0.257653;-1.651758;7.746750
-2.874545;-1.589568;8.567028;0.663084;-1.858957;0.599268
-2.933659;-1.666472;8.563430;0.704964;-1.540284;0.191279
-2.815049;-0.871341;8.117994;0.150527;0.608050;-0.889364
-2.814402;-0.801023;8.071217;0.194531;0.835218;-0.962332
-2.676755;-1.367825;8.516872;0.284350;-1.435255;0.608049
-2.599132;-1.084619;8.279318;0.431205;0.729197;-0.366655
-2.906368;-1.404901;8.363784;0.702238;-1.251779;0.460948
-2.903470;-1.302526;8.276056;0.363196;-1.116355;0.176359
-2.814417;-0.851469;8.252836;0.034638;-2.095568;4.557837
-2.529917;0.197998;8.337935;-0.170678;1.845089;-0.044210
-2.464510;-0.823326;8.323260;0.508284;-0.268486;1.932515
-2.660978;-0.925839;8.552181;0.398419;0.014871;0.084410
-2.825830;-0.459287;8.454348;-0.122193;0.821779;-0.567802
-2.815750;-0.885053;8.442892;0.122042;-0.792751;0.564162
-2.728899;-0.680282;8.269372;0.147152;0.321102;-0.388873
-2.517614;-1.141360;8.306241;0.559031;-0.751943;0.041424
-2.565279;-1.451303;8.516647;0.564740;-1.081187;0.406685
-2.628308;-1.433284;8.445456;0.398189;-1.738458;0.794957
-2.883174;-0.870575;8.381646;0.233110;0.346084;-0.210817
-2.871978;-0.386436;8.157143;0.013118;2.553516;-1.890804
-2.956103;-1.075262;8.193955;0.416171;1.482110;-1.405320
-2.705111;-1.096404;8.258693;0.405796;1.508913;-1.377527
-3.082738;7.220829;8.155464;-15.736350;-11.711866;-4.521795
2.198663;-1.167956;0.987612;0.429747;-0.545650;0.938227
2.215481;-1.254627;1.006140;0.367294;-0.291559;-0.064943
2.014235;-1.482321;1.080895;0.481306;-0.950126;-0.239745
2.007060;-1.612122;0.999875;0.472506;-1.005972;-0.360876
1.967460;-1.142888;0.600740;0.325924;1.107481;-1.451638
2.028551;-1.541551;0.557970;0.676375;0.342538;-1.080449
1.655049;-1.136926;0.882652;0.374917;-0.258182;1.952605
1.656267;-0.107978;0.747206;-0.078365;3.259686;-2.046196
1.947823;-0.126842;1.033383;-0.061167;1.758848;-0.480718
2.057775;1.157103;1.026378;-0.052740;2.812315;-0.871043
2.055959;1.150190;0.928495;0.117325;3.513892;-1.051161
2.067587;-0.073185;0.731206;0.252036;3.123969;-1.913142
1.901533;0.959878;0.849520;-0.084421;2.514087;-0.219992
1.907659;1.045637;0.956133;-0.099297;2.336747;-0.092069
2.291566;1.494711;0.987986;0.052310;2.006750;0.766957
2.484225;1.240445;0.857022;0.276836;2.364193;1.039112
1.905202;-0.848572;0.512951;0.389113;1.892199;-1.322937
1.833774;-0.772398;0.603170;0.110149;1.218111;-0.921345
2.114100;-1.305582;0.629044;0.275074;-0.152735;-0.911636
1.999808;-1.253442;0.662551;0.268271;0.225777;-1.190686
2.100987;-1.493123;0.678361;0.570844;0.163725;-0.813377
2.854512;0.461910;0.599022;0.333179;1.143617;2.807092
2.903521;0.558798;0.719226;0.076075;1.191975;1.363715
2.570479;-1.359434;0.606511;0.304597;0.176064;-1.006503
2.321485;-1.229215;0.574111;0.243390;0.662723;-1.289473
2.388170;-0.280197;0.230576;0.328391;3.406978;-2.132011
2.225731;0.806972;0.618614;0.257860;1.332555;1.805241
2.076405;3.076560;0.774247;-0.360757;4.031829;-0.536510
1.803264;1.905560;0.668741;-0.318609;3.354760;-0.696568
1.393942;0.289591;0.255720;-0.005439;1.992516;-0.458573
1.472983;0.106344;0.131590;0.248552;2.182235;-0.600168
1.175911;0.101332;0.166591;0.091594;2.064503;0.353770
1.294922;0.465929;0.046677;-0.123843;2.636879;-1.009759
1.348853;0.546584;-0.026591;-0.074582;3.425104;-2.331726
1.321237;1.205189;-0.109792;-0.035318;3.305696;-1.820402
1.413308;0.918191;-0.323439;0.113947;3.778732;-1.230828
1.052823;-0.407145;-0.370553;0.243177;2.722086;-1.924399
1.018169;-0.164071;-0.272398;-0.027136;2.295306;-2.061031
1.188363;-0.353929;-0.141141;0.021381;1.849991;-1.486700
1.241790;-0.700472;0.106072;0.036381;0.831879;-1.063338
1.200892;-0.740995;0.045492;0.351704;1.143221;-0.758191
1.242446;-0.953994;0.048658;0.355257;0.691808;-0.524403
1.417354;0.978676;0.266866;-1.041118;0.758337;-0.337283
1.408181;1.292984;0.140798;-1.120993;1.834375;-1.503971
1.203453;0.464953;-0.390337;-0.068265;2.658803;-0.449732
1.273772;0.606565;-0.672086;0.042591;3.407915;-1.369913
1.239298;-0.014516;-0.669237;0.081105;3.608323;-2.705005
2.082956;2.442269;-0.010884;-0.004239;1.584533;4.428033
1.898483;6.819252;0.616874;-0.647511;4.740453;2.153317
1.739644;5.215266;0.597188;-0.399100;3.386867;1.986727
1.718076;1.181668;-0.192538;0.283825;2.411323;0.373902
1.464888;0.698132;-0.215308;0.412340;1.712975;0.683213
1.546044;0.654291;-0.763966;0.167526;3.091249;-2.014079
1.626817;0.974855;-0.807436;0.107730;4.182021;-2.289070
1.636454;-0.649109;-0.290465;0.106781;0.972602;-0.804066
1.492366;-0.599321;-0.371439;0.469024;1.457797;-0.620812
1.450703;0.393838;-0.267538;0.198579;2.430988;-0.724327
1.356661;3.074301;-0.180008;-1.246100;3.009186;-0.777914
1.154419;3.969740;-0.031147;-1.292144;3.771938;-0.652033
0.520203;1.473366;-0.091284;-0.162746;2.329308;-0.468184
0.454154;0.342173;-0.082046;-0.115032;1.641138;-0.340524
0.598043;-0.506455;-0.481912;0.016330;1.522183;-1.475581
0.923385;0.610148;-0.271865;-0.917637;0.820853;-0.311232
0.922974;0.755514;-0.256733;-1.205249;0.377061;-0.250333
1.001003;0.970445;-0.302225;-0.924694;1.069006;-0.084396
1.188650;0.598730;-0.255390;0.222008;2.566258;-0.449851
1.218919;0.826805;-0.357041;0.186792;2.764171;-0.743787
0.839467;1.188353;-0.468887;-0.311197;3.386956;-1.146190
0.467823;0.596903;-0.671105;0.061498;2.098900;-0.482928
0.345976;0.609391;-0.815744;0.093124;2.734576;-1.285468
0.511486;1.424415;-0.738368;0.190081;3.078832;0.388339
0.509190;1.870128;-0.829917;0.189855;3.356114;-0.021669
0.125381;1.090766;-1.003415;-0.109059;3.847608;-2.366607
0.479387;3.991677;-0.499645;-0.412782;4.052061;0.305219
0.485104;3.231224;-0.317180;-0.270729;2.410218;1.497268
1.046072;-0.116945;-0.160187;0.379078;-0.957021;4.318285
0.502102;0.080445;-0.334498;0.321794;1.666966;-0.424142
0.345447;1.105861;-0.815970;-0.120852;3.856173;-2.084229
0.219906;0.214082;-1.121236;0.052286;2.865816;-1.682952
0.290113;-0.777800;-1.033475;0.250060;0.821751;-1.157270
0.033814;-1.036054;-0.951399;0.495938;0.312898;-0.334619
0.114410;-0.945483;-0.736844;0.433861;-0.636679;0.599550
0.279695;-0.683054;-0.829020;0.142123;0.331986;-0.522951
0.313822;-1.106721;-0.774231;0.331132;-0.795766;-0.354963
0.180175;-1.149587;-0.790710;0.337894;-1.035683;-0.093379
0.348725;-0.994382;-1.010687;0.662516;-0.361603;-0.174733
0.383755;-0.777667;-1.055092;0.668504;0.152740;-0.347861
0.166171;-1.246492;-0.763588;0.355611;-1.447424;-0.270952
0.082100;-0.421314;-0.757033;0.162532;-0.311168;0.705269
0.304353;1.941146;-0.937805;-0.109096;2.883863;-0.237118
0.205444;2.846431;-1.075333;-0.043883;4.287542;-1.190347
-0.257821;0.462110;-1.336671;0.283772;2.457269;-0.877696
-0.214028;-0.569005;-1.277106;0.035854;1.015521;-1.254592
1.000230;7.447541;0.203506;-0.729690;1.307118;12.175031
1.007134;7.316681;0.424400;-0.786650;1.702145;11.737042
0.349298;0.899069;-0.470887;0.099285;1.610902;0.657432
0.543165;0.391989;-0.468261;0.448145;0.295353;2.159448
0.218740;-0.895685;-0.572972;0.162811;0.398472;-0.885316
0.186175;-1.015681;-0.654229;0.212402;0.180838;-0.808837
0.265011;-0.741964;-0.667201;0.146784;0.992215;-1.196818
1.175859;1.678900;-0.270218;-0.133075;2.208417;2.493670
1.582789;2.507208;-0.006133;-0.075927;3.774429;0.054263
1.189092;1.806478;-0.516566;-0.115901;4.454510;-2.043567
0.546115;1.510574;-0.957925;0.002658;3.019725;-0.896055
0.551437;1.178881;-0.925955;-0.085352;3.307493;-1.405255
0.384033;0.007122;-0.732825;-0.851967;0.955330;-1.570377
0.229603;1.574892;-0.453573;-0.753314;0.166241;1.562350
0.069724;1.101163;-0.570148;-0.017971;1.125391;1.278548
-0.036943;-0.300743;-0.911976;0.049982;1.314617;-1.183666
-0.348197;1.906435;-0.433885;-0.039037;-0.656730;5.746272
-0.014548;3.617608;-0.468017;-0.096800;3.198392;1.498673
-0.156560;7.564123;-0.332228;-10.158979;-4.715287;-0.386731
-4.229572;-0.746079;3.495232;0.499581;-1.393917;0.316120
-4.126803;-0.372155;3.426013;0.172554;-0.322615;-0.410006
-4.022755;-0.846827;3.449931;0.268310;-1.276444;-0.026402
-3.994061;-0.611416;3.349734;0.264370;-0.605436;0.011954
-4.053691;-0.818166;3.376767;0.538867;-0.242600;-0.150645
-4.049711;-0.877856;3.417838;0.607884;-0.912433;0.107469
-4.174546;-0.577620;3.287302;0.142283;-0.173226;-0.452862
-4.237162;-0.873710;3.401086;0.257182;-1.577059;0.214018
-4.129294;-0.791234;3.275942;0.318182;-1.673654;0.406305
-4.112083;-0.769878;3.322568;0.525500;-1.017113;0.246549
-4.133826;-0.796741;3.309753;0.419991;-0.689960;0.214394
-4.152506;-0.649960;3.332001;0.204591;-1.056166;0.173146
-3.823579;-0.319739;3.195348;0.153235;-0.603052;0.924525
-3.583010;-0.016320;3.285302;0.116668;0.341287;0.151896
-3.642811;-0.764769;3.253391;0.416355;0.088093;-0.538685
-3.884295;-0.820534;3.369931;0.552448;-0.713347;0.075977
-3.847385;-0.069962;3.540511;0.057893;-0.955920;1.390408
-3.872268;0.004441;3.468109;0.103012;-0.693008;1.250430
-3.895223;-0.624287;3.418900;0.209670;-0.724542;0.186431
-3.889781;-0.710082;3.452590;0.451255;-0.467068;-0.087771
-3.498507;0.950653;3.378778;0.120694;1.696493;0.407596
-3.664712;0.772273;3.261627;-0.023345;-0.316651;2.277629
-4.162228;-0.032610;3.189289;0.104920;0.016465;0.043436
-4.222466;0.821488;3.241979;-0.156698;1.713729;-0.610762
-4.034500;0.718943;3.671275;-0.058079;0.645135;1.340768
-3.959109;0.425744;3.589687;0.057988;0.421599;1.675563
-3.987031;-0.726813;3.543058;0.263259;-1.381672;0.230758
-4.036958;-0.524333;3.528997;0.201248;-1.274946;0.500668
-4.047874;-0.356201;3.498390;0.129343;-0.699236;0.284374
-3.906324;-0.539070;3.565121;0.398888;-0.420825;0.104371
-3.921765;-0.580094;3.484623;0.295353;-0.144402;-0.116402
-4.013687;-0.496895;3.558605;0.025899;-0.177019;-0.389117
-3.652398;0.109208;3.279051;0.183500;-0.287737;0.738404
-3.692395;-0.044839;3.262212;0.136391;-0.385987;0.600305
-4.019003;-0.702042;3.562971;0.444466;-1.160044;0.144022
-3.981374;-0.327368;3.535089;0.290374;-0.188400;0.005312
-4.144466;0.210266;3.525649;-0.100514;-0.053561;0.566764
-4.179405;-0.168786;3.584476;0.014114;-0.884761;1.022152
-4.097970;-0.750087;3.475289;0.312051;-1.444781;0.040676
-3.938904;-0.811805;3.516503;0.614408;-1.348562;0.518330
-4.149233;-0.676163;3.412991;0.520398;-1.108232;0.462419
-4.248205;-0.410836;3.423446;0.115932;-1.008277;0.204950
-4.253157;-0.218201;3.374377;0.055976;0.409338;-0.672052
-4.223034;-0.430349;3.515084;0.165889;-0.872418;0.148631
-4.089681;-0.631046;3.390138;0.470395;-0.864776;0.388529
-3.993731;-0.720682;3.385945;0.549432;-0.945702;0.680509
-4.035444;-0.676799;3.452672;0.363559;-1.688722;0.976843
-4.160127;-0.280163;3.392225;0.083692;-0.542267;-0.043986
-4.214630;-0.065043;3.380333;0.044519;0.070497;-0.179178
-4.206009;-0.637787;3.530395;0.433446;-0.792752;0.371264
-4.113395;-0.574610;3.538429;0.435364;-0.998940;0.752909
-4.160295;-0.307345;3.511424;0.015291;-0.919328;0.743762
-4.200956;-0.053640;3.373048;0.007898;0.039070;0.206018
-4.114275;-0.481650;3.377261;0.198601;-0.948425;0.373525
-4.041196;-0.889868;3.481015;0.565835;-1.229301;0.736795
-4.163213;-0.837079;3.429542;0.531583;-0.665709;0.270638
-4.097043;-0.973307;3.363556;0.376193;-1.230287;0.024059
-4.158586;-0.875760;3.411409;0.347037;-1.225761;0.093643
-3.907106;-0.268360;3.482009;0.129459;-2.040908;2.799422
-3.869110;-0.215347;3.435887;0.419859;-1.364364;2.657865
-4.100592;-0.572085;3.534514;0.453514;-0.447386;-0.086167
-4.226025;-0.192322;3.433310;0.006123;0.379693;-0.351591
-4.259103;-0.558902;3.601299;0.167233;-0.642404;-0.113443
-4.063619;-0.861431;3.596086;0.281341;-1.815658;0.780771
-4.010824;-1.142972;3.721538;0.691400;-2.456381;1.090552
-4.041241;-0.585070;3.502801;0.398526;0.223541;0.094606
-4.012721;-0.354418;3.704613;0.115520;-0.207149;0.292999
-3.998695;-0.435106;3.704674;0.104597;-0.655485;0.026917
-4.014233;-0.503021;3.613090;0.120535;-0.784863;-0.026603
-4.123950;-0.561850;3.686803;0.334231;-0.546137;0.158204
-4.157335;-0.356587;3.556276;0.410190;-0.303613;0.629538
-4.263316;-0.261979;3.548007;0.064229;-0.146952;0.282737
-4.157999;-0.747738;3.707003;0.180599;-1.020119;-0.128887
-4.080294;-0.928887;3.624350;0.258205;-1.333115;-0.130149
-3.953433;-0.733249;3.661222;0.543712;-1.197116;0.609888
-4.022016;-0.366159;3.570860;0.366550;-0.235875;0.579451
-4.034289;-0.294772;3.566088;0.012572;-0.036470;-0.402385
-4.033146;-0.501560;3.680948;0.099994;-0.865194;-0.130296
-3.972629;-0.606509;3.758480;0.180227;-1.349532;0.265914
-3.624189;0.264930;3.486121;0.244223;1.120010;0.210634
-3.769628;-0.133802;3.894210;0.330924;-0.505783;1.002945
-3.988711;-0.650303;4.130776;0.207640;-1.653610;0.380014
-3.648639;0.021846;3.891970;0.081748;-1.425998;1.861696
-3.669862;-0.067106;3.826679;0.068940;-1.555345;1.751081
-3.774518;-0.639024;3.761122;0.457106;-0.988703;0.335849
-3.867502;-0.340608;3.768680;0.456463;-0.796257;0.379653
-4.043561;-0.634366;3.791339;0.102375;-1.005282;-0.203698
-3.963693;-0.481239;3.820006;0.059376;-1.006356;0.146072
-3.985599;-0.585159;3.811192;0.046475;-0.842819;-0.120633
-3.998304;-0.933032;3.828348;0.450497;-0.909654;0.001242
-3.957399;-0.376084;3.748861;0.330573;-0.016271;0.063819
-3.944628;-0.360697;3.847431;0.020721;-0.455226;-0.275593
-3.951788;-0.660933;3.914256;0.088886;-0.772606;-0.324333
-3.867970;-0.039321;3.666061;-0.057732;0.552227;-0.038446
-3.780664;-0.431697;3.778724;0.334345;-0.077158;0.555229
-3.760181;-0.772655;3.959847;0.473305;-1.110328;0.748420
-3.801313;-0.299178;3.926631;0.062668;-0.417228;0.414657
-3.842709;-0.248532;3.966392;0.103244;-0.653667;0.332086
-3.757174;-0.100355;3.879799;-0.135382;0.377375;-0.218779
-3.692044;-0.038540;3.830775;0.167234;1.084976;-0.403541
-3.596156;-0.123727;3.834483;0.179744;0.893835;-0.503012
-3.633644;-0.189761;3.921238;0.016510;-0.415666;-0.210951
-3.787458;-0.609642;3.954163;0.168959;-1.316805;0.506551
-3.680431;-0.111844;3.930623;-0.021083;-0.902473;1.236530
-3.553953;0.675905;3.886083;-0.155922;1.133577;0.423592
-3.502492;0.902460;3.831450;0.017572;1.516193;-0.254948
-3.835312;0.454900;3.644668;-0.141550;1.577342;-0.703346
-3.507765;1.153798;3.828044;-0.140741;1.417108;0.416788
-3.652641;0.972626;3.708632;-0.161437;0.952111;0.988183
-4.466753;-0.408960;3.658743;0.491416;-0.909164;1.303324
-4.099377;15.735361;5.186747;0.465542;1.823722;11.641542
-2.480704;67.008494;12.950907;-7.432989;-7.341889;-26.477634
