Right Wrist_Ax_Mean;Right Wrist_Ax_Median;Right Wrist_Ax_Std;Right Wrist_Ax_Var;Right Wrist_Ax_RMS;Right Wrist_Ax_AvgDeriv;Right Wrist_Ax_Skew;Right Wrist_Ax_Kurt;Right Wrist_Ax_IQR;Right Wrist_Ax_ZCR;Right Wrist_Ax_MCR;Right Wrist_Ax_DomFreq;Right Wrist_Ax_Energy;Right Wrist_Ax_SpecEnt;Right Wrist_Ay_Mean;Right Wrist_Ay_Median;Right Wrist_Ay_Std;Right Wrist_Ay_Var;Right Wrist_Ay_RMS;Right Wrist_Ay_AvgDeriv;Right Wrist_Ay_Skew;Right Wrist_Ay_Kurt;Right Wrist_Ay_IQR;Right Wrist_Ay_ZCR;Right Wrist_Ay_MCR;Right Wrist_Ay_DomFreq;Right Wrist_Ay_Energy;Right Wrist_Ay_SpecEnt;Right Wrist_Az_Mean;Right Wrist_Az_Median;Right Wrist_Az_Std;Right Wrist_Az_Var;Right Wrist_Az_RMS;Right Wrist_Az_AvgDeriv;Right Wrist_Az_Skew;Right Wrist_Az_Kurt;Right Wrist_Az_IQR;Right Wrist_Az_ZCR;Right Wrist_Az_MCR;Right Wrist_Az_DomFreq;Right Wrist_Az_Energy;Right Wrist_Az_SpecEnt;Right Wrist_Gx_Mean;Right Wrist_Gx_Median;Right Wrist_Gx_Std;Right Wrist_Gx_Var;Right Wrist_Gx_RMS;Right Wrist_Gx_AvgDeriv;Right Wrist_Gx_Skew;Right Wrist_Gx_Kurt;Right Wrist_Gx_IQR;Right Wrist_Gx_ZCR;Right Wrist_Gx_MCR;Right Wrist_Gx_DomFreq;Right Wrist_Gx_Energy;Right Wrist_Gx_SpecEnt;Right Wrist_Gy_Mean;Right Wrist_Gy_Median;Right Wrist_Gy_Std;Right Wrist_Gy_Var;Right Wrist_Gy_RMS;Right Wrist_Gy_AvgDeriv;Right Wrist_Gy_Skew;Right Wrist_Gy_Kurt;Right Wrist_Gy_IQR;Right Wrist_Gy_ZCR;Right Wrist_Gy_MCR;Right Wrist_Gy_DomFreq;Right Wrist_Gy_Energy;Right Wrist_Gy_SpecEnt;Right Wrist_Gz_Mean;Right Wrist_Gz_Median;Right Wrist_Gz_Std;Right Wrist_Gz_Var;Right Wrist_Gz_RMS;Right Wrist_Gz_AvgDeriv;Right Wrist_Gz_Skew;Right Wrist_Gz_Kurt;Right Wrist_Gz_IQR;Right Wrist_Gz_ZCR;Right Wrist_Gz_MCR;Right Wrist_Gz_DomFreq;Right Wrist_Gz_Energy;Right Wrist_Gz_SpecEnt;Right Wrist_Corr_AxAy;Right Wrist_Corr_AxAz;Right Wrist_Corr_AyAz;Right Wrist_Corr_GxGy;Right Wrist_Corr_GxGz;Right Wrist_Corr_GyGz;Right Wrist_Corr_AxGx;Right Wrist_Corr_AyGy;Right Wrist_Corr_AzGz;Right Wrist_Corr_AxGy;Right Wrist_Corr_AxGz;Right Wrist_Corr_AyGx;Right Wrist_Corr_AyGz;Right Wrist_Corr_AzGx;Right Wrist_Corr_AzGy;Right Wrist_AI;Right Wrist_VI;Right Wrist_SMA;Right Wrist_EVA1;Right Wrist_EVA2;Right Wrist_CAGH;Right Wrist_AVH;Right Wrist_AVG;Right Wrist_ARATG;Right Wrist_AAE;Right Wrist_ARE
2.000000;2.000000;0.000000;0.000000;2.000000;0.000000;0.000000;0.000000;0.000000;0.000000;0.000000;0.000000;408.000000;-0.000000;1.582106;1.481700;1.041687;1.085112;1.894247;0.645734;1.172271;3.657507;1.097373;0.264706;0.264706;0.000000;310.872612;1.047205;8.257181;8.814200;2.437518;5.941492;8.609445;0.381693;-0.975812;0.209842;1.566750;0.088235;0.088235;0.000000;7257.483740;0.245901;4.206600;3.478400;2.601820;6.769467;4.946206;0.335263;1.063679;-0.122080;2.285600;0.029412;0.029412;0.000000;2150.221950;0.708366;27.136233;12.536000;55.948554;3130.240674;62.182118;4.643384;0.831236;-0.256822;77.276500;0.019608;0.019608;0.501961;234753.253814;1.193447;-18.976269;-7.391300;44.708718;1998.869455;48.569211;11.474499;-1.110020;1.613022;44.306075;0.088235;0.088235;0.000000;138695.435328;2.250216;0.000000;0.000000;0.158233;0.578529;0.240579;0.290238;0.000000;0.328877;-0.018286;0.000000;0.000000;-0.002555;0.045079;-0.834827;-0.221148;8.744048;5.252341;11.872318;6.033660;1.062514;0.000000;7.667912;2.011719;5.231227;81.710709;6250.049041
2.000000;2.000000;0.000000;0.000000;2.000000;0.000000;0.000000;0.000000;0.000000;0.000000;0.000000;0.000000;408.000000;-0.000000;1.783151;1.781800;0.622757;0.387826;1.888770;0.231101;0.078441;1.056368;0.662475;0.127451;0.127451;0.000000;344.101442;0.360958;9.181443;9.345600;0.512826;0.262990;9.195754;0.182507;-0.733842;-0.132839;0.632050;0.049020;0.049020;0.000000;8611.900867;0.014761;2.872489;2.864500;0.659555;0.435013;2.947237;0.139036;-0.146147;-0.005423;0.792350;0.107843;0.107843;0.000000;863.807966;0.169806;-4.127429;-1.346400;16.817177;282.817445;17.316267;1.786957;-1.182757;0.759850;11.836250;0.019608;0.019608;0.501961;16162.739184;1.646086;-3.542719;-2.402750;23.728624;563.047608;23.991633;6.292547;-0.759948;1.498765;16.266275;0.127451;0.127451;2.007843;30001.488132;2.495625;0.000000;0.000000;0.492594;0.431240;0.474828;0.439691;0.000000;0.298692;0.191983;0.000000;0.000000;-0.281310;-0.136764;-0.031626;0.558782;9.582536;0.304352;12.966975;0.499554;0.157706;0.000000;9.218498;2.011719;2.875566;92.129342;884.137793
2.000000;2.000000;0.000000;0.000000;2.000000;0.000000;0.000000;0.000000;0.000000;0.000000;0.000000;0.000000;408.000000;-0.000000;2.033457;1.993350;0.464905;0.216137;2.085925;0.138983;0.422998;2.280671;0.464300;0.127451;0.127451;0.000000;432.797060;0.179471;9.338899;9.324400;0.176500;0.031152;9.340567;0.098673;0.943205;3.721233;0.165725;0.303922;0.303922;0.000000;8897.522803;0.002241;2.968139;3.013350;0.320924;0.102992;2.985438;0.077035;-0.882696;0.696589;0.318175;0.098039;0.098039;0.000000;903.858223;0.046118;-1.245009;-1.956400;4.002900;16.023207;4.192046;0.790957;0.038603;-0.754139;5.827375;0.058824;0.058824;0.501961;975.568456;1.329554;-1.858527;-4.134250;13.199665;174.231158;13.329864;3.607739;0.318530;1.179963;15.629275;0.088235;0.088235;0.501961;9241.254115;2.585187;0.000000;0.000000;-0.145231;-0.237771;-0.384235;0.208382;0.000000;0.378854;0.208844;0.000000;0.000000;-0.258699;-0.272688;-0.370580;0.057379;9.775683;0.033283;13.372356;0.219049;0.030689;0.000000;9.658362;2.011719;2.849838;95.597271;204.171375
2.000000;2.000000;0.000000;0.000000;2.000000;0.000000;0.000000;0.000000;0.000000;0.000000;0.000000;0.000000;408.000000;-0.000000;2.080399;2.054700;0.217622;0.047360;2.091750;0.085701;0.229824;-0.164377;0.214100;0.205882;0.205882;0.000000;443.880544;0.049074;9.269245;9.277450;0.114504;0.013111;9.269952;0.077652;0.084594;0.715395;0.148025;0.303922;0.303922;0.000000;8764.399637;0.001026;3.125934;3.104550;0.147774;0.021837;3.129425;0.073316;0.798489;1.170408;0.183550;0.156863;0.156863;0.000000;997.803412;0.011879;-0.606007;-0.583470;2.559402;6.550537;2.630168;0.543677;-0.529637;-0.428231;4.212475;0.078431;0.078431;0.501961;371.748577;1.755275;-2.708796;-3.005350;8.895788;79.135040;9.299065;1.690355;-0.082593;-0.816767;12.551450;0.068627;0.068627;0.501961;4784.345232;1.948254;0.000000;0.000000;-0.285794;0.071833;-0.529467;0.331521;0.000000;0.409149;0.060550;0.000000;0.000000;0.434535;-0.037251;-0.156843;0.021831;9.710625;0.011199;13.349644;0.049264;0.011805;0.000000;9.546667;2.011719;3.168927;94.307435;103.183702
2.000000;2.000000;0.000000;0.000000;2.000000;0.000000;0.000000;0.000000;0.000000;0.000000;0.000000;0.000000;408.000000;-0.000000;2.100751;2.081600;0.207741;0.043156;2.110998;0.081927;-0.447325;0.843862;0.275775;0.166667;0.166667;0.000000;452.344965;0.042661;9.232312;9.241500;0.132738;0.017619;9.233266;0.071845;0.296877;-0.002613;0.195650;0.186275;0.186275;0.000000;8694.928553;0.001343;3.200239;3.173000;0.190209;0.036179;3.205887;0.069237;0.264550;-0.873596;0.295575;0.107843;0.107843;0.000000;1046.481673;0.017106;-1.371541;-1.592800;2.131098;4.541577;2.534305;0.467240;-0.114475;0.048041;2.404992;0.098039;0.098039;0.000000;423.502901;1.683313;-0.061025;0.244090;7.088623;50.248575;7.088886;1.651981;-0.313214;-0.049203;9.313550;0.088235;0.088235;1.003922;2563.484530;2.086961;0.000000;0.000000;-0.277500;-0.134258;-0.363922;0.169242;0.000000;0.214220;0.070755;0.000000;0.000000;0.283087;-0.178742;-0.492048;0.055170;9.679598;0.014902;13.333063;0.045722;0.015656;0.000000;9.554349;2.011719;3.141320;93.709511;66.952713
2.000000;2.000000;0.000000;0.000000;2.000000;0.000000;0.000000;0.000000;0.000000;0.000000;0.000000;0.000000;408.000000;-0.000000;2.021558;2.005850;0.203310;0.041335;2.031756;0.077167;0.165803;0.450454;0.212825;0.147059;0.147059;0.000000;418.951246;0.045022;9.181510;9.156350;0.106267;0.011293;9.182125;0.079761;0.518172;-0.070503;0.147150;0.303922;0.303922;0.000000;8599.196127;0.000947;3.396043;3.418000;0.150879;0.022764;3.399393;0.062284;-1.120391;1.259017;0.170775;0.205882;0.205882;0.000000;1177.538169;0.010061;-0.950787;-0.544490;2.032574;4.131357;2.243959;0.445436;-0.976799;0.517477;2.582265;0.049020;0.049020;0.501961;302.921271;1.541875;0.805409;0.938215;5.637557;31.782052;5.694799;1.561504;-0.845703;2.908461;5.240275;0.147059;0.147059;2.007843;1687.663332;2.467450;0.000000;0.000000;-0.163706;0.627445;-0.403043;0.010827;0.000000;-0.019597;0.105593;0.000000;0.000000;0.081153;-0.144246;-0.397577;-0.194731;9.613975;0.010924;13.203068;0.042159;0.010990;0.000000;9.480404;2.011719;3.374082;92.439446;49.021962
2.000000;2.000000;0.000000;0.000000;2.000000;0.000000;0.000000;0.000000;0.000000;0.000000;0.000000;0.000000;408.000000;-0.000000;-1.110063;-1.237300;1.873348;3.509433;2.177538;0.647654;-0.021524;-0.313989;2.992247;0.117647;0.117647;0.501961;304.670466;1.278951;-9.274596;-9.326550;1.698614;2.885291;9.428861;0.764867;-0.114814;3.086247;1.090950;0.186275;0.186275;0.000000;8921.149636;0.132693;1.148039;0.428865;2.785539;7.759229;3.012843;0.605465;0.983808;0.104494;3.656030;0.049020;0.049020;0.501961;530.509421;1.624385;-23.919845;-22.090500;44.972146;2022.493913;50.937735;8.334982;-0.061716;-1.390693;83.239250;0.039216;0.039216;0.501961;161512.127316;1.287396;26.855083;19.336000;40.293695;1623.581874;48.422901;16.286155;0.725505;0.690797;39.896975;0.196078;0.196078;0.000000;156385.402646;2.051672;0.000000;0.000000;-0.356805;-0.653019;-0.254893;0.269877;0.000000;0.729432;-0.030844;0.000000;0.000000;-0.767944;0.402299;0.659089;-0.235066;9.766223;2.265990;13.060127;4.418173;2.039865;0.000000;9.221053;2.011719;2.197768;97.645097;4948.507481
2.000000;2.000000;0.000000;0.000000;2.000000;0.000000;0.000000;0.000000;0.000000;0.000000;0.000000;0.000000;408.000000;-0.000000;-0.909122;-1.383050;1.472549;2.168401;1.730579;0.297575;0.785931;-0.081265;1.921588;0.029412;0.029412;0.000000;194.897874;1.355943;-9.523492;-9.548300;0.498199;0.248203;9.536514;0.253984;0.129098;1.437276;0.459825;0.196078;0.196078;0.000000;9263.751129;0.014494;0.110964;0.485805;0.966695;0.934498;0.973042;0.169199;-1.458569;1.402915;0.731064;0.029412;0.029412;0.501961;48.927928;1.714172;5.335878;6.023250;19.949579;397.985716;20.650843;3.687685;-0.002515;-0.766065;30.199350;0.039216;0.039216;1.003922;23201.577853;1.854900;13.442049;6.689550;42.938377;1843.704256;44.993254;7.581901;0.951493;1.220326;40.480500;0.098039;0.098039;0.501961;112459.962422;1.885277;0.000000;0.000000;0.155942;-0.496942;-0.541699;0.429490;0.000000;0.593932;0.272553;0.000000;0.000000;-0.810216;0.671621;-0.034821;0.506583;9.882675;0.272747;13.064913;2.196729;0.243801;0.000000;9.583123;2.011719;-0.272212;97.940009;2451.797059
2.000000;2.000000;0.000000;0.000000;2.000000;0.000000;0.000000;0.000000;0.000000;0.000000;0.000000;0.000000;408.000000;-0.000000;-1.925960;-1.896850;0.499495;0.249495;1.989678;0.163702;-0.222154;0.007032;0.543325;0.098039;0.098039;0.000000;391.075171;0.222648;-9.681784;-9.645650;0.299088;0.089454;9.686403;0.112232;-0.844231;0.822569;0.326750;0.147059;0.147059;0.000000;9565.730787;0.005255;0.458714;0.432035;0.294184;0.086544;0.544943;0.077605;0.426515;-0.415635;0.402677;0.088235;0.088235;0.000000;25.878152;0.824274;-3.318991;-2.068550;13.686706;187.325910;14.083381;2.429218;-0.284942;-0.698202;20.995050;0.068627;0.068627;1.505882;10679.721822;1.836116;-3.005219;-1.327200;20.272633;410.979668;20.494170;4.487709;-1.544910;3.632420;26.525250;0.088235;0.088235;2.007843;21883.241362;2.283269;0.000000;0.000000;-0.084719;-0.387500;0.026559;0.017426;0.000000;0.208847;-0.318229;0.000000;0.000000;0.051616;-0.050650;-0.259585;0.192759;10.084576;0.086550;13.607744;0.252970;0.089335;0.000000;9.936017;2.011719;0.575185;101.785219;618.649580
2.000000;2.000000;0.000000;0.000000;2.000000;0.000000;0.000000;0.000000;0.000000;0.000000;0.000000;0.000000;408.000000;-0.000000;-1.930133;-1.847900;0.396893;0.157524;1.970517;0.131858;-1.365347;3.030711;0.424625;0.107843;0.107843;0.000000;388.026811;0.145943;-9.702890;-9.689100;0.249972;0.062486;9.706110;0.072247;-0.569632;0.703835;0.339075;0.147059;0.147059;0.000000;9606.087783;0.003847;0.206368;0.166580;0.271854;0.073905;0.341310;0.068235;0.740922;0.243986;0.383600;0.049020;0.049020;0.000000;8.113884;1.711120;1.273639;3.419900;12.923120;167.007032;12.985730;2.153082;-0.112694;-1.088746;20.805750;0.049020;0.049020;1.003922;8683.676421;2.061819;1.261120;5.080100;15.802421;249.716498;15.852663;3.650136;-1.396489;2.808527;20.698200;0.058824;0.058824;0.501961;12898.310939;2.391167;0.000000;0.000000;0.048504;-0.007726;0.018443;0.341625;0.000000;0.679730;0.037087;0.000000;0.000000;0.169231;0.407887;-0.511488;0.087838;10.100710;0.067158;13.633024;0.159329;0.062859;0.000000;9.977544;2.011719;0.248130;102.091502;420.052603
2.000000;2.000000;0.000000;0.000000;2.000000;0.000000;0.000000;0.000000;0.000000;0.000000;0.000000;0.000000;408.000000;-0.000000;-1.942749;-1.858200;0.374985;0.140614;1.978608;0.154884;-1.612115;4.101842;0.360075;0.176471;0.176471;0.000000;392.149175;0.137201;-9.655746;-9.621400;0.237215;0.056271;9.658659;0.076350;-0.984977;1.427502;0.318850;0.107843;0.107843;0.000000;9512.679918;0.003315;0.244192;0.111275;0.374585;0.140314;0.447151;0.092354;0.968583;-0.290406;0.462564;0.058824;0.058824;0.000000;13.238487;1.767513;0.976212;2.980200;12.513082;156.577211;12.551104;2.455802;-0.229395;-0.791564;18.932700;0.068627;0.068627;1.505882;8082.650075;1.373769;-0.331128;2.425650;14.947909;223.439976;14.951576;4.558515;-1.640791;3.457817;15.289850;0.117647;0.117647;1.505882;11406.631899;2.378905;0.000000;0.000000;0.010008;-0.026953;-0.115677;0.560213;0.000000;0.463301;0.222021;0.000000;0.000000;0.014129;0.339129;-0.726353;-0.034016;10.057070;0.059933;13.598495;0.142016;0.056818;0.000000;9.908074;2.011719;0.159205;101.204591;381.279766
2.000000;2.000000;0.000000;0.000000;2.000000;0.000000;0.000000;0.000000;0.000000;0.000000;0.000000;0.000000;408.000000;-0.000000;-1.902071;-1.896750;0.209066;0.043709;1.913526;0.126226;-0.074953;1.972722;0.166075;0.303922;0.303922;0.000000;371.252309;0.054621;-9.649515;-9.628850;0.202101;0.040845;9.651631;0.066955;-1.594013;4.766922;0.161150;0.176471;0.176471;0.000000;9499.622837;0.002586;0.308049;0.240625;0.281513;0.079249;0.417305;0.073876;1.344814;1.556633;0.172873;0.098039;0.098039;0.000000;13.723577;1.197725;-0.973869;0.132885;8.547624;73.061879;8.602924;1.704907;-0.414313;1.123246;6.120500;0.107843;0.107843;2.007843;3823.109018;2.061134;0.510752;1.540800;9.023388;81.421531;9.037832;2.951866;-0.725059;1.239541;9.061800;0.117647;0.117647;1.505882;4179.440441;2.491284;0.000000;0.000000;-0.096110;0.070557;-0.193153;0.709133;0.000000;0.265441;0.098020;0.000000;0.000000;-0.116897;0.027758;-0.807222;-0.032017;10.038799;0.038069;13.551585;0.047044;0.038347;0.000000;9.889686;2.011719;0.326760;100.815560;155.866842
2.000000;2.000000;0.000000;0.000000;2.000000;0.000000;0.000000;0.000000;0.000000;0.000000;0.000000;0.000000;408.000000;-0.000000;1.540139;1.487050;3.586730;12.864635;3.903417;0.541167;0.026854;-1.318420;6.888200;0.019608;0.019608;0.501961;898.054129;0.943819;7.505216;8.448500;3.209433;10.300463;8.162642;0.326226;-1.056351;-0.173342;3.889575;0.009804;0.009804;0.000000;6270.834813;0.376224;1.497994;0.748130;4.171465;17.401119;4.432280;0.493920;0.388597;-1.154253;6.909075;0.019608;0.019608;0.501961;1116.535706;0.980438;13.437226;21.073500;73.237006;5363.658998;74.459506;6.402810;-0.323398;-1.073809;114.424750;0.019608;0.019608;0.501961;291963.634966;0.708347;-33.369981;-13.760500;58.234543;3391.261998;67.117938;11.008463;-0.874281;0.862929;67.749925;0.058824;0.058824;0.000000;286539.558831;1.660251;0.000000;0.000000;-0.803241;0.316213;-0.150894;0.262246;0.000000;0.640898;0.046349;0.000000;0.000000;0.873962;-0.123997;-0.907085;-0.379877;9.103044;2.999978;12.807546;21.124521;2.269935;0.000000;7.221499;2.011719;3.016515;85.865392;10068.680812
2.000000;2.000000;0.000000;0.000000;2.000000;0.000000;0.000000;0.000000;0.000000;0.000000;0.000000;0.000000;408.000000;-0.000000;1.023485;2.469800;2.682107;7.193697;2.870752;0.284582;-0.676388;-0.980575;4.950525;0.009804;0.009804;0.501961;473.771892;1.254630;9.131151;8.828300;0.852115;0.726101;9.170824;0.175608;1.052031;0.498281;0.903350;0.049020;0.049020;0.000000;8541.584206;0.034577;1.238119;3.002350;2.756664;7.599196;3.021942;0.261009;-0.738291;-1.079065;4.798100;0.009804;0.009804;0.501961;544.091409;1.417256;-19.442810;0.259775;43.971319;1933.476888;48.078059;3.575464;-1.178325;-0.126752;41.569525;0.019608;0.019608;0.501961;137165.656280;1.377500;-13.552036;3.630850;57.715175;3331.041402;59.284898;8.180497;-1.711964;2.710146;34.169000;0.039216;0.039216;1.003922;188616.203720;1.727337;0.000000;0.000000;-0.773283;0.397967;0.142145;0.686582;0.000000;0.605685;0.008465;0.000000;0.000000;0.945346;0.288989;-0.739774;-0.514773;9.774515;0.804097;13.822145;7.720812;0.277400;0.000000;9.512248;2.011719;-0.133183;96.345236;5835.330964
2.000000;2.000000;0.000000;0.000000;2.000000;0.000000;0.000000;0.000000;0.000000;0.000000;0.000000;0.000000;408.000000;-0.000000;3.301741;3.326600;0.212566;0.045184;3.308577;0.077420;-0.859398;2.331389;0.213050;0.166667;0.166667;0.000000;1114.259182;0.020180;8.827055;8.855100;0.192290;0.036976;8.829149;0.058365;-0.828230;1.426195;0.159750;0.127451;0.127451;0.000000;7949.409489;0.002810;3.325632;3.291650;0.222355;0.049442;3.333057;0.038736;0.546130;-0.634376;0.337900;0.068627;0.068627;0.000000;1130.624246;0.019544;2.435294;1.817300;4.155297;17.266490;4.816342;0.902611;0.507406;-0.269827;4.655283;0.078431;0.078431;0.000000;1485.542712;1.875673;2.692915;1.975600;10.992977;120.845552;11.318010;2.801564;-0.124767;0.726391;12.131950;0.098039;0.098039;2.007843;6903.389383;2.293534;0.000000;0.000000;0.256931;0.274238;0.003961;0.457366;0.000000;0.090359;-0.146970;0.000000;0.000000;0.342831;-0.256064;0.225380;0.150817;9.636291;0.042457;14.128796;0.052874;0.030100;0.000000;9.442491;2.011719;3.414373;92.900553;162.403766
2.000000;2.000000;0.000000;0.000000;2.000000;0.000000;0.000000;0.000000;0.000000;0.000000;0.000000;0.000000;408.000000;-0.000000;3.274682;3.279200;0.122417;0.014986;3.276970;0.033926;-0.029571;0.033386;0.169150;0.088235;0.088235;0.000000;1094.565851;0.007319;8.906310;8.902300;0.060877;0.003706;8.906518;0.032360;-0.282752;2.225077;0.067050;0.235294;0.235294;0.000000;8091.069195;0.000339;3.170951;3.155200;0.121963;0.014875;3.173296;0.026524;0.836676;0.840261;0.162550;0.117647;0.117647;0.000000;1026.361583;0.007341;0.571032;0.492570;1.961627;3.847981;2.043051;0.446135;0.706842;1.277039;2.460575;0.107843;0.107843;1.505882;229.592552;2.211621;0.072246;0.778030;3.924002;15.397794;3.924667;1.000511;-1.262625;2.159003;4.267800;0.078431;0.078431;1.505882;785.880765;2.225406;0.000000;0.000000;-0.072591;0.311367;-0.115127;0.184889;0.000000;-0.443669;0.453890;0.000000;0.000000;0.400056;-0.338198;0.006525;-0.079878;9.698459;0.004475;14.180992;0.015160;0.003717;0.000000;9.550238;2.011719;3.218722;94.064591;29.646878
2.000000;2.000000;0.000000;0.000000;2.000000;0.000000;0.000000;0.000000;0.000000;0.000000;0.000000;0.000000;408.000000;-0.000000;3.240978;3.254000;0.066389;0.004408;3.241658;0.020799;-0.237709;-0.465087;0.084900;0.078431;0.078431;0.000000;1071.626858;0.002357;8.914380;8.911900;0.031472;0.000990;8.914436;0.022719;0.092468;-0.736524;0.049175;0.245098;0.245098;0.000000;8105.600666;0.000100;3.143217;3.148800;0.065615;0.004305;3.143901;0.021917;-0.292204;0.240431;0.090550;0.137255;0.137255;0.000000;1007.960297;0.002510;-0.000705;0.011404;1.171926;1.373409;1.171926;0.234230;-0.532602;0.740456;1.396245;0.107843;0.107843;2.007843;70.043971;1.524062;0.732714;0.488180;1.543021;2.380912;1.708151;0.356011;0.644963;-0.305052;2.040430;0.117647;0.117647;0.501961;176.188423;1.816316;0.000000;0.000000;-0.290098;0.234278;0.060952;0.451080;0.000000;-0.770468;0.231802;0.000000;0.000000;0.086857;-0.426504;0.125941;0.235546;9.694048;0.000957;14.155359;0.004557;0.000895;0.000000;9.542360;2.011719;3.150532;93.975517;14.175308
2.000000;2.000000;0.000000;0.000000;2.000000;0.000000;0.000000;0.000000;0.000000;0.000000;0.000000;0.000000;408.000000;-0.000000;3.243425;3.248050;0.043255;0.001871;3.243714;0.021057;0.047745;-0.900239;0.077375;0.147059;0.147059;0.000000;1073.115934;0.001157;8.916608;8.913250;0.030272;0.000916;8.916659;0.020726;0.019503;-0.517432;0.038150;0.284314;0.284314;0.000000;8109.648113;0.000093;3.139789;3.134000;0.038601;0.001490;3.140026;0.017614;0.597283;-0.387163;0.057600;0.166667;0.166667;0.000000;1005.620302;0.000975;0.210475;0.281665;0.577346;0.333328;0.614514;0.151444;-0.432888;-0.493504;0.719917;0.078431;0.078431;0.501961;21.518385;1.939075;0.561314;0.617850;0.893015;0.797475;1.054774;0.353444;-0.190713;-0.514675;1.151773;0.176471;0.176471;0.000000;72.809030;2.025721;0.000000;0.000000;-0.379458;0.060852;-0.048591;0.616184;0.000000;-0.519686;0.125961;0.000000;0.000000;0.098581;-0.263704;-0.042420;0.101156;9.696794;0.000679;14.160033;0.002103;0.000712;0.000000;9.542167;2.011719;3.167412;94.028492;11.349943
2.000000;2.000000;0.000000;0.000000;2.000000;0.000000;0.000000;0.000000;0.000000;0.000000;0.000000;0.000000;408.000000;-0.000000;2.352452;2.296050;0.209309;0.043810;2.361745;0.063727;1.118877;2.031679;0.238250;0.088235;0.088235;0.000000;566.707809;0.034950;9.285299;9.244350;0.451566;0.203912;9.296273;0.079891;-0.475605;2.887772;0.375625;0.098039;0.098039;0.000000;8804.515047;0.011944;3.518229;3.379650;0.482972;0.233262;3.551225;0.061803;1.208068;0.957714;0.531825;0.039216;0.039216;0.000000;1274.446132;0.066120;4.401479;1.352900;22.337422;498.960434;22.766938;1.936368;0.653182;-0.090475;21.447050;0.029412;0.029412;1.003922;27423.741122;1.255081;-5.408080;-2.257800;15.372834;236.324038;16.296361;2.685124;-0.278910;-0.450450;16.701250;0.049020;0.049020;0.000000;15035.824214;2.090198;0.000000;0.000000;0.662825;0.618888;0.367764;0.343762;0.000000;0.219210;0.001632;0.000000;0.000000;0.298078;-0.126760;0.682396;0.222020;9.786900;0.215111;13.637751;0.227745;0.022430;0.000000;9.697874;2.011719;3.607365;95.998530;796.516020
2.000000;2.000000;0.000000;0.000000;2.000000;0.000000;0.000000;0.000000;0.000000;0.000000;0.000000;0.000000;408.000000;-0.000000;2.297902;2.274650;0.097822;0.009569;2.299983;0.033316;1.197954;1.197850;0.103150;0.098039;0.098039;0.000000;539.084285;0.009194;9.211284;9.224500;0.139583;0.019484;9.212342;0.044943;-0.889450;1.900293;0.124500;0.117647;0.117647;0.000000;8655.465147;0.001408;3.461337;3.445600;0.134996;0.018224;3.463969;0.025425;0.761853;0.645304;0.132025;0.137255;0.137255;0.000000;1222.976747;0.007259;1.081448;0.033848;5.600947;31.370610;5.704397;0.664884;1.172838;0.905674;4.242875;0.049020;0.049020;1.505882;1719.199214;1.401868;0.513163;-0.419525;5.545044;30.747514;5.568739;0.976350;0.673856;2.031921;4.630100;0.049020;0.049020;1.505882;1595.302809;1.749311;0.000000;0.000000;0.029804;0.286112;0.099447;0.872451;0.000000;0.713651;-0.018078;0.000000;0.000000;0.291293;0.525719;0.717215;0.029379;9.702527;0.018128;13.509186;0.019693;0.009647;0.000000;9.542925;2.011719;3.493048;94.157165;75.550070
2.000000;2.000000;0.000000;0.000000;2.000000;0.000000;0.000000;0.000000;0.000000;0.000000;0.000000;0.000000;408.000000;-0.000000;2.310775;2.288750;0.090281;0.008151;2.312537;0.030119;0.544499;-0.274230;0.131200;0.117647;0.117647;0.000000;545.062983;0.007920;9.195613;9.201550;0.084712;0.007176;9.196003;0.036032;-0.593041;0.371317;0.095775;0.186275;0.186275;0.000000;8625.414051;0.000578;3.520094;3.511450;0.103429;0.010698;3.521613;0.021090;0.170416;-0.891601;0.159375;0.068627;0.068627;0.000000;1264.433971;0.004492;-0.444503;-0.352570;1.601442;2.564617;1.661987;0.339554;-0.421684;-0.260691;2.374575;0.088235;0.088235;1.505882;150.954909;1.961342;0.871960;-0.076280;2.834485;8.034303;2.965572;0.647980;0.902358;0.317523;3.611710;0.029412;0.029412;1.003922;487.312383;1.988962;0.000000;0.000000;0.300929;0.374452;0.518343;0.458944;0.000000;0.439973;-0.116651;0.000000;0.000000;0.508568;-0.032932;-0.135685;-0.066418;9.690528;0.007976;13.506387;0.010115;0.005364;0.000000;9.556336;2.011719;3.496121;93.914299;23.958577
2.000000;2.000000;0.000000;0.000000;2.000000;0.000000;0.000000;0.000000;0.000000;0.000000;0.000000;0.000000;408.000000;-0.000000;2.318485;2.324550;0.085645;0.007335;2.320067;0.025946;0.328147;-0.267326;0.132200;0.107843;0.107843;0.000000;548.662254;0.007129;9.155344;9.158000;0.071705;0.005142;9.155625;0.034135;-0.243379;0.484568;0.074150;0.205882;0.205882;0.000000;8549.935538;0.000429;3.571109;3.580800;0.075111;0.005642;3.571899;0.018668;-0.008303;-0.333583;0.099650;0.078431;0.078431;0.000000;1301.075212;0.002499;0.572831;0.707555;1.475829;2.178071;1.583100;0.295767;-0.099076;-0.860983;2.399382;0.078431;0.078431;1.505882;144.553125;1.855651;0.739595;0.076278;2.706493;7.325104;2.805727;0.559323;1.093422;1.084237;2.593400;0.049020;0.049020;0.501961;429.375314;1.824149;0.000000;0.000000;0.549869;0.169106;0.333124;-0.101195;0.000000;0.189848;-0.057561;0.000000;0.000000;0.521092;-0.157419;0.332112;0.176639;9.654097;0.006591;13.473829;0.009886;0.002714;0.000000;9.494713;2.011719;3.594821;93.208177;23.136771
2.000000;2.000000;0.000000;0.000000;2.000000;0.000000;0.000000;0.000000;0.000000;0.000000;0.000000;0.000000;408.000000;-0.000000;2.376803;2.281200;0.659772;0.435299;2.466676;0.101695;2.328193;8.746528;0.382200;0.049020;0.049020;0.000000;598.424690;0.253516;9.266408;9.292000;1.765939;3.118540;9.433178;0.172218;0.378082;1.657171;0.221125;0.147059;0.147059;0.000000;8917.427995;0.120491;3.284122;3.308750;0.453003;0.205212;3.315217;0.057028;-0.476259;0.030745;0.418925;0.068627;0.068627;0.000000;1110.582173;0.066200;4.911207;1.062900;28.349070;803.669749;28.771335;2.277376;0.731963;0.941753;14.636325;0.029412;0.029412;1.003922;43453.520483;1.681679;2.052335;1.060245;19.272261;371.420031;19.381231;3.566298;0.324648;0.338420;8.234175;0.078431;0.078431;1.505882;19372.241679;1.839470;0.000000;0.000000;0.625633;0.894321;0.674038;0.742908;0.000000;0.602073;0.610588;0.000000;0.000000;0.337501;0.179856;0.803545;0.942847;9.792289;3.180421;13.643211;3.336487;0.252539;0.000000;9.782245;2.011719;3.340664;99.069345;1214.412483
2.000000;2.000000;0.000000;0.000000;2.000000;0.000000;0.000000;0.000000;0.000000;0.000000;0.000000;0.000000;408.000000;-0.000000;2.276208;2.236650;0.135808;0.018444;2.280256;0.025990;0.962920;0.019807;0.172950;0.068627;0.068627;0.000000;529.415263;0.015866;9.294047;9.295050;0.064056;0.004103;9.294268;0.034845;0.073295;0.332477;0.072550;0.245098;0.245098;0.000000;8810.898999;0.000345;3.300047;3.297150;0.124862;0.015591;3.302408;0.022066;0.326343;0.472459;0.147425;0.117647;0.117647;0.000000;1111.607066;0.007233;1.052552;-0.141905;3.173663;10.072135;3.343651;0.365621;1.944844;3.362108;1.887098;0.068627;0.068627;0.501961;627.059208;2.278575;0.797925;1.167050;2.331641;5.436550;2.464393;0.604782;-0.184520;-0.757653;3.409650;0.078431;0.078431;0.000000;342.212999;2.250121;0.000000;0.000000;0.074494;0.812706;0.450388;0.293258;0.000000;0.642842;0.377747;0.000000;0.000000;0.291883;-0.157615;0.136954;0.176456;9.776397;0.005039;13.570255;0.018656;0.004114;0.000000;9.645391;2.011719;3.330485;95.582980;28.159136
2.000000;2.000000;0.000000;0.000000;2.000000;0.000000;0.000000;0.000000;0.000000;0.000000;0.000000;0.000000;408.000000;-0.000000;2.206669;2.201850;0.067425;0.004546;2.207698;0.020284;0.706898;0.103145;0.072500;0.078431;0.078431;0.000000;496.909295;0.004817;9.275959;9.282450;0.035686;0.001274;9.276027;0.027450;0.032113;-0.691966;0.050100;0.333333;0.333333;0.000000;8776.493289;0.000120;3.303084;3.304050;0.049511;0.002451;3.303455;0.015759;-0.585899;0.534568;0.058500;0.176471;0.176471;0.000000;1112.982671;0.001374;0.137326;0.016692;0.738266;0.545036;0.750929;0.235150;0.587946;-0.232724;1.008733;0.098039;0.098039;3.011765;29.724396;2.229374;0.128926;0.083908;1.517518;2.302862;1.522985;0.357974;-0.095791;-0.128425;1.826827;0.098039;0.098039;0.501961;119.144450;2.000129;0.000000;0.000000;0.195768;0.465732;0.560584;0.246389;0.000000;-0.347717;0.064075;0.000000;0.000000;-0.430357;-0.554868;-0.059640;-0.227248;9.742537;0.001597;13.482627;0.004658;0.001219;0.000000;9.595665;2.011719;3.316907;94.918618;13.796195
2.000000;2.000000;0.000000;0.000000;2.000000;0.000000;0.000000;0.000000;0.000000;0.000000;0.000000;0.000000;408.000000;-0.000000;2.226368;2.225850;0.056331;0.003173;2.227080;0.018286;-0.314109;-0.495428;0.081075;0.107843;0.107843;0.000000;505.746590;0.003581;9.271444;9.271300;0.031531;0.000994;9.271498;0.021615;0.241454;-0.312252;0.037275;0.313725;0.313725;0.000000;8767.937943;0.000094;3.288767;3.290100;0.038986;0.001520;3.288998;0.013869;-0.209988;-0.578271;0.049350;0.137255;0.137255;0.000000;1103.308305;0.000872;0.155461;0.135700;0.647457;0.419201;0.665860;0.212414;0.470052;1.062630;0.761400;0.127451;0.127451;0.501961;23.848529;2.259954;-0.180824;-0.099161;0.755552;0.570859;0.776889;0.283964;-1.471118;3.212099;0.621663;0.156863;0.156863;0.501961;32.449531;2.618353;0.000000;0.000000;0.019829;0.546136;-0.098249;-0.002913;0.000000;-0.352685;-0.061105;0.000000;0.000000;-0.318926;0.150696;0.176404;-0.073360;9.742663;0.001078;13.497812;0.003205;0.001003;0.000000;9.584524;2.011719;3.313472;94.920556;11.864431
2.000000;2.000000;0.000000;0.000000;2.000000;0.000000;0.000000;0.000000;0.000000;0.000000;0.000000;0.000000;408.000000;-0.000000;6.108854;6.748600;1.657167;2.746202;6.329637;0.296870;-0.814767;-0.443963;1.634325;0.049020;0.049020;0.000000;3946.503886;0.202393;6.720579;5.982550;1.950662;3.805082;6.997948;0.246812;0.602312;-1.005165;3.675875;0.088235;0.088235;0.000000;4801.015898;0.197874;3.030542;4.223550;2.347820;5.512259;3.833594;0.197023;-0.141833;-1.836513;4.765250;0.009804;0.009804;0.000000;1217.959575;0.715417;6.368163;3.048700;32.901297;1082.495314;33.511920;2.628777;0.660807;0.037514;21.588950;0.019608;0.019608;0.501961;59344.220548;1.135468;-15.252107;-14.004500;19.958349;398.335707;25.118966;4.632253;-1.378200;2.534729;26.132953;0.107843;0.107843;0.000000;44049.312861;1.882762;0.000000;0.000000;-0.545993;0.344647;0.542434;0.213447;0.000000;0.794990;-0.268525;0.000000;0.000000;0.646527;0.404790;-0.884495;-0.296753;9.566671;1.514369;14.829433;5.168980;1.447169;0.000000;9.047815;2.011719;4.262282;93.035568;1768.707726
2.000000;2.000000;0.000000;0.000000;2.000000;0.000000;0.000000;0.000000;0.000000;0.000000;0.000000;0.000000;408.000000;-0.000000;4.446810;3.813500;1.426655;2.035344;4.670060;0.257272;1.081717;-0.002935;1.879125;0.029412;0.029412;0.000000;2120.862808;0.275850;8.684394;8.882750;1.175502;1.381805;8.763590;0.280887;-0.747204;0.469295;1.155375;0.107843;0.107843;0.000000;7763.181759;0.069469;1.071599;0.945675;0.875660;0.766780;1.383873;0.202951;1.603291;3.986924;0.946265;0.049020;0.049020;0.000000;156.249596;1.176749;-3.270175;-1.790950;29.373958;862.829425;29.555430;2.356488;1.167312;1.738540;32.059725;0.019608;0.019608;0.501961;45102.289876;1.508749;-25.082260;-20.511000;35.945955;1292.111712;43.831855;5.932514;-0.860627;0.133207;32.726875;0.117647;0.117647;0.000000;130068.138306;1.401049;0.000000;0.000000;-0.301041;0.575405;0.120567;0.373656;0.000000;0.765850;0.161766;0.000000;0.000000;0.216090;0.055677;-0.317190;-0.345366;10.077339;1.057211;15.131204;2.332826;1.118157;0.000000;9.910125;2.011719;1.047424;102.609968;2796.670045
2.000000;2.000000;0.000000;0.000000;2.000000;0.000000;0.000000;0.000000;0.000000;0.000000;0.000000;0.000000;408.000000;-0.000000;3.667716;3.642200;0.320569;0.102765;3.681698;0.117362;0.654159;0.804073;0.362125;0.147059;0.147059;0.000000;1377.359356;0.034076;9.184999;9.278250;0.458747;0.210448;9.196448;0.135626;-1.504291;3.330024;0.329575;0.127451;0.127451;0.000000;8615.892116;0.012881;1.109056;0.968210;0.441002;0.194483;1.193519;0.125024;0.928714;0.388700;0.506117;0.098039;0.098039;0.000000;135.381468;0.412628;-3.062661;-0.565465;9.466022;89.605570;9.949144;1.092103;-2.570350;6.279116;4.085900;0.009804;0.009804;0.501961;5527.841376;2.364317;-13.885286;-2.112900;35.514403;1261.272804;38.132322;4.205304;-1.521177;1.504252;32.650975;0.029412;0.029412;1.003922;83997.917322;1.960073;0.000000;0.000000;-0.010670;0.007514;-0.068864;0.844528;0.000000;-0.287091;0.289947;0.000000;0.000000;0.482311;-0.423303;0.089201;0.564265;10.096802;0.184142;14.852715;0.212555;0.103759;0.000000;9.876884;2.011719;1.226878;102.129558;1554.483920
2.000000;2.000000;0.000000;0.000000;2.000000;0.000000;0.000000;0.000000;0.000000;0.000000;0.000000;0.000000;408.000000;-0.000000;3.544215;3.558300;0.189811;0.036028;3.549294;0.070997;-0.569557;0.334711;0.211475;0.147059;0.147059;0.000000;1283.106138;0.014177;9.309306;9.294900;0.100121;0.010024;9.309844;0.056186;0.314647;0.001173;0.132700;0.205882;0.205882;0.000000;8840.155271;0.000786;0.984005;1.004500;0.159947;0.025583;0.996920;0.056919;-0.058319;0.484655;0.176105;0.117647;0.117647;0.000000;100.068145;0.101898;0.060502;0.068068;1.448404;2.097874;1.449667;0.565339;1.096296;4.463264;1.407265;0.137255;0.137255;2.007843;107.413408;2.957412;-0.665859;1.052600;7.947765;63.166963;7.975608;1.840926;-1.016053;1.397920;6.483600;0.078431;0.078431;2.007843;3266.739788;2.171320;0.000000;0.000000;0.022931;0.381333;0.586648;0.367186;0.000000;-0.164692;-0.031169;0.000000;0.000000;-0.248158;-0.282515;0.088991;0.077193;10.161580;0.012979;14.853521;0.036392;0.010116;0.000000;10.023512;2.011719;0.949025;103.270686;66.705716
2.000000;2.000000;0.000000;0.000000;2.000000;0.000000;0.000000;0.000000;0.000000;0.000000;0.000000;0.000000;408.000000;-0.000000;3.583695;3.612300;0.108855;0.011849;3.585348;0.037390;-1.021317;1.377518;0.132600;0.078431;0.078431;0.000000;1310.577717;0.004971;9.272323;9.264400;0.057784;0.003339;9.272503;0.033598;0.492146;0.659336;0.056500;0.254902;0.254902;0.000000;8769.718763;0.000287;1.046044;1.032950;0.059813;0.003578;1.047752;0.029084;1.488031;3.148334;0.049950;0.254902;0.254902;0.000000;111.791706;0.016865;0.235246;0.204125;0.666488;0.444206;0.706786;0.221585;-0.069321;-0.270220;0.986970;0.127451;0.127451;1.505882;28.300066;2.102797;1.031843;1.357750;2.535632;6.429431;2.737541;0.637258;-0.191514;2.131833;2.017552;0.117647;0.117647;0.000000;436.636085;2.278077;0.000000;0.000000;-0.467470;-0.139904;-0.275638;0.702163;0.000000;0.193979;-0.079672;0.000000;0.000000;-0.181937;-0.145983;0.335450;-0.266326;10.140596;0.002343;14.856018;0.012893;0.002446;0.000000;9.995819;2.011719;1.064280;102.834024;9.091462
2.000000;2.000000;0.000000;0.000000;2.000000;0.000000;0.000000;0.000000;0.000000;0.000000;0.000000;0.000000;408.000000;-0.000000;3.534954;3.534350;0.103604;0.010734;3.536472;0.023837;-0.048794;-1.232927;0.177800;0.068627;0.068627;0.000000;1275.129377;0.004292;9.296796;9.293800;0.049776;0.002478;9.296929;0.021941;-0.027551;-0.846428;0.072425;0.127451;0.127451;0.000000;8816.028989;0.000204;1.026583;1.023800;0.026541;0.000704;1.026926;0.022148;0.325961;-0.325357;0.036650;0.313725;0.313725;0.000000;107.530869;0.004092;0.310708;0.295695;0.464698;0.215944;0.559002;0.148578;0.496635;-0.380199;0.589682;0.147059;0.147059;0.000000;20.863244;1.652706;1.072675;1.052600;1.028184;1.057161;1.485865;0.354049;-0.004336;-0.221326;1.414992;0.166667;0.166667;0.000000;171.281535;1.348863;0.000000;0.000000;-0.827233;0.166199;0.054883;0.637618;0.000000;0.204810;-0.385396;0.000000;0.000000;0.144294;0.279226;-0.118065;-0.251840;10.145879;0.000660;14.831750;0.012666;0.000676;0.000000;10.001410;2.011719;1.034266;102.939528;3.574853
2.000000;2.000000;0.000000;0.000000;2.000000;0.000000;0.000000;0.000000;0.000000;0.000000;0.000000;0.000000;408.000000;-0.000000;5.422424;5.407000;0.732834;0.537046;5.471720;0.339704;1.360995;15.848283;0.117675;0.264706;0.264706;0.000000;3026.567540;0.085467;2.330377;2.777550;1.538960;2.368399;2.792679;0.443240;-5.346376;35.155219;0.153175;0.039216;0.039216;0.000000;675.082178;1.058950;8.176256;8.174950;0.170394;0.029034;8.178031;0.078997;-1.832112;9.287880;0.065125;0.205882;0.205882;0.000000;6820.300264;0.002764;8.983667;0.200085;24.872390;618.635775;26.445076;1.702858;2.237252;3.543898;1.424840;0.009804;0.009804;1.003922;39786.682979;2.053623;3.355790;0.366130;15.848698;251.181229;16.200079;3.546696;2.287048;10.226610;1.865000;0.049020;0.049020;1.003922;13990.981182;3.118313;0.000000;0.000000;-0.390301;-0.333892;-0.139403;0.584221;0.000000;-0.016362;0.034763;0.000000;0.000000;0.154963;-0.035977;0.149131;-0.524535;6.388631;0.924171;10.032065;2.493149;0.441062;0.000000;6.078099;2.011719;8.224755;41.738778;1028.664789
2.000000;2.000000;0.000000;0.000000;2.000000;0.000000;0.000000;0.000000;0.000000;0.000000;0.000000;0.000000;408.000000;-0.000000;4.251395;4.506250;1.635429;2.674627;4.555106;0.489654;-0.039731;0.089552;2.498625;0.088235;0.088235;0.000000;1980.009592;0.397938;5.593925;4.158450;4.196547;17.611010;6.993068;0.682839;-0.296016;0.094446;6.682975;0.009804;0.009804;0.000000;4090.086683;0.862232;6.204709;7.626700;2.274945;5.175376;6.608615;0.199984;-0.526346;-1.335447;4.092100;0.029412;0.029412;0.000000;4190.815948;0.312538;24.365264;13.574500;30.394633;923.833739;38.955100;3.410846;0.568190;-1.110859;52.959687;0.039216;0.039216;0.000000;107669.465428;1.136908;-10.567884;-4.584300;33.393128;1115.101023;35.025436;7.684732;0.744494;0.557433;41.636250;0.049020;0.049020;0.501961;68276.332910;2.197628;0.000000;0.000000;-0.644058;-0.007088;0.581977;0.163416;0.000000;0.048567;-0.523705;0.000000;0.000000;0.854103;0.502092;-0.752002;0.094797;8.227189;5.965362;12.124585;19.007454;1.479031;0.000000;6.523340;2.011719;7.439796;73.651993;2787.954809
2.000000;2.000000;0.000000;0.000000;2.000000;0.000000;0.000000;0.000000;0.000000;0.000000;0.000000;0.000000;408.000000;-0.000000;2.356246;1.784450;1.128006;1.272398;2.612335;0.220167;1.076479;-0.308510;1.529600;0.009804;0.009804;0.000000;631.186647;0.515667;9.398526;9.617400;1.356674;1.840565;9.495939;0.327369;-0.126722;3.573759;1.230850;0.068627;0.068627;0.000000;9103.821427;0.084958;3.366429;2.716250;1.403968;1.971126;3.647461;0.175717;1.401062;0.996172;1.686275;0.009804;0.009804;0.000000;1256.514336;0.435681;15.734932;8.452950;24.505800;600.534236;29.122540;2.351813;0.955262;-0.425231;30.820725;0.029412;0.029412;0.000000;55888.896363;1.495102;-17.339406;-14.820500;27.124755;735.752338;32.193281;5.766916;1.083756;2.828041;34.096125;0.058824;0.058824;0.000000;68204.257501;1.930084;0.000000;0.000000;0.225407;0.808233;0.084455;-0.108900;0.000000;0.812583;-0.310751;0.000000;0.000000;0.901814;0.032985;0.019770;0.076671;9.961013;1.775377;13.754773;2.023187;1.120598;0.000000;9.858247;2.011719;4.038706;100.997158;1897.833635
2.000000;2.000000;0.000000;0.000000;2.000000;0.000000;0.000000;0.000000;0.000000;0.000000;0.000000;0.000000;408.000000;-0.000000;1.797359;1.842400;0.238130;0.056706;1.813065;0.083754;-0.450354;-0.800076;0.397125;0.078431;0.078431;0.000000;332.403486;0.068059;9.539374;9.599000;0.399744;0.159795;9.547745;0.105134;-1.372811;2.061792;0.208025;0.127451;0.127451;0.000000;9290.113836;0.008888;2.426917;2.368500;0.199193;0.039678;2.435077;0.058368;0.823396;-0.083452;0.212600;0.127451;0.127451;0.000000;602.796263;0.030349;0.356205;0.760690;5.579326;31.128879;5.590685;0.757833;0.809442;0.830470;5.072600;0.039216;0.039216;1.003922;1600.788174;1.424805;-5.241460;-4.828350;7.260361;52.712841;8.954649;1.951659;-1.203462;2.828984;8.173163;0.068627;0.068627;0.000000;5493.209377;1.973957;0.000000;0.000000;0.138272;0.229995;-0.150925;0.232198;0.000000;0.560838;0.556283;0.000000;0.000000;-0.051662;0.089055;-0.284690;0.343005;9.914231;0.154677;13.336732;0.163048;0.055597;0.000000;9.671206;2.011719;2.503749;98.446647;117.371104
2.000000;2.000000;0.000000;0.000000;2.000000;0.000000;0.000000;0.000000;0.000000;0.000000;0.000000;0.000000;408.000000;-0.000000;1.928869;1.962500;0.107385;0.011532;1.931856;0.042084;-0.719318;-0.238311;0.157050;0.078431;0.078431;0.000000;380.082625;0.014742;9.602489;9.595500;0.061154;0.003740;9.602684;0.042425;0.092954;0.243663;0.084300;0.274510;0.274510;0.000000;9405.386303;0.000298;2.312691;2.304150;0.061234;0.003750;2.313502;0.022502;0.938183;1.291351;0.054375;0.235294;0.235294;0.000000;545.742378;0.003899;0.190888;0.240935;1.298905;1.687154;1.312857;0.269117;-1.311793;2.140620;1.341085;0.107843;0.107843;0.501961;89.766399;2.227937;-0.742436;0.488180;3.142206;9.873457;3.228725;0.732119;-0.932546;-0.290097;4.191450;0.068627;0.068627;0.501961;559.876640;1.789902;0.000000;0.000000;0.069906;0.512667;-0.043573;0.337799;0.000000;0.431853;0.274458;0.000000;0.000000;0.117854;-0.040975;-0.195211;-0.052907;9.996978;0.004031;13.531358;0.011673;0.003750;0.000000;9.845092;2.011719;2.335931;99.943605;17.500550
2.000000;2.000000;0.000000;0.000000;2.000000;0.000000;0.000000;0.000000;0.000000;0.000000;0.000000;0.000000;408.000000;-0.000000;1.812171;1.781900;0.130293;0.016976;1.816849;0.033332;0.555658;-0.933737;0.237250;0.049020;0.049020;0.000000;335.829960;0.021045;9.631454;9.636300;0.050492;0.002549;9.631586;0.040347;-0.095391;-0.848194;0.085200;0.303922;0.303922;0.000000;9462.150296;0.000212;2.300968;2.298500;0.035278;0.001245;2.301238;0.018016;-0.388607;0.295482;0.039050;0.284314;0.284314;0.000000;540.097589;0.001454;0.067246;-0.052364;0.483236;0.233517;0.487892;0.213992;0.561258;-0.480679;0.697917;0.166667;0.166667;1.003922;12.382939;2.392383;0.592721;0.503435;1.237678;1.531848;1.372285;0.518691;0.177688;-0.350958;1.601870;0.147059;0.147059;0.501961;113.985403;1.895912;0.000000;0.000000;-0.053167;0.199461;-0.183525;0.185573;0.000000;-0.165975;-0.261693;0.000000;0.000000;-0.470902;0.448052;0.019713;-0.190859;10.003278;0.002822;13.443625;0.017153;0.002566;0.000000;9.864609;2.011719;2.302928;100.068393;7.416901
2.000000;2.000000;0.000000;0.000000;2.000000;0.000000;0.000000;0.000000;0.000000;0.000000;0.000000;0.000000;408.000000;-0.000000;1.717168;1.710200;0.054458;0.002966;1.718031;0.036612;-0.015328;-0.497560;0.072700;0.323529;0.323529;0.000000;300.915085;0.005753;9.643584;9.647700;0.046328;0.002146;9.643696;0.040028;-0.105595;-0.552376;0.061875;0.382353;0.382353;0.000000;9485.978744;0.000177;2.321410;2.321250;0.031885;0.001017;2.321629;0.017980;0.280477;-0.232212;0.049950;0.215686;0.215686;0.000000;549.724127;0.001194;0.208601;0.171605;0.515845;0.266096;0.556426;0.224927;0.117180;-1.025014;0.813690;0.147059;0.147059;0.000000;18.023318;2.392314;0.171249;0.205950;1.068512;1.141718;1.082148;0.575330;-0.085782;-0.378994;1.460720;0.166667;0.166667;0.501961;61.229630;2.328068;0.000000;0.000000;0.172769;0.335201;0.161232;0.501564;0.000000;-0.297253;-0.310434;0.000000;0.000000;-0.118302;-0.449840;-0.261596;-0.247198;9.997513;0.002229;13.360752;0.003185;0.001977;0.000000;9.852994;2.011719;2.335362;99.952495;6.870614
2.000000;2.000000;0.000000;0.000000;2.000000;0.000000;0.000000;0.000000;0.000000;0.000000;0.000000;0.000000;408.000000;-0.000000;1.725407;1.722250;0.051017;0.002603;1.726161;0.034847;-0.059750;0.092387;0.068500;0.254902;0.254902;0.000000;303.789799;0.005085;9.642422;9.647950;0.042889;0.001839;9.642517;0.038198;-0.159592;-0.251413;0.061425;0.382353;0.382353;0.000000;9483.675775;0.000156;2.318938;2.320250;0.031019;0.000962;2.319146;0.017292;0.245632;0.250288;0.039425;0.274510;0.274510;0.000000;548.551482;0.001171;0.362792;0.375285;0.440478;0.194021;0.570648;0.223475;-0.105365;-0.552000;0.621909;0.186275;0.186275;0.000000;23.320633;1.763252;0.548302;0.732270;0.959705;0.921033;1.105291;0.543004;-0.438895;0.089676;1.445455;0.205882;0.205882;0.000000;77.678701;2.268723;0.000000;0.000000;0.179889;0.176705;0.071739;0.277066;0.000000;0.065206;-0.415871;0.000000;0.000000;0.087109;-0.524199;-0.232882;-0.397024;9.997792;0.001920;13.367828;0.002797;0.001689;0.000000;9.853153;2.011719;2.337900;99.957765;6.925745
2.000000;2.000000;0.000000;0.000000;2.000000;0.000000;0.000000;0.000000;0.000000;0.000000;0.000000;0.000000;408.000000;-0.000000;1.720305;1.721550;0.048838;0.002385;1.720998;0.031514;0.263042;-0.004394;0.060775;0.303922;0.303922;0.000000;301.985924;0.004712;9.650458;9.649300;0.039747;0.001580;9.650540;0.038749;-0.376383;0.291936;0.049850;0.431373;0.431373;0.000000;9499.477671;0.000138;2.292825;2.288100;0.031789;0.001011;2.293046;0.013816;-0.178946;0.130861;0.044150;0.166667;0.166667;0.000000;536.270646;0.001221;0.439927;0.471545;0.328530;0.107932;0.549061;0.177293;0.084624;-0.036799;0.456193;0.205882;0.205882;0.000000;25.246431;1.125364;0.265027;0.205950;0.688885;0.474562;0.738107;0.414162;0.132927;-0.522321;1.041197;0.245098;0.245098;0.000000;31.391402;2.658378;0.000000;0.000000;0.002093;-0.050576;0.164009;0.198940;0.000000;0.055057;-0.308092;0.000000;0.000000;0.432866;-0.375863;-0.227823;-0.274685;10.004659;0.001542;13.370763;0.002409;0.001595;0.000000;9.857450;2.011719;2.318439;100.094750;6.104329
2.000000;2.000000;0.000000;0.000000;2.000000;0.000000;0.000000;0.000000;0.000000;0.000000;0.000000;0.000000;408.000000;-0.000000;1.686568;1.700300;1.491232;2.223774;2.251286;0.258289;0.305193;-0.455947;2.444723;0.009804;0.009804;0.000000;403.593000;1.139548;9.207070;9.266450;0.682145;0.465321;9.232305;0.172876;-0.718059;0.023960;1.000100;0.068627;0.068627;0.000000;8670.289859;0.025578;3.005986;2.633550;1.075056;1.155746;3.192444;0.138553;1.343865;0.953525;0.828500;0.029412;0.029412;0.000000;980.634562;0.334773;9.760482;2.847300;16.550606;273.922571;19.214306;1.662228;1.124846;0.041184;24.275825;0.029412;0.029412;0.000000;23689.348602;1.541398;-5.032697;-0.358505;28.507447;812.674534;28.948274;6.730832;-0.603721;0.037755;26.357500;0.127451;0.127451;0.501961;44029.900640;1.969931;0.000000;0.000000;-0.613744;0.892356;-0.109655;0.115468;0.000000;0.705305;0.327277;0.000000;0.000000;0.761701;-0.405016;-0.346118;-0.371766;9.696643;0.278852;13.026454;2.446877;0.268843;0.000000;9.376554;2.011719;3.501917;94.303738;1217.383849
2.000000;2.000000;0.000000;0.000000;2.000000;0.000000;0.000000;0.000000;0.000000;0.000000;0.000000;0.000000;408.000000;-0.000000;0.206583;0.177485;0.909747;0.827639;0.932907;0.298261;-0.312897;0.392865;1.301740;0.117647;0.117647;0.501961;46.565497;2.517751;9.682707;9.760700;0.351208;0.123347;9.689074;0.162243;-0.572347;0.020628;0.451000;0.176471;0.176471;0.000000;9569.282104;0.007255;2.455948;2.419600;0.574432;0.329972;2.522232;0.141966;0.111110;-0.465126;0.769675;0.107843;0.107843;0.000000;632.062709;0.187379;-0.145422;-0.098048;4.586974;21.040334;4.589279;1.176842;-1.176784;3.807146;4.591650;0.137255;0.137255;1.003922;1075.535548;2.388284;17.661412;7.452300;33.046097;1092.044548;37.469588;7.296237;2.332191;6.335786;30.324250;0.068627;0.068627;0.000000;87517.070222;2.135683;0.000000;0.000000;-0.231519;0.249171;-0.195792;-0.421708;0.000000;-0.082943;-0.044893;0.000000;0.000000;-0.321509;0.060943;0.312714;0.216042;9.931274;0.118265;12.424369;0.843595;0.116807;0.000000;9.735507;2.011719;2.442016;98.748475;1431.393145
2.000000;2.000000;0.000000;0.000000;2.000000;0.000000;0.000000;0.000000;0.000000;0.000000;0.000000;0.000000;408.000000;-0.000000;0.094475;0.261695;0.788898;0.622360;0.794535;0.302392;-0.576132;1.845088;0.879995;0.166667;0.166667;1.505882;32.650942;2.627315;9.689228;9.702750;0.447025;0.199831;9.699535;0.179709;0.033603;2.644325;0.337950;0.254902;0.254902;0.000000;9586.068996;0.010975;2.383820;2.264600;0.708015;0.501285;2.486741;0.178943;0.059989;-0.530404;1.029325;0.098039;0.098039;0.000000;605.193049;0.262324;0.076761;-0.219570;5.080491;25.811390;5.081071;1.473709;-0.577638;2.933580;3.987850;0.127451;0.127451;1.003922;1317.055265;2.149150;4.667456;0.961120;40.700402;1656.522739;40.967156;8.936289;1.344670;3.850270;30.453500;0.098039;0.098039;2.007843;86704.991426;2.163980;0.000000;0.000000;-0.099247;0.129263;0.036119;-0.539143;0.000000;-0.087640;-0.055593;0.000000;0.000000;-0.514991;0.017208;0.360267;0.273662;9.925614;0.194452;12.292842;0.631430;0.198902;0.000000;9.747778;2.011719;2.409109;98.712265;1710.309047
2.000000;2.000000;0.000000;0.000000;2.000000;0.000000;0.000000;0.000000;0.000000;0.000000;0.000000;0.000000;408.000000;-0.000000;0.244094;0.299485;0.333234;0.111045;0.413070;0.181083;-1.604052;4.390593;0.251975;0.294118;0.294118;0.000000;11.743096;2.149127;9.679184;9.684850;0.383279;0.146903;9.686770;0.116148;0.218981;6.569602;0.110075;0.352941;0.352941;0.000000;9563.532938;0.008395;2.321064;2.355400;0.503766;0.253780;2.375104;0.122758;-0.250882;2.550916;0.256150;0.127451;0.127451;0.000000;562.457787;0.160897;0.642105;-0.086713;3.599210;12.954312;3.656038;0.961846;1.317843;3.087851;2.036865;0.078431;0.078431;3.513725;702.887423;2.435332;-7.310836;-2.173900;21.085584;444.601838;22.317037;4.989002;-1.748551;2.707945;8.821550;0.078431;0.078431;0.000000;28131.009754;2.300901;0.000000;0.000000;0.102272;0.001547;0.079812;-0.315312;0.000000;0.155957;-0.172890;0.000000;0.000000;-0.441455;-0.134202;0.418773;0.334686;9.892616;0.140286;12.030167;0.152653;0.107848;0.000000;9.724938;2.011719;2.273321;98.004138;517.057889
2.000000;2.000000;0.000000;0.000000;2.000000;0.000000;0.000000;0.000000;0.000000;0.000000;0.000000;0.000000;408.000000;-0.000000;0.267513;0.277390;0.153048;0.023424;0.308199;0.102709;-0.425024;0.027366;0.211100;0.274510;0.274510;0.000000;8.494357;0.838454;9.690345;9.693600;0.056894;0.003237;9.690512;0.046255;-0.076459;-0.206205;0.058625;0.343137;0.343137;0.000000;9578.249695;0.000261;2.359588;2.354750;0.106710;0.011387;2.362000;0.044749;0.114062;0.170532;0.144575;0.117647;0.117647;0.000000;568.481903;0.009982;0.071762;0.207190;0.983049;0.966386;0.985665;0.322909;-0.022882;-0.487268;1.274310;0.098039;0.098039;3.513725;49.848800;2.337544;-0.738534;-0.831440;5.683108;32.297716;5.730894;2.062054;-0.015047;0.246396;6.662875;0.147059;0.147059;2.509804;1702.831439;2.321597;0.000000;0.000000;-0.061643;0.158018;-0.109752;-0.323880;0.000000;0.040422;-0.210641;0.000000;0.000000;0.110106;0.010309;0.114568;0.101377;9.899389;0.003118;11.966492;0.023670;0.003255;0.000000;9.746879;2.011719;2.388271;98.001012;39.393727
2.000000;2.000000;0.000000;0.000000;2.000000;0.000000;0.000000;0.000000;0.000000;0.000000;0.000000;0.000000;408.000000;-0.000000;0.206673;0.199205;0.170717;0.029144;0.268064;0.093830;-0.392157;0.019787;0.202073;0.205882;0.205882;0.000000;5.843199;1.235478;9.688533;9.684400;0.071297;0.005083;9.688796;0.055307;-0.021661;0.389488;0.095500;0.235294;0.235294;0.000000;9574.762927;0.000400;2.347038;2.344550;0.086972;0.007564;2.348649;0.037033;-0.329736;0.262883;0.107300;0.186275;0.186275;0.000000;562.262265;0.007127;0.115699;0.145415;0.826030;0.682326;0.834094;0.269110;-0.199518;-0.152769;1.145468;0.107843;0.107843;1.003922;36.196185;2.445591;0.413999;2.219700;6.338722;40.179392;6.352227;1.880949;-0.708981;0.131947;7.257850;0.078431;0.078431;2.007843;2066.755556;1.760549;0.000000;0.000000;0.006593;0.276121;0.031911;-0.464380;0.000000;0.205499;-0.254606;0.000000;0.000000;0.004408;-0.154572;0.071298;0.159098;9.896450;0.004888;11.921909;0.029433;0.005133;0.000000;9.752796;2.011719;2.354433;97.944620;46.562653
2.000000;2.000000;0.000000;0.000000;2.000000;0.000000;0.000000;0.000000;0.000000;0.000000;0.000000;0.000000;408.000000;-0.000000;2.737990;3.154400;1.251537;1.566344;3.010471;0.342512;-1.047379;0.606030;1.387200;0.098039;0.098039;0.000000;844.541654;0.506698;9.326606;9.098650;1.323251;1.750993;9.420009;0.259518;1.876705;4.169761;0.630250;0.098039;0.098039;0.000000;8961.829803;0.074832;2.289205;2.277600;1.036315;1.073948;2.512849;0.217397;0.255203;-0.794977;1.675250;0.058824;0.058824;0.000000;589.298499;0.496491;-3.972105;-3.080850;12.544095;157.354328;13.157961;3.230917;-0.977500;1.896413;11.753800;0.078431;0.078431;2.007843;9635.460111;2.265545;-10.374072;1.075525;56.810692;3227.454716;57.750118;10.636797;-1.748979;3.449597;32.566500;0.107843;0.107843;1.505882;175578.569249;2.093816;0.000000;0.000000;0.524561;0.320400;0.173324;0.694564;0.000000;-0.008583;-0.368922;0.000000;0.000000;0.056791;-0.162300;-0.312727;-0.142789;9.990672;1.985986;14.109620;2.557356;0.792826;0.000000;9.886715;2.011719;2.076895;101.799506;3514.522453
2.000000;2.000000;0.000000;0.000000;2.000000;0.000000;0.000000;0.000000;0.000000;0.000000;0.000000;0.000000;408.000000;-0.000000;3.433429;3.491050;0.465270;0.216476;3.464811;0.178964;-1.554495;3.431405;0.450675;0.176471;0.176471;0.000000;1213.465111;0.079188;9.004549;8.899700;0.289132;0.083597;9.009190;0.081947;2.041273;4.797491;0.269525;0.049020;0.049020;0.000000;8274.618074;0.005538;2.863019;3.211500;0.842973;0.710604;2.984541;0.147047;-0.783638;0.178490;0.960850;0.029412;0.029412;0.000000;872.323139;0.263060;-0.071358;0.237820;5.279382;27.871877;5.279864;1.420738;0.732012;2.787305;3.390000;0.117647;0.117647;2.007843;1421.990361;2.289357;6.202114;2.387500;17.340710;300.700226;18.416472;4.580254;1.382281;3.173765;16.773675;0.068627;0.068627;1.505882;19266.247938;2.663337;0.000000;0.000000;-0.116522;0.416610;-0.038123;-0.023573;0.000000;-0.060675;0.042301;0.000000;0.000000;-0.003483;-0.166140;-0.239622;0.369689;9.853227;0.084342;14.437978;0.220462;0.082583;0.000000;9.748409;2.011719;2.582181;97.170414;375.950897
2.000000;2.000000;0.000000;0.000000;2.000000;0.000000;0.000000;0.000000;0.000000;0.000000;0.000000;0.000000;408.000000;-0.000000;3.563195;3.579200;0.174881;0.030583;3.567484;0.057146;0.092051;0.085167;0.188575;0.127451;0.127451;0.000000;1296.588555;0.012050;8.874276;8.881150;0.055144;0.003041;8.874448;0.034032;-0.201479;0.230152;0.069300;0.245098;0.245098;0.000000;8032.938958;0.000288;3.248454;3.250350;0.117075;0.013707;3.250563;0.046522;-0.386951;0.380820;0.157575;0.196078;0.196078;0.000000;1077.049324;0.006921;0.151392;0.181880;1.233513;1.521555;1.242769;0.374068;0.416909;0.580980;1.189025;0.137255;0.137255;3.011765;79.967368;2.276359;1.199639;1.022125;7.449247;55.491284;7.545225;1.215129;0.319579;0.563447;5.175450;0.107843;0.107843;1.003922;2976.847717;1.687455;0.000000;0.000000;-0.420782;-0.034814;-0.302387;0.493880;0.000000;-0.035307;-0.284366;0.000000;0.000000;0.051435;0.193304;-0.088961;-0.121262;9.771330;0.003871;14.437472;0.031477;0.002480;0.000000;9.611422;2.011719;3.288526;95.482766;69.041050
2.000000;2.000000;0.000000;0.000000;2.000000;0.000000;0.000000;0.000000;0.000000;0.000000;0.000000;0.000000;408.000000;-0.000000;3.644918;3.652450;0.102923;0.010593;3.646370;0.033202;-1.184277;2.450951;0.121100;0.186275;0.186275;0.000000;1355.653931;0.004601;8.860128;8.846450;0.051232;0.002625;8.860277;0.028021;0.321453;-0.096428;0.061450;0.107843;0.107843;0.000000;8007.325437;0.000249;3.223609;3.229550;0.079503;0.006321;3.224589;0.030281;0.175504;0.839448;0.076000;0.196078;0.196078;0.000000;1060.271505;0.003489;-0.065703;-0.046473;0.462057;0.213497;0.466705;0.180018;-0.200780;-0.465427;0.646455;0.176471;0.176471;2.007843;11.349861;2.578102;-0.796130;0.495805;4.280797;18.325227;4.354199;0.741023;-1.996053;3.683168;2.627775;0.088235;0.088235;1.003922;999.373913;2.111738;0.000000;0.000000;-0.654338;-0.143604;-0.640524;0.459333;0.000000;0.003368;-0.367706;0.000000;0.000000;-0.021873;0.508650;-0.068972;-0.053965;9.787708;0.001282;14.505046;0.011997;0.001352;0.000000;9.636205;2.011719;3.245953;95.800518;29.574838
2.000000;2.000000;0.000000;0.000000;2.000000;0.000000;0.000000;0.000000;0.000000;0.000000;0.000000;0.000000;408.000000;-0.000000;3.682825;3.682850;0.061241;0.003750;3.683335;0.030575;0.081177;-0.648673;0.073525;0.147059;0.147059;0.000000;1383.638391;0.001751;8.829986;8.833300;0.039007;0.001522;8.830072;0.024287;0.193376;1.004786;0.038200;0.313725;0.313725;0.000000;7952.880750;0.000152;3.245992;3.254150;0.049787;0.002479;3.246374;0.020574;-1.285020;3.227969;0.060500;0.196078;0.196078;0.000000;1074.846353;0.001514;-0.011516;-0.037427;0.514085;0.264284;0.514214;0.137775;0.123741;-0.918975;0.834180;0.088235;0.088235;1.505882;13.492683;2.050746;-0.131768;0.076277;1.491514;2.224614;1.497323;0.448905;-1.112430;1.940868;1.918382;0.117647;0.117647;1.505882;115.243058;2.346261;0.000000;0.000000;-0.313654;0.078886;-0.225104;0.465086;0.000000;-0.028241;-0.083939;0.000000;0.000000;0.366135;0.122201;-0.480830;-0.103345;9.774245;0.001267;14.512812;0.004018;0.001306;0.000000;9.629549;2.011719;3.254288;95.537133;13.045337
2.000000;2.000000;0.000000;0.000000;2.000000;0.000000;0.000000;0.000000;0.000000;0.000000;0.000000;0.000000;408.000000;-0.000000;3.645464;3.646650;0.051914;0.002695;3.645833;0.030694;-0.100933;0.196264;0.072600;0.284314;0.284314;0.000000;1355.658210;0.001342;8.851658;8.855150;0.044076;0.001943;8.851768;0.020118;-0.146277;-0.310561;0.055175;0.264706;0.264706;0.000000;7991.987429;0.000183;3.218332;3.218850;0.057356;0.003290;3.218843;0.018123;-0.083712;-0.842854;0.093850;0.088235;0.088235;0.000000;1056.649490;0.001801;0.518545;0.611885;0.639447;0.408892;0.823275;0.171838;-0.163907;-0.458292;0.826326;0.127451;0.127451;0.000000;48.281901;1.424343;0.414141;0.213575;1.481315;2.194293;1.538117;0.360543;1.300093;2.234832;1.571290;0.098039;0.098039;1.505882;129.406414;2.170112;0.000000;0.000000;-0.329533;-0.580241;-0.510009;0.684131;0.000000;-0.293427;0.484287;0.000000;0.000000;0.546273;-0.403486;-0.674928;0.517623;9.779797;0.001455;14.497122;0.003193;0.001491;0.000000;9.616715;2.011719;3.264256;95.645890;13.404539
2.000000;2.000000;0.000000;0.000000;2.000000;0.000000;0.000000;0.000000;0.000000;0.000000;0.000000;0.000000;408.000000;-0.000000;1.023250;1.008800;0.500049;0.250049;1.138898;0.111689;-0.061329;-1.253779;0.900975;0.039216;0.039216;0.000000;119.552443;0.527667;9.467366;9.068050;1.429278;2.042835;9.574646;0.181076;1.123117;0.443005;1.401550;0.029412;0.029412;0.000000;9246.552928;0.077952;3.588839;3.721200;0.925103;0.855815;3.706155;0.107542;0.215631;-0.484982;1.464325;0.029412;0.029412;0.000000;1357.394073;0.201615;6.576920;-3.622650;38.570180;1487.658781;39.126905;2.817542;1.426147;1.417441;32.430750;0.049020;0.049020;1.003922;80300.194033;1.822184;-12.499654;-10.152550;19.815627;392.659092;23.428625;4.800362;-0.765277;0.727164;25.697725;0.088235;0.088235;0.000000;35966.614496;1.944662;0.000000;0.000000;0.026685;0.795541;0.314277;0.185782;0.000000;0.053249;0.036661;0.000000;0.000000;0.128216;-0.083268;0.484191;0.856687;9.747497;1.957248;12.490622;2.063266;0.252320;0.000000;9.940913;2.011719;3.694465;96.970936;2093.550696
2.000000;2.000000;0.000000;0.000000;2.000000;0.000000;0.000000;0.000000;0.000000;0.000000;0.000000;0.000000;408.000000;-0.000000;1.499446;1.538000;0.351150;0.123306;1.540015;0.088598;-0.826364;0.225669;0.468950;0.127451;0.127451;0.000000;235.619220;0.178518;9.189691;9.162050;0.384849;0.148109;9.197746;0.133028;0.515849;0.918574;0.355775;0.156863;0.156863;0.000000;8621.497127;0.009298;3.677203;3.698450;0.510832;0.260949;3.712515;0.061578;-0.180834;-0.874177;0.812400;0.068627;0.068627;0.000000;1392.534702;0.066918;1.904032;-0.292472;10.422875;108.636332;10.595361;1.668415;0.553932;-0.726131;15.744325;0.049020;0.049020;1.003922;5910.308022;1.388195;-3.599570;-1.334845;15.031117;225.934472;15.456111;3.442599;-0.338693;-0.331241;18.073825;0.088235;0.088235;1.003922;12845.711316;2.106525;0.000000;0.000000;0.326539;0.592985;0.065957;-0.212386;0.000000;0.140932;0.222003;0.000000;0.000000;-0.453651;-0.115610;-0.339682;-0.243567;9.529909;0.151004;12.689137;0.183343;0.090760;0.000000;9.292146;2.011719;3.837850;90.970178;364.935818
2.000000;2.000000;0.000000;0.000000;2.000000;0.000000;0.000000;0.000000;0.000000;0.000000;0.000000;0.000000;408.000000;-0.000000;1.556297;1.517800;0.227957;0.051964;1.572903;0.062901;-0.013704;-0.393269;0.356175;0.088235;0.088235;0.000000;249.700632;0.083177;9.253840;9.232300;0.191226;0.036567;9.255816;0.086241;1.235214;2.148595;0.169575;0.215686;0.215686;0.000000;8736.487907;0.002588;3.574517;3.557100;0.177793;0.031610;3.578936;0.036071;0.080355;-0.288044;0.194250;0.088235;0.088235;0.000000;1304.883706;0.012006;1.972043;1.343250;6.975811;48.661939;7.249200;1.014669;1.099786;1.950074;5.026930;0.049020;0.049020;1.003922;2878.445469;1.750697;1.644147;1.914600;9.159897;83.903715;9.306285;2.011920;-0.006295;1.348005;9.077000;0.068627;0.068627;3.011765;4556.058807;2.373531;0.000000;0.000000;-0.206706;0.084119;0.408268;-0.090266;0.000000;0.368163;-0.150952;0.000000;0.000000;-0.465857;-0.512598;0.314801;-0.058165;9.597491;0.032308;12.810137;0.056673;0.032735;0.000000;9.456419;2.011719;3.610034;92.144151;151.966607
2.000000;2.000000;0.000000;0.000000;2.000000;0.000000;0.000000;0.000000;0.000000;0.000000;0.000000;0.000000;408.000000;-0.000000;1.431239;1.455650;0.104163;0.010850;1.435025;0.032760;0.038689;-0.405697;0.190150;0.068627;0.068627;0.000000;209.494863;0.023957;9.261879;9.265700;0.075117;0.005642;9.262184;0.039768;0.215882;1.250151;0.087000;0.235294;0.235294;0.000000;8750.093622;0.000460;3.518933;3.521500;0.092136;0.008489;3.520139;0.024793;-0.055254;-0.604843;0.121775;0.098039;0.098039;0.000000;1263.487963;0.003618;1.484238;1.406650;2.052943;4.214577;2.533286;0.329518;1.021349;1.076214;2.104170;0.098039;0.098039;0.000000;439.657763;1.394561;1.263814;0.442410;4.045667;16.367424;4.238473;0.693147;1.302438;1.532943;3.810075;0.039216;0.039216;1.003922;997.684912;1.902163;0.000000;0.000000;-0.122879;0.386129;0.391368;0.673806;0.000000;0.042341;-0.039069;0.000000;0.000000;-0.557368;-0.084864;0.111800;-0.098485;9.583430;0.005227;12.693119;0.011131;0.005525;0.000000;9.416766;2.011719;3.569266;91.847348;36.773571
2.000000;2.000000;0.000000;0.000000;2.000000;0.000000;0.000000;0.000000;0.000000;0.000000;0.000000;0.000000;408.000000;-0.000000;1.381469;1.390400;0.091224;0.008322;1.384477;0.024549;-0.100524;-0.858907;0.152250;0.078431;0.078431;0.000000;195.086927;0.018008;9.282230;9.278800;0.046349;0.002148;9.282346;0.027584;0.003596;0.539400;0.058525;0.245098;0.245098;0.000000;8788.409275;0.000188;3.467577;3.460400;0.065779;0.004327;3.468201;0.022644;0.392266;0.060749;0.071375;0.166667;0.166667;0.000000;1226.678229;0.002090;0.287697;0.182305;1.210597;1.465545;1.244313;0.247147;0.007629;-0.627026;1.576695;0.068627;0.068627;1.505882;83.186471;1.934839;0.397693;0.610220;1.485540;2.206830;1.537853;0.361904;-0.084768;-0.701404;2.017500;0.088235;0.088235;1.003922;128.704664;2.362333;0.000000;0.000000;-0.058342;-0.123070;-0.058630;-0.223115;0.000000;0.145667;-0.058374;0.000000;0.000000;-0.564178;0.052415;0.159085;0.100205;9.595656;0.002106;12.663699;0.008414;0.002160;0.000000;9.434003;2.011719;3.494534;92.078727;15.941725
2.000000;2.000000;0.000000;0.000000;2.000000;0.000000;0.000000;0.000000;0.000000;0.000000;0.000000;0.000000;408.000000;-0.000000;1.332195;1.347350;0.083620;0.006992;1.334817;0.026726;-0.218734;-0.998406;0.132250;0.127451;0.127451;0.000000;181.380563;0.016948;9.299995;9.301100;0.041021;0.001683;9.300086;0.028138;0.153559;-0.221531;0.051525;0.264706;0.264706;0.000000;8822.056595;0.000153;3.441646;3.450050;0.049171;0.002418;3.441997;0.020156;-0.778026;0.357531;0.057075;0.137255;0.137255;0.000000;1208.305957;0.001274;0.387805;0.379500;0.868564;0.754403;0.951207;0.230806;-0.656555;1.028514;1.056193;0.137255;0.137255;0.000000;53.816765;1.994080;-0.157338;0.236460;1.576665;2.485873;1.584496;0.317346;0.079875;-0.965886;2.604905;0.039216;0.039216;0.501961;129.304827;1.248001;0.000000;0.000000;0.064048;-0.189051;0.070208;-0.066930;0.000000;-0.147542;0.032885;0.000000;0.000000;-0.225931;0.321763;-0.112237;0.050926;9.605809;0.001768;12.632190;0.007071;0.001690;0.000000;9.445860;2.011719;3.475513;92.273328;15.262769
2.000000;2.000000;0.000000;0.000000;2.000000;0.000000;0.000000;0.000000;0.000000;0.000000;0.000000;0.000000;408.000000;-0.000000;0.755162;1.042150;1.046806;1.095804;1.290765;0.492748;-0.326341;-0.566177;1.564961;0.147059;0.147059;0.000000;114.060823;2.018460;7.919227;8.715200;2.804935;7.867661;8.401299;0.303917;-0.522598;-0.480549;3.398600;0.029412;0.029412;0.000000;6798.158129;0.300516;4.538298;3.825250;3.350265;11.224277;5.640959;0.360161;0.494836;-1.219548;6.330550;0.049020;0.049020;0.000000;2673.352543;0.722254;29.649109;40.013500;47.607624;2266.485857;56.085252;4.163251;-0.188034;-1.311401;87.210750;0.019608;0.019608;0.501961;205256.653870;1.104065;-30.557226;-20.396500;52.973089;2806.148176;61.154659;12.535101;-2.043726;4.970166;24.766925;0.117647;0.117647;0.000000;238356.432011;2.039671;0.000000;0.000000;0.095993;0.535633;0.144026;0.337546;0.000000;0.271589;0.063239;0.000000;0.000000;0.047306;0.311319;-0.889374;-0.147525;8.315821;7.095025;10.999082;7.957386;1.094826;0.000000;6.811987;2.011719;6.284958;76.247898;6917.268198
2.000000;2.000000;0.000000;0.000000;2.000000;0.000000;0.000000;0.000000;0.000000;0.000000;0.000000;0.000000;408.000000;-0.000000;1.443444;1.919500;1.230156;1.513285;1.896527;0.381027;-1.024375;-0.092299;1.766522;0.068627;0.068627;0.000000;289.705156;1.117258;9.583992;9.432450;1.042039;1.085845;9.640475;0.219030;2.063970;4.397980;0.500275;0.127451;0.127451;0.000000;9424.375996;0.048056;2.329510;2.655450;0.921049;0.848332;2.504985;0.230372;-0.866743;0.023528;1.229350;0.049020;0.049020;0.000000;596.782454;0.386864;0.361074;-1.773150;32.100964;1030.471888;32.102995;2.741630;1.068085;0.959407;20.169900;0.049020;0.049020;1.003922;52571.791399;1.711633;-20.571708;-7.826050;55.818115;3115.661918;59.488294;11.673226;-2.183970;4.920243;30.614000;0.058824;0.058824;0.000000;202064.693529;2.254785;0.000000;0.000000;-0.109236;0.330477;0.330832;0.357426;0.000000;0.053541;0.301378;0.000000;0.000000;0.546464;0.457748;-0.216703;0.668202;9.976783;0.999365;13.300271;1.570468;1.054395;0.000000;9.902635;2.011719;2.040953;100.535565;4575.734319
2.000000;2.000000;0.000000;0.000000;2.000000;0.000000;0.000000;0.000000;0.000000;0.000000;0.000000;0.000000;408.000000;-0.000000;2.356798;2.377850;0.296381;0.087842;2.375361;0.120298;-0.857335;0.906806;0.221925;0.186275;0.186275;0.000000;571.039077;0.066944;9.386016;9.397550;0.154459;0.023857;9.387287;0.074188;-0.946786;2.408189;0.140925;0.235294;0.235294;0.000000;8987.141527;0.001742;2.854621;2.799650;0.172862;0.029881;2.859850;0.068967;1.303678;2.139409;0.154425;0.098039;0.098039;0.000000;832.707568;0.018026;0.359829;0.091508;2.809019;7.890588;2.831972;0.573695;0.752227;0.894491;2.944100;0.078431;0.078431;1.505882;415.626640;1.904289;-0.645513;0.091532;9.718337;94.446079;9.739752;2.496030;0.196280;0.358074;9.149500;0.078431;0.078431;1.505882;4859.252894;2.080388;0.000000;0.000000;-0.074227;-0.053997;-0.194388;0.754904;0.000000;-0.188058;0.385141;0.000000;0.000000;-0.239708;-0.271549;-0.056916;0.266344;9.886314;0.024284;13.742814;0.088893;0.023912;0.000000;9.709077;2.011719;2.914229;97.763487;111.061571
2.000000;2.000000;0.000000;0.000000;2.000000;0.000000;0.000000;0.000000;0.000000;0.000000;0.000000;0.000000;408.000000;-0.000000;2.418080;2.389950;0.131094;0.017186;2.421631;0.039473;1.569248;2.663794;0.096850;0.166667;0.166667;0.000000;597.282530;0.014549;9.388988;9.379000;0.072793;0.005299;9.389270;0.041621;-0.053644;2.104865;0.059825;0.294118;0.294118;0.000000;8991.886519;0.000435;2.805235;2.814700;0.044472;0.001978;2.805588;0.024539;-0.413240;-0.502682;0.063775;0.235294;0.235294;0.000000;802.774195;0.001549;0.310729;0.196290;0.942601;0.888496;0.992496;0.236832;0.094712;-0.168916;1.196562;0.098039;0.098039;1.003922;55.164453;2.053693;0.067003;0.793290;3.530220;12.462455;3.530856;0.670789;-1.565390;4.030645;4.096125;0.039216;0.039216;0.501961;636.388165;2.278575;0.000000;0.000000;-0.132705;0.206318;-0.085713;0.327553;0.000000;-0.332855;0.475697;0.000000;0.000000;0.152724;-0.486803;-0.323555;0.125779;9.900378;0.005210;13.807069;0.017491;0.005217;0.000000;9.765914;2.011719;2.809274;98.022697;21.323316
2.000000;2.000000;0.000000;0.000000;2.000000;0.000000;0.000000;0.000000;0.000000;0.000000;0.000000;0.000000;408.000000;-0.000000;2.379512;2.389100;0.053228;0.002833;2.380107;0.031112;-0.098470;-0.874036;0.093075;0.235294;0.235294;0.000000;577.676332;0.002988;9.379381;9.372400;0.053399;0.002851;9.379533;0.042298;1.091230;1.319962;0.048300;0.333333;0.333333;0.000000;8973.370558;0.000248;2.834342;2.836350;0.034617;0.001198;2.834554;0.022566;0.071816;0.997739;0.037375;0.254902;0.254902;0.000000;819.477693;0.001001;0.073228;0.041841;0.849385;0.721455;0.852536;0.211642;0.211101;0.245264;0.857020;0.117647;0.117647;0.501961;37.351261;1.579167;-0.334275;-0.854310;2.026957;4.108556;2.054336;0.388792;0.384144;-0.566505;2.398928;0.049020;0.049020;0.501961;220.944580;1.726201;0.000000;0.000000;0.147966;0.240300;0.189590;0.757990;0.000000;-0.133715;0.025692;0.000000;0.000000;0.303322;-0.154144;-0.217137;-0.036556;9.881176;0.002926;13.758893;0.003295;0.002446;0.000000;9.733395;2.011719;2.849549;97.640556;12.981807
2.000000;2.000000;0.000000;0.000000;2.000000;0.000000;0.000000;0.000000;0.000000;0.000000;0.000000;0.000000;408.000000;-0.000000;2.435995;2.438200;0.079984;0.006397;2.437308;0.027044;0.060690;-0.435241;0.097275;0.147059;0.147059;0.000000;605.601642;0.005681;9.372938;9.373200;0.052227;0.002728;9.373084;0.039917;0.391322;1.726197;0.047875;0.352941;0.352941;0.000000;8961.040186;0.000236;2.836439;2.836550;0.039514;0.001561;2.836714;0.024073;-0.092783;0.028918;0.052100;0.264706;0.264706;0.000000;820.709268;0.001260;0.064523;0.055191;0.906516;0.821772;0.908810;0.210835;-0.013588;-0.790282;1.309095;0.049020;0.049020;1.003922;42.351076;1.585621;-0.447495;-0.335625;1.692511;2.864594;1.750670;0.382598;0.186571;-0.538117;2.372220;0.088235;0.088235;1.003922;166.520655;1.592559;0.000000;0.000000;-0.191212;-0.156109;-0.221938;0.836435;0.000000;0.261582;0.010931;0.000000;0.000000;0.295066;0.089979;-0.239549;-0.147627;9.889019;0.002466;13.808933;0.006629;0.002587;0.000000;9.739390;2.011719;2.854901;97.795168;11.937730
2.000000;2.000000;0.000000;0.000000;2.000000;0.000000;0.000000;0.000000;0.000000;0.000000;0.000000;0.000000;408.000000;-0.000000;4.604302;4.743800;1.226990;1.505505;4.764987;0.188190;-0.077330;-1.170522;2.208625;0.068627;0.068627;0.000000;2239.141628;0.185657;7.364561;7.383800;1.721308;2.962900;7.563045;0.162238;0.163220;-1.275453;3.232100;0.029412;0.029412;0.000000;5683.258005;0.138939;3.874629;3.222800;2.468170;6.091861;4.593976;0.171182;0.172317;-1.665468;5.174300;0.009804;0.009804;0.000000;1842.003572;0.583782;9.134719;12.761000;30.190038;911.438384;31.541742;2.304632;-0.409569;-0.803715;41.375400;0.019608;0.019608;0.501961;54994.652885;0.846189;-20.004320;-16.209000;22.337919;498.982611;29.985921;3.472849;-1.230400;0.926447;24.278950;0.078431;0.078431;0.000000;66268.913134;1.201619;0.000000;0.000000;-0.453030;0.585070;0.653241;0.132355;0.000000;0.821333;-0.796547;0.000000;0.000000;0.530622;0.180210;-0.925639;-0.433062;9.069766;1.644106;13.968863;3.470931;1.041715;0.000000;8.304624;2.011719;5.225822;83.904757;1915.141531
2.000000;2.000000;0.000000;0.000000;2.000000;0.000000;0.000000;0.000000;0.000000;0.000000;0.000000;0.000000;408.000000;-0.000000;3.497267;3.184850;1.017350;1.035000;3.642235;0.111599;1.778404;2.312633;0.558850;0.068627;0.068627;0.000000;1300.338656;0.244387;9.020203;9.063650;0.645737;0.416976;9.043287;0.141385;0.110827;1.329604;0.587050;0.088235;0.088235;0.000000;8320.439038;0.023502;2.041511;2.306300;0.678921;0.460934;2.151441;0.082303;-0.325325;-1.095896;1.054100;0.019608;0.019608;0.000000;448.620831;0.270575;-4.356263;-1.378650;20.971972;439.823596;21.419632;1.900810;-0.530553;-0.299810;19.068450;0.039216;0.039216;0.501961;24366.766955;1.294682;-20.999068;-18.459000;22.741307;517.167041;30.953641;3.139634;-0.955920;0.639935;24.492775;0.058824;0.058824;0.000000;71353.896785;1.232474;0.000000;0.000000;-0.198712;0.687108;0.335657;-0.091679;0.000000;0.535934;-0.458471;0.000000;0.000000;0.302643;-0.316997;-0.190355;0.180945;9.931871;0.404859;14.517470;1.071952;0.394400;0.000000;9.822644;2.011719;1.939656;99.046911;1421.557216
2.000000;2.000000;0.000000;0.000000;2.000000;0.000000;0.000000;0.000000;0.000000;0.000000;0.000000;0.000000;408.000000;-0.000000;3.148652;3.178900;0.250658;0.062829;3.158613;0.043549;-1.432679;3.467455;0.240575;0.049020;0.049020;0.000000;1014.433874;0.028818;9.162426;9.196900;0.215506;0.046443;9.164961;0.072557;-2.271950;8.609743;0.131050;0.166667;0.166667;0.000000;8565.276075;0.003356;2.344548;2.298650;0.173392;0.030065;2.350951;0.037437;1.628681;2.799783;0.205300;0.078431;0.078431;0.000000;562.217667;0.023976;0.454486;0.621535;3.899351;15.204942;3.925748;0.753601;-0.023480;0.536964;2.337020;0.088235;0.088235;1.003922;796.600444;2.196623;-4.624653;-0.793290;10.825947;117.201135;11.772364;1.072724;-0.989745;0.177793;9.427925;0.029412;0.029412;1.003922;8158.926071;1.455863;0.000000;0.000000;0.680097;0.190250;-0.694951;0.319234;0.000000;-0.213912;-0.105796;0.000000;0.000000;-0.231900;-0.031997;-0.095060;0.008318;9.894787;0.066526;14.311078;0.093190;0.017164;0.000000;9.703879;2.011719;2.434347;97.973340;159.527017
2.000000;2.000000;0.000000;0.000000;2.000000;0.000000;0.000000;0.000000;0.000000;0.000000;0.000000;0.000000;408.000000;-0.000000;3.216326;3.214400;0.091030;0.008287;3.217614;0.021347;0.550571;0.491626;0.093550;0.127451;0.127451;0.000000;1055.587823;0.004241;9.195535;9.203400;0.066378;0.004406;9.195775;0.032036;-1.723154;4.734691;0.060650;0.235294;0.235294;0.000000;8625.127487;0.000378;2.190426;2.181750;0.086334;0.007454;2.192127;0.022859;1.158028;1.750848;0.071225;0.166667;0.166667;0.000000;489.772886;0.008031;0.575831;0.535095;0.637516;0.406427;0.859074;0.230924;0.020650;-0.675487;0.937334;0.156863;0.156863;0.000000;54.549130;1.571502;-0.215221;0.114415;2.032334;4.130380;2.043698;0.372174;-2.035291;5.532097;1.922200;0.088235;0.088235;1.003922;215.480181;2.576836;0.000000;0.000000;0.174393;0.323889;-0.586284;-0.242320;0.000000;0.008688;0.356146;0.000000;0.000000;0.186122;-0.317258;-0.624611;-0.399107;9.945353;0.005270;14.411862;0.008639;0.004179;0.000000;9.790945;2.011719;2.240985;98.915318;9.720131
2.000000;2.000000;0.000000;0.000000;2.000000;0.000000;0.000000;0.000000;0.000000;0.000000;0.000000;0.000000;408.000000;-0.000000;3.205558;3.213250;0.041157;0.001694;3.205822;0.019010;-0.120206;-0.827469;0.060600;0.147059;0.147059;0.000000;1048.197709;0.001062;9.223021;9.220900;0.041633;0.001733;9.223115;0.028575;0.175770;-0.013735;0.061350;0.284314;0.284314;0.000000;8676.627499;0.000158;2.105505;2.092550;0.048820;0.002383;2.106071;0.020530;0.485336;-0.770292;0.074800;0.147059;0.147059;0.000000;452.303030;0.003081;0.431154;0.450730;0.449618;0.202156;0.622936;0.199272;-0.073656;-0.671378;0.675677;0.127451;0.127451;0.000000;29.271305;1.525153;0.322611;0.427150;0.917826;0.842404;0.972873;0.260097;0.012144;-0.828405;1.353955;0.107843;0.107843;1.505882;53.591603;2.420843;0.000000;0.000000;0.262623;-0.100841;-0.290675;0.213592;0.000000;0.003270;0.190565;0.000000;0.000000;0.160721;-0.037121;-0.343371;0.133357;9.967006;0.001927;14.428578;0.002185;0.001276;0.000000;9.812252;2.011719;2.135112;99.343137;5.770066
2.000000;2.000000;0.000000;0.000000;2.000000;0.000000;0.000000;0.000000;0.000000;0.000000;0.000000;0.000000;408.000000;-0.000000;3.178816;3.177350;0.049118;0.002413;3.179195;0.020695;-0.056251;-0.238639;0.072275;0.176471;0.176471;0.000000;1030.819705;0.001475;9.242032;9.243950;0.043080;0.001856;9.242133;0.030737;0.010253;0.140153;0.050100;0.284314;0.284314;0.000000;8712.441230;0.000169;2.065415;2.067800;0.034199;0.001170;2.065698;0.021298;-0.216646;0.448527;0.045600;0.225490;0.225490;0.000000;435.185457;0.001719;0.277958;0.251300;0.483992;0.234248;0.558130;0.194106;-0.072006;-0.263881;0.588714;0.166667;0.166667;0.000000;19.827245;1.991532;0.564603;0.450040;0.809732;0.655665;0.987138;0.256624;0.265427;-0.535063;1.186103;0.098039;0.098039;0.000000;65.954153;1.483923;0.000000;0.000000;0.099869;0.137960;0.147257;0.169187;0.000000;0.402001;0.106718;0.000000;0.000000;0.339173;0.040316;-0.054661;0.129466;9.976088;0.001963;14.420848;0.002508;0.001802;0.000000;9.829277;2.011719;2.081851;99.524300;5.553058
2.000000;2.000000;0.000000;0.000000;2.000000;0.000000;0.000000;0.000000;0.000000;0.000000;0.000000;0.000000;408.000000;-0.000000;4.826720;3.916800;2.028145;4.113371;5.235513;0.403135;0.602885;-0.382766;3.101775;0.019608;0.019608;0.000000;2586.099078;0.369578;6.641914;6.145800;2.208008;4.875300;6.999308;0.237631;0.062490;-0.704733;3.221300;0.009804;0.009804;0.000000;4748.372450;0.258298;4.311894;5.280600;2.708897;7.338124;5.092205;0.318893;-0.241696;-1.722201;5.298525;0.029412;0.029412;0.000000;2270.692785;0.596829;4.504950;-0.546275;36.088818;1302.402817;36.368907;3.193789;0.495095;-0.894441;59.107750;0.019608;0.019608;0.501961;68495.898406;1.165386;-21.632056;-21.152000;22.450860;504.041103;31.176705;7.008626;-0.393350;-0.662427;36.663047;0.107843;0.107843;0.000000;73438.377907;1.536390;0.000000;0.000000;-0.387554;0.023690;0.093691;-0.077526;0.000000;0.813846;0.341392;0.000000;0.000000;0.181147;-0.393652;-0.788666;-0.070587;8.808620;2.809120;13.468633;6.333277;2.744391;0.000000;7.787543;2.011719;5.732383;80.400911;2320.614903
2.000000;2.000000;0.000000;0.000000;2.000000;0.000000;0.000000;0.000000;0.000000;0.000000;0.000000;0.000000;408.000000;-0.000000;3.334984;2.367300;2.371444;5.623745;4.092171;0.334512;1.326728;0.623190;2.067850;0.029412;0.029412;0.000000;1421.330081;0.857338;8.789508;8.817650;1.374789;1.890045;8.896375;0.215245;-1.385226;3.102203;1.272300;0.049020;0.049020;0.000000;7976.534902;0.091321;2.197106;1.999850;1.338218;1.790828;2.572567;0.258833;1.072752;2.298293;1.906800;0.049020;0.049020;0.000000;583.796527;0.842337;7.452466;6.758050;34.792290;1210.503470;35.581494;2.828971;0.134137;-0.806829;38.637000;0.029412;0.029412;0.501961;67407.637156;1.319436;-18.868408;-19.252500;24.885636;619.294862;31.229980;7.936495;-0.202342;-0.663849;36.868875;0.107843;0.107843;0.000000;67898.620368;1.797913;0.000000;0.000000;-0.584350;0.481210;-0.187748;0.057398;0.000000;0.699071;0.615875;0.000000;0.000000;0.287525;-0.359272;-0.527981;-0.239309;9.942082;1.046356;14.124492;6.487823;1.100361;0.000000;9.625642;2.011719;2.279669;99.891357;2247.972498
2.000000;2.000000;0.000000;0.000000;2.000000;0.000000;0.000000;0.000000;0.000000;0.000000;0.000000;0.000000;408.000000;-0.000000;1.670947;1.595100;0.487568;0.237723;1.740628;0.110955;0.263842;-0.712081;0.698450;0.058824;0.058824;0.000000;296.914486;0.237568;9.504647;9.637700;0.502986;0.252995;9.517947;0.117558;-0.763453;-0.221384;0.689350;0.098039;0.098039;0.000000;9227.411087;0.013233;2.176856;2.051250;0.769718;0.592466;2.308932;0.100827;-0.005235;-0.998940;1.366750;0.058824;0.058824;0.000000;513.563444;0.301940;1.621236;4.579700;12.027306;144.656090;12.136082;1.510262;-1.599726;3.416190;8.670800;0.039216;0.039216;0.501961;7648.799255;2.218526;5.114343;9.115200;28.025591;785.433755;28.488423;5.534888;-0.168523;0.262046;33.303000;0.098039;0.098039;0.501961;42730.198013;1.945630;0.000000;0.000000;-0.656651;0.282980;-0.312574;0.183439;0.000000;-0.213760;0.613633;0.000000;0.000000;0.472427;-0.444265;-0.433691;0.180856;9.871023;0.184007;13.175594;0.410603;0.084974;0.000000;9.598856;2.011719;2.389406;97.621098;964.205927
2.000000;2.000000;0.000000;0.000000;2.000000;0.000000;0.000000;0.000000;0.000000;0.000000;0.000000;0.000000;408.000000;-0.000000;1.766520;1.893450;0.390534;0.152517;1.809174;0.081929;-0.589141;-0.633755;0.608125;0.068627;0.068627;0.000000;326.078973;0.156584;9.593892;9.529300;0.233551;0.054546;9.596734;0.070675;0.476378;-0.556057;0.323225;0.098039;0.098039;0.000000;9391.144225;0.003390;2.059757;2.148200;0.378885;0.143554;2.094314;0.068391;-1.368297;1.458571;0.359200;0.068627;0.068627;0.000000;440.070147;0.117802;-0.297903;-0.035733;5.642022;31.832409;5.649881;0.945873;-0.965477;1.043333;5.585900;0.088235;0.088235;1.003922;1632.558383;1.897863;9.242910;5.942050;20.373203;415.067382;22.371830;3.743504;1.152590;1.238597;25.068700;0.068627;0.068627;0.501961;29882.491406;1.816815;0.000000;0.000000;-0.500778;0.088756;-0.144952;0.191920;0.000000;0.328296;0.349485;0.000000;0.000000;0.340435;-0.417091;-0.031062;-0.026561;9.966486;0.039577;13.360412;0.172196;0.036917;0.000000;9.848609;2.011719;1.929802;99.370422;536.806074
2.000000;2.000000;0.000000;0.000000;2.000000;0.000000;0.000000;0.000000;0.000000;0.000000;0.000000;0.000000;408.000000;-0.000000;2.039674;2.052050;0.165094;0.027256;2.046344;0.043537;-1.075377;1.588047;0.173725;0.137255;0.137255;0.000000;425.738085;0.029220;9.500700;9.503100;0.104516;0.010924;9.501275;0.033733;0.168822;4.404893;0.074800;0.205882;0.205882;0.000000;9207.413830;0.000793;2.231313;2.195850;0.109706;0.012035;2.234008;0.036079;0.746663;0.093518;0.115650;0.117647;0.117647;0.000000;508.446975;0.011766;-0.415126;-0.720295;2.201939;4.848535;2.240729;0.442287;1.040635;2.051580;1.823380;0.068627;0.068627;1.003922;264.856283;2.029743;-2.751084;-2.921450;7.547472;56.964331;8.033231;1.402142;0.608875;0.650547;9.248675;0.049020;0.049020;1.003922;3677.176826;2.134484;0.000000;0.000000;-0.679215;0.441574;0.302773;0.734309;0.000000;0.340857;0.069363;0.000000;0.000000;-0.468904;0.297982;0.607384;0.028409;9.922450;0.006744;13.540374;0.033704;0.004853;0.000000;9.766658;2.011719;2.261386;98.461748;74.544451
2.000000;2.000000;0.000000;0.000000;2.000000;0.000000;0.000000;0.000000;0.000000;0.000000;0.000000;0.000000;408.000000;-0.000000;2.077119;2.057800;0.066299;0.004395;2.078176;0.020166;0.548850;-0.684653;0.093800;0.058824;0.058824;0.000000;440.295310;0.005449;9.495826;9.491450;0.033785;0.001141;9.495887;0.021403;0.279433;-0.684219;0.048275;0.235294;0.235294;0.000000;9197.471714;0.000101;2.220009;2.208400;0.057646;0.003323;2.220757;0.020145;0.527353;-0.747670;0.084475;0.137255;0.137255;0.000000;502.870424;0.003837;-0.716985;-0.803730;1.012619;1.025397;1.240752;0.229337;0.380693;-0.773864;1.684495;0.058824;0.058824;0.000000;104.734142;1.607169;-1.727616;-0.892450;3.177420;10.095995;3.616718;0.468991;-0.839449;0.098630;4.851240;0.049020;0.049020;0.000000;819.354681;1.581112;0.000000;0.000000;-0.179134;0.030455;-0.196708;0.436645;0.000000;-0.197061;0.215503;0.000000;0.000000;0.359806;-0.238279;0.111115;0.152268;9.924193;0.001078;13.572945;0.004488;0.001103;0.000000;9.780487;2.011719;2.213359;98.490679;19.551879
2.000000;2.000000;0.000000;0.000000;2.000000;0.000000;0.000000;0.000000;0.000000;0.000000;0.000000;0.000000;408.000000;-0.000000;6.440251;7.067100;2.206879;4.870316;6.807874;0.351903;-0.801439;-0.833724;4.064700;0.009804;0.009804;0.000000;4479.069751;0.296613;5.497418;4.603300;2.780253;7.729808;6.160471;0.225235;0.677825;-0.668161;4.896750;0.029412;0.029412;0.000000;3476.850393;0.459342;3.651246;4.210450;2.159528;4.663559;4.242070;0.214959;-0.257183;-1.394842;4.150250;0.029412;0.029412;0.000000;1597.700349;0.629145;7.258942;1.622500;17.941991;321.915035;19.354774;2.252881;0.277864;-0.766249;27.305675;0.039216;0.039216;0.501961;21792.754548;1.616108;-12.059829;-25.553000;55.351393;3063.776674;56.649944;9.475502;2.765238;8.181442;35.449925;0.068627;0.068627;1.505882;171093.101704;2.384839;0.000000;0.000000;-0.723967;0.000633;0.290127;0.501856;0.000000;0.511393;0.331509;0.000000;0.000000;0.378987;-0.031010;-0.627376;0.056984;9.305214;1.711548;13.937669;11.075099;1.649779;0.000000;8.452471;2.011719;4.768441;88.298557;3601.818586
2.000000;2.000000;0.000000;0.000000;2.000000;0.000000;0.000000;0.000000;0.000000;0.000000;0.000000;0.000000;408.000000;-0.000000;3.988513;2.725350;2.301323;5.296088;4.604815;0.253051;1.273286;-0.158214;1.275775;0.029412;0.029412;0.000000;1892.847456;0.641678;8.469127;8.891600;1.622176;2.631454;8.623084;0.220202;-0.670065;0.471665;0.869475;0.068627;0.068627;0.000000;7450.294466;0.127416;2.039806;2.139000;0.971962;0.944710;2.259539;0.198068;-0.066584;1.228992;1.009350;0.058824;0.058824;0.000000;472.582670;0.561623;3.727441;-0.330275;18.550817;344.132804;18.921591;2.245238;0.606136;-0.680511;29.466750;0.039216;0.039216;0.501961;18967.947164;1.413626;-6.330612;-6.399700;55.233823;3050.775231;55.595430;9.251621;2.481495;7.184155;41.422475;0.068627;0.068627;1.505882;159677.660325;2.345057;0.000000;0.000000;-0.732684;0.292224;0.652538;0.457319;0.000000;0.700212;0.587787;0.000000;0.000000;-0.186247;-0.068976;0.446736;-0.291565;9.933404;0.889378;14.457640;7.075588;0.930445;0.000000;9.522118;2.011719;1.953426;99.561896;3453.984015
2.000000;2.000000;0.000000;0.000000;2.000000;0.000000;0.000000;0.000000;0.000000;0.000000;0.000000;0.000000;408.000000;-0.000000;2.649976;2.648400;0.135021;0.018231;2.653414;0.064652;-0.981422;4.738287;0.188475;0.176471;0.176471;0.000000;717.218312;0.013785;9.215075;9.261150;0.250596;0.062798;9.218482;0.074140;-0.970607;2.848244;0.163825;0.127451;0.127451;0.000000;8664.800851;0.004289;2.464409;2.516100;0.300437;0.090262;2.482654;0.062244;-0.838675;0.902606;0.431875;0.068627;0.068627;0.000000;624.081129;0.057712;-0.494750;-0.109680;6.883509;47.382698;6.901266;1.146540;0.045272;-0.362665;7.938525;0.068627;0.068627;1.505882;2441.694273;1.479610;-0.589734;-0.633105;7.149484;51.115122;7.173765;2.126543;-1.665710;5.817877;7.498075;0.098039;0.098039;0.501961;2642.945092;2.968651;0.000000;0.000000;0.157771;0.267308;0.481223;0.430856;0.000000;-0.095113;0.313778;0.000000;0.000000;0.132423;-0.200322;0.664384;-0.086256;9.796005;0.059299;13.865052;0.064057;0.017774;0.000000;9.581755;2.011719;2.393000;96.021021;105.253958
2.000000;2.000000;0.000000;0.000000;2.000000;0.000000;0.000000;0.000000;0.000000;0.000000;0.000000;0.000000;408.000000;-0.000000;2.665289;2.675400;0.088475;0.007828;2.666757;0.024340;-0.245087;-0.834238;0.122100;0.098039;0.098039;0.000000;724.983410;0.005446;9.315322;9.309850;0.052866;0.002795;9.315472;0.027181;0.016854;-0.446801;0.073425;0.235294;0.235294;0.000000;8851.214775;0.000237;2.543213;2.513450;0.139087;0.019345;2.547013;0.026001;0.960866;0.319946;0.163875;0.088235;0.088235;0.000000;660.715603;0.013816;1.001609;0.656095;3.805367;14.480820;3.934977;0.422341;1.694620;3.695393;2.169655;0.068627;0.068627;1.505882;841.265924;2.173420;0.447203;0.518685;2.736400;7.487883;2.772701;0.536209;0.737589;1.936141;2.322695;0.098039;0.098039;1.505882;402.432162;2.233541;0.000000;0.000000;0.286553;0.578970;0.317329;0.826439;0.000000;-0.202867;0.013850;0.000000;0.000000;0.056765;-0.307127;0.213068;-0.009916;9.893730;0.003714;13.980611;0.008243;0.002485;0.000000;9.746620;2.011719;2.603179;97.889605;29.659190
2.000000;2.000000;0.000000;0.000000;2.000000;0.000000;0.000000;0.000000;0.000000;0.000000;0.000000;0.000000;408.000000;-0.000000;2.641066;2.639000;0.073065;0.005338;2.642076;0.018739;-0.058684;-0.782935;0.109075;0.088235;0.088235;0.000000;711.745530;0.004057;9.315208;9.308800;0.041393;0.001713;9.315300;0.024186;0.359930;0.246357;0.060200;0.235294;0.235294;0.000000;8850.943340;0.000153;2.483819;2.480000;0.050521;0.002552;2.484332;0.017892;-0.116594;-0.880462;0.081300;0.127451;0.127451;0.000000;629.404402;0.002337;0.261060;0.306850;0.968896;0.938759;1.003450;0.187345;-0.411324;-0.819960;1.376677;0.039216;0.039216;1.003922;54.828997;1.629040;0.858202;0.785660;0.742079;0.550682;1.134545;0.235176;0.423732;-0.483706;0.903890;0.127451;0.127451;0.000000;103.215189;1.168937;0.000000;0.000000;0.020776;-0.012355;-0.176374;0.097277;0.000000;-0.019251;-0.128903;0.000000;0.000000;-0.304873;-0.253326;-0.026851;-0.004497;9.887034;0.001933;13.956274;0.005392;0.001729;0.000000;9.744035;2.011719;2.491106;97.755377;8.466012
2.000000;2.000000;0.000000;0.000000;2.000000;0.000000;0.000000;0.000000;0.000000;0.000000;0.000000;0.000000;408.000000;-0.000000;2.640313;2.639850;0.065866;0.004338;2.641134;0.017548;-0.096038;-1.078746;0.108925;0.098039;0.098039;0.000000;711.288921;0.003327;9.306984;9.307650;0.032616;0.001064;9.307041;0.019573;-0.112220;-0.574241;0.049900;0.205882;0.205882;0.000000;8835.289897;0.000099;2.491438;2.479700;0.051093;0.002610;2.491962;0.016520;0.455819;-0.521807;0.081100;0.068627;0.068627;0.000000;633.274147;0.002385;0.236539;0.152285;0.853562;0.728568;0.885730;0.202070;0.110405;-0.736354;1.076430;0.049020;0.049020;2.007843;42.864643;2.015368;0.167663;0.205950;0.676041;0.457031;0.696522;0.224302;-0.247142;-0.494099;1.029750;0.127451;0.127451;0.501961;26.185348;2.246784;0.000000;0.000000;-0.100371;0.188765;-0.197941;-0.069382;0.000000;0.342123;-0.277932;0.000000;0.000000;-0.098863;-0.171838;0.305969;-0.328666;9.879042;0.001148;13.947297;0.004396;0.001060;0.000000;9.725106;2.011719;2.504869;97.596611;7.479535
2.000000;2.000000;0.000000;0.000000;2.000000;0.000000;0.000000;0.000000;0.000000;0.000000;0.000000;0.000000;408.000000;-0.000000;2.689683;2.528050;0.766871;0.588092;2.796871;0.185860;0.343332;-0.728678;1.221050;0.098039;0.098039;0.000000;767.903006;0.228298;8.821617;8.822800;1.725658;2.977897;8.988816;0.284115;0.243827;-0.215716;1.967075;0.088235;0.088235;0.000000;8089.608190;0.122631;3.364896;3.038200;1.601653;2.565291;3.726636;0.214355;0.860490;-0.239952;1.830600;0.039216;0.039216;0.000000;1285.745084;0.470965;9.646770;12.982000;29.849903;891.016681;31.369999;2.975592;-0.242922;-1.000967;51.024250;0.029412;0.029412;0.501961;54938.159462;1.481787;-2.877631;-0.488175;38.739221;1500.727216;38.845952;7.713847;-0.311764;-0.396551;38.798500;0.098039;0.098039;2.007843;77390.902031;1.831085;0.000000;0.000000;-0.227746;0.395178;-0.200631;0.143577;0.000000;0.668553;0.192083;0.000000;0.000000;0.551040;-0.064562;-0.617060;0.213402;9.498926;2.391715;13.511300;3.045175;0.556120;0.000000;9.218581;2.011719;3.664754;92.621305;2506.972656
2.000000;2.000000;0.000000;0.000000;2.000000;0.000000;0.000000;0.000000;0.000000;0.000000;0.000000;0.000000;408.000000;-0.000000;2.690294;2.522100;0.746949;0.557932;2.792063;0.210101;1.035872;0.362369;0.816575;0.166667;0.166667;0.000000;766.698298;0.235868;8.855596;9.053950;0.593907;0.352726;8.875489;0.159775;-1.854158;2.944356;0.457775;0.127451;0.127451;0.000000;8017.013036;0.021612;2.906368;2.788600;0.688216;0.473641;2.986740;0.207568;0.173614;-0.117457;0.848500;0.088235;0.088235;0.000000;885.749152;0.182611;-5.884458;-3.832350;13.838803;191.512461;15.037929;2.061705;-0.826848;0.756603;16.658300;0.049020;0.049020;1.003922;13307.065036;1.969474;-8.641701;-0.671255;46.603472;2171.883638;47.397918;9.357162;-0.694700;-0.096659;39.740500;0.078431;0.078431;0.501961;118383.828754;2.076073;0.000000;0.000000;0.128631;0.649234;-0.082512;0.208466;0.000000;-0.042400;-0.203383;0.000000;0.000000;-0.249688;-0.223227;0.424335;0.577276;9.495793;0.399830;13.545890;0.578403;0.341271;0.000000;9.072448;2.011719;2.941837;90.569923;2481.622564
2.000000;2.000000;0.000000;0.000000;2.000000;0.000000;0.000000;0.000000;0.000000;0.000000;0.000000;0.000000;408.000000;-0.000000;3.063392;2.984800;0.581649;0.338315;3.118122;0.154119;0.693474;1.097142;0.367525;0.137255;0.137255;0.000000;974.460686;0.130277;9.159661;9.188600;0.134811;0.018174;9.160653;0.062538;-1.301750;1.991033;0.132975;0.166667;0.166667;0.000000;8558.665171;0.001374;2.571709;2.516400;0.290562;0.084426;2.588071;0.116203;1.126517;2.591887;0.289975;0.147059;0.147059;0.000000;678.902964;0.057134;-1.337252;0.513670;5.865380;34.402680;6.015889;0.897567;-1.457449;1.572735;6.006975;0.049020;0.049020;0.501961;1936.937962;1.610314;-9.337170;-1.578950;34.844144;1214.114352;36.073496;6.821271;-1.702105;3.155821;16.811775;0.049020;0.049020;1.505882;70827.799155;2.512151;0.000000;0.000000;-0.497906;0.038583;-0.040367;0.655432;0.000000;-0.237857;0.329240;0.000000;0.000000;-0.252876;-0.130572;0.078069;0.466481;9.879901;0.027803;14.223053;0.346404;0.013615;0.000000;9.704860;2.011719;2.651809;97.640247;1344.186135
2.000000;2.000000;0.000000;0.000000;2.000000;0.000000;0.000000;0.000000;0.000000;0.000000;0.000000;0.000000;408.000000;-0.000000;3.032742;3.048050;0.126177;0.015921;3.035366;0.037204;-0.071013;0.282275;0.145275;0.107843;0.107843;0.000000;938.959526;0.008985;9.203501;9.200900;0.050661;0.002567;9.203640;0.029794;0.855561;0.898209;0.056300;0.254902;0.254902;0.000000;8639.982826;0.000228;2.435678;2.420700;0.085690;0.007343;2.437185;0.024262;2.195331;6.545391;0.069875;0.166667;0.166667;0.000000;605.492787;0.006631;0.839328;0.312145;1.523692;2.321636;1.739571;0.245148;0.704625;-0.435174;2.464158;0.009804;0.009804;0.000000;190.324688;1.465837;1.099594;2.006100;4.565823;20.846737;4.696365;1.163198;-1.060241;1.580765;4.206705;0.088235;0.088235;2.007843;1187.465592;2.418999;0.000000;0.000000;-0.432605;0.538875;-0.148756;0.096555;0.000000;-0.171719;0.162762;0.000000;0.000000;0.398418;-0.229848;-0.251030;0.127823;9.895367;0.002148;14.236243;0.016634;0.002037;0.000000;9.750896;2.011719;2.470493;97.920443;31.021824
2.000000;2.000000;0.000000;0.000000;2.000000;0.000000;0.000000;0.000000;0.000000;0.000000;0.000000;0.000000;408.000000;-0.000000;3.044168;3.048050;0.073630;0.005421;3.045058;0.029982;-0.137375;-0.318900;0.092875;0.137255;0.137255;0.000000;945.506234;0.003433;9.193034;9.200450;0.048836;0.002385;9.193164;0.031636;-0.002306;0.410124;0.059950;0.284314;0.284314;0.000000;8620.333400;0.000212;2.420657;2.422850;0.036065;0.001301;2.420926;0.017307;-0.202865;-0.056279;0.047300;0.186275;0.186275;0.000000;597.743474;0.001396;-0.023284;0.109315;0.654917;0.428916;0.655331;0.245009;-1.001565;1.254759;0.751295;0.166667;0.166667;1.003922;21.930460;2.455748;0.578065;0.495805;2.418814;5.850662;2.486930;0.626535;-0.606389;0.146135;2.833722;0.078431;0.078431;0.501961;332.498295;2.151502;0.000000;0.000000;0.108946;-0.244977;-0.349735;0.359824;0.000000;-0.617118;-0.204012;0.000000;0.000000;-0.099868;-0.131117;0.279165;-0.125718;9.888572;0.002794;14.237202;0.005525;0.002358;0.000000;9.740086;2.011719;2.430645;97.786643;12.475160
2.000000;2.000000;0.000000;0.000000;2.000000;0.000000;0.000000;0.000000;0.000000;0.000000;0.000000;0.000000;408.000000;-0.000000;3.063599;3.072500;0.066970;0.004485;3.064331;0.027340;-0.836419;0.607306;0.081125;0.156863;0.156863;0.000000;957.563923;0.002787;9.185455;9.177300;0.046753;0.002186;9.185574;0.029941;0.104164;0.403491;0.051425;0.245098;0.245098;0.000000;8606.114818;0.000199;2.426604;2.426650;0.028643;0.000820;2.426773;0.015355;0.042955;0.748611;0.037125;0.235294;0.235294;0.000000;600.659398;0.000915;-0.122492;-0.181515;0.632985;0.400671;0.644729;0.219201;-0.683918;1.232424;0.698900;0.156863;0.156863;3.513725;21.965643;2.341063;0.014507;0.305110;1.944821;3.782328;1.944875;0.540893;-1.158657;1.220679;2.318830;0.117647;0.117647;3.513725;192.923900;1.931399;0.000000;0.000000;0.104752;-0.081529;-0.284157;0.464020;0.000000;-0.601864;-0.348257;0.000000;0.000000;-0.174457;0.040194;0.390716;-0.187762;9.887487;0.002497;14.249054;0.004576;0.002161;0.000000;9.738549;2.011719;2.441091;97.764891;10.087440
