Mean_X;Median_X;Std_X;Variance_X;RMS_X;AvgDerivative_X;Skewness_X;Kurtosis_X;IQR_X;ZeroCross_X;MeanCross_X;MedianAbsDev_X;Range_X;Mean_Y;Median_Y;Std_Y;Variance_Y;RMS_Y;AvgDerivative_Y;Skewness_Y;Kurtosis_Y;IQR_Y;ZeroCross_Y;MeanCross_Y;MedianAbsDev_Y;Range_Y;Mean_Z;Median_Z;Std_Z;Variance_Z;RMS_Z;AvgDerivative_Z;Skewness_Z;Kurtosis_Z;IQR_Z;ZeroCross_Z;MeanCross_Z;MedianAbsDev_Z;Range_Z;Correlation_XY;Correlation_XZ;Correlation_YZ;FFT_Max_X;FFT_Min_X;MeanFFT_X;StdFFT_X;FFT_Energy_X;FFT_DominantFreq_X;SkewnessFFT_X;KurtosisFFT_X;SpectralEntropy_X;FFT_Max_Y;FFT_Min_Y;MeanFFT_Y;StdFFT_Y;FFT_Energy_Y;FFT_DominantFreq_Y;SkewnessFFT_Y;KurtosisFFT_Y;SpectralEntropy_Y;FFT_Max_Z;FFT_Min_Z;MeanFFT_Z;StdFFT_Z;FFT_Energy_Z;FFT_DominantFreq_Z;SkewnessFFT_Z;KurtosisFFT_Z;SpectralEntropy_Z;AI;VI;SMA;EVA1;EVA2;CAGH;AVH;AVG;ARATG;DF;ENERGY;AAE;ARE;MaxAccel_X;MaxAccel_Y;MaxAccel_Z;MinAccel_X;MinAccel_Y;MinAccel_Z;RMSAccel_X;RMSAccel_Y;RMSAccel_Z;TotalEnergy;SignalMagnitude_X;SignalMagnitude_Y;SignalMagnitude_Z;Cov_XY;Cov_XZ;Cov_YZ;EntropyTime_X;EntropyTime_Y;EntropyTime_Z;Max_X;Max_Y;Max_Z;Min_X;Min_Y;Min_Z;MaxFFT_X;MaxFFT_Y;MaxFFT_Z
1.843852;9.224200;29.953687;897.223390;30.010385;12.110882;-0.596097;0.182358;36.499000;7.456311;6.462136;17.176500;149.893000;4.285568;2.630400;17.088727;292.024600;17.617908;8.725910;0.048196;-0.544841;22.862450;9.444660;9.444660;11.377900;82.596000;0.787594;1.145000;7.208489;51.962308;7.251387;2.794884;-0.901683;1.547664;7.395350;7.953398;7.953398;4.022100;40.525000;0.123647;0.441229;0.103715;1207.894397;15.839113;207.563995;221.666921;46557.183051;1.491262;2.746344;9.103374;2.575999;562.947590;2.582773;130.038736;128.942936;16930.974698;0.497087;1.689365;2.599296;2.837489;236.776746;2.004800;49.200975;54.831314;2739.950137;0.497087;1.925991;3.120721;2.644431;31.484928;272.295785;43.777361;923.439842;288.309559;-0.105803;2.498327;6.853757;1.389046;1.491262;116127.205238;22076.035962;131182.598314;68.516000;38.981000;17.128000;-81.377000;-43.615000;-23.397000;30.010385;17.617908;7.251387;66228.107887;30.010385;17.617908;7.251387;63.911726;96.204473;12.901289;2.961779;3.020005;2.861289;68.516000;38.981000;17.128000;-81.377000;-43.615000;-23.397000;1207.894397;562.947590;236.776746
-1.745084;3.482000;27.377687;749.537752;27.433248;10.483698;-1.051818;0.677584;31.742250;9.431579;9.431579;15.209000;117.915000;18.287207;22.266500;25.990304;675.495913;31.779205;6.031903;0.169524;-1.098211;45.212975;3.368421;3.368421;23.940800;101.682000;2.176210;2.925450;7.758109;60.188258;8.057552;2.643690;-1.334478;2.230775;7.112595;4.715789;6.736842;3.644520;40.525000;0.489934;0.695222;0.461790;845.239802;6.335514;148.950852;183.764815;28714.192991;0.673684;2.247474;4.676707;2.171273;1389.827760;8.632562;146.527723;279.443515;51089.513455;0.000000;3.536986;11.857261;1.336403;249.486141;5.118193;46.325352;54.888183;2647.253740;0.673684;1.950824;3.382470;2.284554;38.264865;363.225187;52.591108;1106.378717;369.314596;0.310011;4.924257;-6.083167;1.452352;0.673684;125082.117539;27483.653395;160673.666004;36.538000;73.727000;17.128000;-81.377000;-27.955000;-23.397000;27.433248;31.779205;8.057552;82450.960186;27.433248;31.779205;8.057552;353.263146;149.633399;94.354789;3.027344;3.110542;2.772210;36.538000;73.727000;17.128000;-81.377000;-27.955000;-23.397000;845.239802;1389.827760;249.486141
-2.125088;1.668150;22.390913;501.352999;22.491532;10.245457;-0.559976;-0.136335;30.756000;9.035294;9.035294;13.987350;106.426000;46.041514;40.854500;41.111882;1690.186802;61.725261;8.653560;0.204766;-0.849970;62.268750;4.015686;3.513725;31.220500;174.020000;2.400531;1.064070;8.430618;71.075320;8.765721;2.800235;0.665763;0.613041;10.848850;5.521569;6.525490;4.985970;45.499000;0.247930;0.051174;0.541758;1009.623177;6.456910;148.727523;170.133950;26033.360029;1.505882;2.910510;10.610965;2.450918;4696.234400;1.976229;272.141447;720.528763;302427.241050;0.000000;5.021108;26.163352;0.967064;334.513033;4.213270;55.306798;72.150531;4213.295423;1.003922;2.191238;4.382576;2.411160;57.423806;1095.221166;74.167244;1770.512461;465.071128;0.176648;61.643914;-3.984257;1.518705;0.000000;392209.778776;110891.298834;652552.643139;41.741000;137.210000;30.111000;-64.685000;-36.810000;-15.388000;22.491532;61.725261;8.765721;332673.896502;22.491532;61.725261;8.765721;230.487497;9.755630;189.631837;3.073193;3.181923;2.936779;41.741000;137.210000;30.111000;-64.685000;-36.810000;-15.388000;1009.623177;4696.234400;334.513033
-3.801356;5.439300;30.726159;944.096828;30.960412;12.459883;-1.150680;1.391729;37.420500;8.084211;6.736842;16.882300;142.661000;0.152603;4.733150;31.062225;964.861827;31.062600;8.779915;-0.314957;-0.340174;40.889250;5.389474;5.389474;20.194000;133.155000;-1.686455;-1.897600;5.590021;31.248333;5.838875;2.328142;0.706512;-0.067520;6.820658;5.389474;6.736842;3.940650;23.727000;0.447601;-0.110002;0.362988;933.543264;6.761190;177.295882;201.543781;36974.938004;1.347368;1.993031;3.860315;2.333604;1197.158210;9.477961;153.731745;218.778424;36689.479958;0.673684;3.216253;11.378802;1.793661;150.669024;0.766987;32.771348;40.760435;1403.678897;0.673684;1.579073;1.296680;2.323505;38.715911;458.602937;53.626973;1400.995762;540.843458;-0.190746;5.309515;-1.507278;3.051351;0.000000;131346.181204;25022.698953;146286.547725;41.741000;54.626000;13.471000;-100.920000;-78.529000;-10.256000;30.960412;31.062600;5.838875;75068.096859;30.960412;31.062600;5.838875;432.896479;-19.145918;63.869020;2.948407;3.115605;3.038700;41.741000;54.626000;13.471000;-100.920000;-78.529000;-10.256000;933.543264;1197.158210;150.669024
3.471732;3.518000;25.694336;660.198887;25.927819;17.687421;-0.389288;0.858347;27.556250;13.421359;14.415534;14.084000;140.771000;32.525853;35.281000;29.869770;892.203155;44.160324;5.778585;-0.272457;-0.949845;48.416950;1.491262;4.473786;24.636000;116.241000;1.635275;2.378600;10.775128;116.103394;10.898510;3.738680;-0.090308;0.950174;14.376100;6.462136;6.462136;7.200600;62.511000;-0.082178;-0.092781;0.387356;625.553914;25.882963;219.779596;146.637622;35241.693958;2.982524;0.855845;0.317338;3.334397;3350.162840;10.430213;224.996424;506.189885;154915.365906;0.000000;4.854302;25.670620;1.171273;410.435374;4.024210;63.514266;91.406638;6254.759655;0.497087;2.159001;4.109606;2.321768;47.836256;452.856178;65.517839;937.253500;650.535434;-0.012001;23.750455;3.828476;1.520562;0.000000;259017.756299;65470.606506;389046.488662;64.881000;81.878000;31.478000;-75.890000;-34.363000;-31.033000;25.927819;44.160324;10.898510;196411.819519;25.927819;44.160324;10.898510;-63.688344;-25.939051;125.892998;2.929673;3.160621;2.830758;64.881000;81.878000;31.478000;-75.890000;-34.363000;-31.033000;625.553914;3350.162840;410.435374
-2.512384;-1.080665;22.551458;508.568249;22.690974;13.221627;-0.123583;0.447663;27.664250;11.452632;10.105263;13.460500;116.012000;35.382208;40.052000;29.579739;874.960976;46.117910;5.890812;-0.141309;-1.250872;55.119400;3.368421;2.021053;25.837000;105.521000;3.076771;4.065250;11.458740;131.302724;11.864622;3.983212;-0.082280;0.588240;12.347850;7.410526;6.063158;6.012800;62.093000;0.245886;0.173929;0.429262;614.830548;8.767265;147.426256;129.996724;19825.162116;4.715789;1.866753;3.314066;2.636526;2689.047800;5.554281;186.843684;464.029135;128409.347564;0.000000;4.430147;19.760261;0.862357;360.339358;24.795265;80.662422;68.019165;5713.003835;0.673684;2.184380;5.411171;2.646537;48.118176;467.152344;64.456939;978.221410;452.093050;0.317710;27.914981;2.138446;1.484056;0.000000;193719.089469;51315.837838;300000.282747;48.396000;81.878000;31.478000;-67.616000;-23.643000;-30.615000;22.690974;46.117910;11.864622;153947.513515;22.690974;46.117910;11.864622;166.209340;45.544432;147.436819;2.909958;3.038318;2.823015;48.396000;81.878000;31.478000;-67.616000;-23.643000;-30.615000;614.830548;2689.047800;360.339358
-1.634910;4.637100;23.669540;560.247106;23.725936;17.931308;-1.096022;1.083804;28.408000;15.430137;16.832877;14.190200;111.767000;-7.718914;-14.620000;31.631159;1000.530216;32.559359;7.088200;0.387162;-1.134138;56.737000;1.402740;1.402740;25.661000;114.849000;-1.931876;-3.509100;8.671139;75.188652;8.883738;2.781247;-0.091141;-1.179264;13.812400;4.909589;4.909589;8.118900;34.683000;0.027825;0.277602;0.151502;639.348164;19.431096;162.108862;120.212536;20644.143337;2.104110;2.005269;4.948558;2.772953;1474.607507;11.470488;132.119340;251.351432;40868.812378;0.701370;4.308019;19.366280;1.108234;281.798737;0.826825;46.392107;61.643337;3016.832318;1.402740;2.537341;5.646317;1.943142;38.126944;248.288829;55.262648;1017.572274;573.220686;-0.236376;6.996924;-4.292659;-1.816037;1.402740;115180.003801;21509.929344;127315.527741;38.521000;61.202000;14.357000;-73.246000;-53.647000;-20.326000;23.725936;32.559359;8.883738;64529.788033;23.725936;32.559359;8.883738;21.122074;57.766833;42.130749;2.920516;3.125923;2.991426;38.521000;61.202000;14.357000;-73.246000;-53.647000;-20.326000;639.348164;1474.607507;281.798737
-1.166849;2.939550;17.753976;315.203676;17.792280;16.353241;-0.864087;0.899261;23.158250;18.189474;18.189474;11.041450;92.372000;-26.334229;-13.710000;63.547707;4038.311122;68.788100;7.684160;-1.063305;0.099548;69.494250;2.021053;3.368421;35.288000;238.152000;-4.368746;-4.430700;12.265883;150.451875;13.020669;3.075531;-0.089995;-0.907669;17.932825;3.368421;3.368421;9.231850;47.298000;-0.013763;-0.100588;0.638835;376.873386;9.118516;128.692674;84.114223;12129.516683;0.673684;0.856567;0.281505;3.061146;2529.984812;58.339600;359.538562;522.039902;206183.576813;1.347368;2.847306;7.678666;1.818907;446.905617;4.904941;71.988376;93.802422;7174.573772;0.673684;2.426039;5.712184;2.068091;54.846341;2209.784635;73.407652;4155.844002;321.050411;-0.038094;2.499813;0.503981;-1.735195;0.000000;312615.309648;75162.555756;439411.864419;27.451000;61.202000;21.921000;-64.921000;-176.950000;-25.377000;17.792280;68.788100;13.020669;225487.667268;17.792280;68.788100;13.020669;-15.734623;-22.196880;504.591103;2.889989;2.986392;3.108931;27.451000;61.202000;21.921000;-64.921000;-176.950000;-25.377000;376.873386;2529.984812;446.905617
-1.548899;0.649570;19.034313;362.305073;19.097229;16.236481;-0.337797;1.359386;21.141400;16.118519;15.170370;10.651650;110.106000;-76.068254;-106.117000;79.872942;6379.686870;110.299892;6.632564;0.117771;-1.694989;160.075500;1.896296;0.948148;69.558000;213.718000;-6.421800;-9.882050;13.646633;186.230597;15.082112;2.990289;0.238531;-1.139268;23.872900;0.948148;3.792593;12.640400;47.298000;-0.330695;-0.340251;0.851239;396.128426;8.728660;116.897436;73.837257;9912.493179;0.948148;1.652447;4.924427;2.707263;4107.685700;31.178465;355.241166;899.277495;484761.044370;0.000000;3.453425;10.403401;0.766092;463.289262;2.760800;59.156841;102.433874;7255.230522;0.948148;2.941507;7.919005;1.280137;94.210429;3882.635375;116.160650;6681.459113;327.109800;0.349231;19.685800;-2.142848;-1.655018;0.000000;584116.264294;167309.589357;968005.481280;45.185000;33.338000;21.921000;-64.921000;-180.380000;-25.377000;19.097229;110.299892;15.082112;501928.768071;19.097229;110.299892;15.082112;-512.250932;-90.049354;945.353988;2.785084;2.896718;2.981309;45.185000;33.338000;21.921000;-64.921000;-180.380000;-25.377000;396.128426;4107.685700;463.289262
7.621595;9.960000;16.558151;274.172357;18.228030;9.225534;-0.458246;-0.124675;18.061775;8.450485;12.427184;9.743220;76.028000;7.861974;1.636300;21.868493;478.230996;23.238796;4.171781;0.323432;-1.126079;34.707500;2.982524;3.976699;16.287300;77.305000;-0.357528;-2.980300;15.051846;226.558059;15.056091;2.291153;0.017421;-1.345541;28.821000;1.988350;1.988350;12.839700;53.901000;0.146320;0.212195;0.867579;785.024290;2.335076;138.184250;143.960216;20103.013616;0.000000;2.894172;9.255741;2.561092;1438.448947;2.529712;100.497815;226.483794;30995.392477;0.497087;4.620541;22.431909;1.203194;1030.893771;2.008112;52.139052;142.894012;11680.906140;0.497087;6.194724;39.357125;0.645939;30.182948;187.978223;47.482748;684.421068;264.469164;0.147074;5.594167;4.941283;1.616241;0.497087;103514.946477;20926.437411;124351.329999;41.974000;49.885000;22.851000;-34.054000;-27.420000;-31.050000;18.228030;23.238796;15.056091;62779.312233;18.228030;23.238796;15.056091;53.502275;53.403965;288.372983;3.108847;3.214632;3.089402;41.974000;49.885000;22.851000;-34.054000;-27.420000;-31.050000;785.024290;1438.448947;1030.893771
9.461438;10.908000;14.153985;200.335297;17.025102;7.053307;-0.320771;-0.074637;18.096355;4.778667;11.605333;8.962000;66.273000;6.918467;9.405100;29.465578;868.220285;30.266904;3.840173;-0.340154;-1.040592;47.110000;0.682667;2.048000;26.104900;101.728000;2.640320;6.542200;16.356677;267.540889;16.568409;2.346151;-0.644048;-0.691622;24.277400;3.413333;2.048000;11.780800;57.532000;0.082089;-0.013479;0.928916;709.607840;2.185166;101.982969;132.958870;14226.484114;0.000000;3.049357;10.015639;1.910881;1464.282632;3.894814;102.889582;246.492932;36148.149274;0.682667;4.592752;21.782683;0.842157;816.774465;3.290819;57.387373;132.439305;10555.629950;0.682667;4.994923;25.511140;0.766417;34.742218;273.430013;54.363890;1122.871653;204.206322;0.297930;17.216262;7.743820;1.206223;0.682667;100780.255516;20310.087779;120257.098693;41.974000;49.885000;22.851000;-24.299000;-51.843000;-34.681000;17.025102;30.266904;16.568409;60930.263338;17.025102;30.266904;16.568409;34.698375;-3.162836;453.749228;3.105565;3.155860;3.055393;41.974000;49.885000;22.851000;-24.299000;-51.843000;-34.681000;709.607840;1464.282632;816.774465
-3.025893;3.599900;21.924986;480.705018;22.132805;6.108378;-0.497535;-0.897273;39.544500;3.479612;2.485437;15.984100;86.760000;0.837692;0.688180;15.319417;234.684541;15.342303;3.391220;0.123126;-1.253073;25.738000;2.982524;2.982524;13.136820;56.644000;-0.542823;0.372730;4.973765;24.738335;5.003298;2.047760;-0.793524;1.701261;6.460400;7.953398;6.959223;2.961670;30.423000;0.359034;0.154152;-0.276564;1001.402129;6.338210;124.936121;187.870982;25699.379443;1.491262;2.974535;9.111231;2.057161;981.725114;3.329103;70.339613;138.331430;12158.531860;0.497087;5.545093;33.329850;1.172229;154.142366;1.893133;32.499649;39.082434;1304.373977;2.485437;1.774575;2.381234;2.605403;25.631775;93.292436;36.665019;535.267045;191.347906;0.137335;3.326497;-0.735859;2.145763;1.988350;72474.311451;13054.095093;77571.449688;27.813000;28.475000;11.438000;-58.947000;-28.169000;-18.985000;22.132805;15.342303;5.003298;39162.285279;22.132805;15.342303;5.003298;121.773737;16.975073;-21.279469;3.008715;3.126412;2.741934;27.813000;28.475000;11.438000;-58.947000;-28.169000;-18.985000;1001.402129;981.725114;154.142366
-1.147921;3.838400;22.798104;519.753543;22.826985;5.918808;-0.406563;-0.957334;41.822500;2.694737;2.694737;17.885000;91.285000;4.022037;3.945600;20.839579;434.288069;21.224157;3.915139;0.657568;-0.384525;27.351250;2.694737;6.736842;14.368100;78.651000;-0.494702;0.945620;5.113811;26.151061;5.137683;2.088229;-0.529545;0.318922;6.961700;8.757895;8.757895;2.964030;26.204000;0.404713;-0.280089;-0.607342;1106.919063;4.892671;89.896760;174.945200;19852.668065;1.347368;5.027860;26.316814;0.983996;933.181144;2.005891;85.005435;165.323967;17733.678732;0.673684;3.798495;15.497876;1.294461;150.765955;1.535579;29.676739;33.069425;1013.125414;0.673684;1.912848;3.386544;2.369752;28.977197;158.253982;40.966311;689.740278;287.193772;0.277948;0.423138;-4.520155;1.693179;0.000000;69850.545382;12866.490737;75219.484309;32.338000;50.482000;11.438000;-58.947000;-28.169000;-14.766000;22.826985;21.224157;5.137683;38599.472211;22.826985;21.224157;5.137683;194.843920;-33.089600;-65.587233;2.990098;3.023490;2.923384;32.338000;50.482000;11.438000;-58.947000;-28.169000;-14.766000;1106.919063;933.181144;150.765955
2.730167;4.174800;19.806542;392.299126;19.993823;10.745325;-0.241203;0.873492;22.972050;13.421359;11.433010;12.096200;110.938000;-9.245067;-7.019400;32.450252;1053.018861;33.741519;5.176973;-0.351173;0.030872;45.244500;3.479612;4.473786;22.312600;148.861000;-3.703921;-9.093000;14.735805;217.143943;15.194176;2.821114;0.478973;-0.855276;26.196500;0.994175;1.988350;8.007600;62.933000;-0.586956;-0.409564;0.473692;744.258115;24.693239;158.794152;127.763146;20971.147755;0.497087;2.266393;6.673440;2.991695;1492.424373;47.514912;208.601748;285.203680;63034.010580;0.994175;3.135191;9.967846;2.127857;869.475639;2.624629;71.333618;140.929882;12595.973528;0.497087;3.903804;17.672665;1.586048;36.470100;439.037835;55.544885;1297.918282;226.628557;-0.011272;4.611509;4.356583;-1.951852;0.994175;159607.472745;32200.377288;191344.549651;61.907000;50.329000;31.457000;-49.031000;-98.532000;-31.476000;19.993823;33.741519;15.194176;96601.131863;19.993823;33.741519;15.194176;-380.951516;-120.709336;228.730881;2.857160;3.071380;2.973039;61.907000;50.329000;31.457000;-49.031000;-98.532000;-31.476000;744.258115;1492.424373;869.475639
0.216603;4.751600;18.495128;342.069753;18.496396;9.352728;-0.793501;0.433761;23.105000;9.431579;9.431579;11.212400;88.006000;-15.895549;-17.900500;39.100551;1528.853059;42.208074;5.463237;-0.118998;-0.844854;63.297750;2.694737;1.347368;31.289000;148.861000;0.157387;1.027520;16.484119;271.726183;16.484870;3.014802;0.144032;-1.186844;27.297000;1.347368;1.347368;13.563500;62.933000;-0.656807;-0.316113;0.530877;552.129177;7.466415;115.011081;110.537840;13057.899401;0.673684;2.139639;4.895269;2.499547;2023.073587;1.141752;139.070595;362.344819;77299.230558;0.673684;4.240162;17.691956;0.882149;788.442177;1.895562;58.683499;129.162273;10328.147213;0.673684;4.672259;23.220472;0.957779;43.742405;481.991201;64.383101;1802.784050;207.221262;0.107353;1.349876;-4.220840;-1.560895;0.673684;163743.910207;33561.759057;196207.206797;38.975000;50.329000;31.457000;-49.031000;-98.532000;-31.476000;18.496396;42.208074;16.484870;100685.277172;18.496396;42.208074;16.484870;-481.316103;-97.660147;346.732850;2.948407;3.222400;3.065647;38.975000;50.329000;31.457000;-49.031000;-98.532000;-31.476000;552.129177;2023.073587;788.442177
0.290184;5.042500;19.707866;388.399990;19.710002;9.204377;-0.433891;0.043728;24.115450;5.965049;5.965049;11.945300;108.404000;-9.504152;-9.022800;43.137428;1860.837662;44.172011;7.354543;0.295373;0.213489;47.499500;4.970874;5.965049;23.795200;198.577000;-6.692432;-9.123600;19.103149;364.930287;20.241515;2.963018;0.121219;-0.915677;32.132300;1.988350;2.982524;14.752400;78.412000;-0.147108;-0.056436;0.665034;736.382713;6.231127;128.286015;152.251147;20011.272756;0.994175;2.925947;8.203996;2.351099;1866.831457;7.865175;226.776473;396.010858;105137.017102;0.497087;2.948394;7.890027;1.875610;1135.649072;6.635897;89.275631;195.943885;23407.140940;0.497087;3.762663;14.973544;1.475460;46.067237;627.179341;66.967205;2069.693897;384.436541;0.064545;12.298855;0.527296;-2.184308;0.994175;250885.343603;49518.476933;294254.026390;47.145000;98.027000;27.397000;-61.259000;-100.550000;-51.015000;19.710002;44.172011;20.241515;148555.430799;19.710002;44.172011;20.241515;-126.289590;-21.455436;553.401472;2.891349;2.992706;3.093283;47.145000;98.027000;27.397000;-61.259000;-100.550000;-51.015000;736.382713;1866.831457;1135.649072
6.610254;7.884650;19.092917;364.539469;20.204824;9.100924;-0.665387;1.452699;22.507975;8.084211;10.778947;11.583350;108.404000;-20.951763;-10.116450;59.840829;3580.924826;63.402691;8.532945;0.061418;-0.817659;93.294500;4.715789;1.347368;41.833500;224.877000;-11.507083;-12.554500;21.010088;441.423801;23.954890;3.164591;0.173255;-1.199064;35.486675;2.694737;1.347368;17.835700;77.705000;-0.387565;-0.086561;0.832524;700.183240;1.113500;121.395237;136.854802;17173.362741;1.347368;2.665869;7.276956;2.193716;2941.185630;5.253370;223.637850;529.312823;169437.528518;0.673684;3.957178;16.059179;1.059133;992.632418;0.761300;89.875242;210.288243;26837.492948;0.673684;3.426030;10.840900;1.204827;60.393755;1354.567269;86.388238;4003.091667;356.014744;0.352831;3.464125;3.649643;-2.073039;0.000000;328676.445877;71149.461402;415950.697429;47.145000;98.027000;26.690000;-61.259000;-126.850000;-51.015000;20.204824;63.402691;23.954890;213448.384207;20.204824;63.402691;23.954890;-448.710741;-35.186324;1060.655946;2.847587;3.084505;3.159882;47.145000;98.027000;26.690000;-61.259000;-126.850000;-51.015000;700.183240;2941.185630;992.632418
-3.986984;1.459350;18.169850;330.143462;18.602137;7.421698;-0.809253;0.196295;21.889250;8.031373;4.015686;9.982650;82.615000;-0.228653;1.384000;16.208118;262.703089;16.209731;4.578188;-0.516167;-0.038721;17.376525;5.521569;5.521569;8.617550;72.121000;-2.390109;-3.201250;7.597184;57.717205;7.964284;2.133991;0.368842;-0.663223;10.633075;4.015686;6.023529;5.535550;32.468000;-0.003630;-0.192042;0.137997;803.767244;6.859274;125.526357;143.057799;18466.321746;1.505882;2.983376;9.580837;2.410611;637.962117;15.002717;99.744027;128.024657;13427.819128;1.003922;2.868296;7.906449;2.257100;412.836833;3.194302;45.355878;69.712927;3526.338129;1.003922;3.392673;13.487309;1.978223;22.718192;156.108461;33.087241;336.099286;266.564486;0.062967;4.257250;-4.136625;-3.046216;1.003922;60607.688316;11806.826335;69478.631892;27.659000;32.727000;16.226000;-54.956000;-39.394000;-16.242000;18.602137;16.209731;7.964284;35420.479004;18.602137;16.209731;7.964284;-1.079519;-26.771940;17.160685;3.061499;3.139569;3.177738;27.659000;32.727000;16.226000;-54.956000;-39.394000;-16.242000;803.767244;637.962117;412.836833
1.262669;4.367050;18.572662;344.943776;18.615534;8.298996;-0.919013;0.240330;19.880500;8.084211;10.778947;10.359500;83.641000;-37.267440;-19.444500;49.517990;2452.031326;61.974942;5.234114;-0.627495;-0.971572;83.086403;3.368421;3.368421;25.148750;160.237000;-6.726918;-5.327050;10.865162;118.051746;12.779013;2.519892;-0.247135;-1.028343;18.520675;4.042105;4.042105;8.076350;40.244000;-0.401912;-0.230283;0.692097;657.158232;6.807571;111.720750;115.337177;13231.360880;1.347368;3.040631;10.765481;2.267447;2832.325410;41.591233;271.338535;560.090435;198759.340961;0.000000;3.705911;12.868508;1.196484;522.411243;1.193332;55.045376;111.427801;7926.312915;0.673684;3.617543;12.159448;1.254198;52.228711;1622.896375;69.358107;2606.553723;286.984361;0.499854;11.511726;-2.255058;-1.749377;0.000000;269012.619503;73305.671586;428556.233885;28.685000;28.567000;11.971000;-54.956000;-131.670000;-28.273000;18.615534;61.974942;12.779013;219917.014757;18.615534;61.974942;12.779013;-374.558975;-47.089456;377.327517;2.992895;3.093212;3.223311;28.685000;28.567000;11.971000;-54.956000;-131.670000;-28.273000;657.158232;2832.325410;522.411243
-0.329497;4.284700;19.693201;387.822171;19.695957;11.032891;-0.783364;0.402809;23.170825;9.788235;9.788235;10.785600;93.835000;-14.649610;-5.704250;45.148106;2038.351490;47.465383;9.165806;-1.131018;0.695532;43.366750;6.776471;5.270588;21.570500;179.266000;-2.802044;-2.299950;11.344576;128.699402;11.685498;3.437806;-0.033002;-0.804483;16.412475;5.270588;3.764706;8.390550;45.207000;-0.314156;-0.385460;0.526256;515.706140;9.778320;122.951193;103.318784;13275.174187;2.258824;2.079158;4.974731;2.568938;1630.533955;29.414159;234.394153;328.797032;83921.820095;1.505882;2.721063;7.505923;1.796900;405.418823;5.134869;57.987300;78.605643;4911.001377;1.505882;2.716499;8.481125;1.877976;42.077918;1006.892941;58.201976;2155.339852;353.439770;0.366323;1.511453;-2.175573;-1.759785;0.000000;154637.137099;34035.998553;198381.248711;33.380000;49.656000;18.673000;-60.455000;-129.610000;-26.534000;19.695957;47.465383;11.685498;102107.995660;19.695957;47.465383;11.685498;-283.488488;-87.401386;273.564092;2.951682;2.862839;3.147854;33.380000;49.656000;18.673000;-60.455000;-129.610000;-26.534000;515.706140;1630.533955;405.418823
6.057086;5.857200;20.390997;415.792763;21.271602;10.660559;0.032919;1.108652;25.845075;8.282353;10.541176;13.130000;128.534000;-69.873756;-77.183000;60.019335;3602.320580;92.112227;8.526585;0.279423;-1.255637;108.896000;3.011765;0.752941;52.287000;192.288000;-0.440030;0.908290;10.890525;118.603528;10.899411;3.775146;-0.192944;-0.671318;16.182925;7.529412;7.529412;7.772910;41.870000;-0.451901;-0.490399;0.136537;672.353330;12.995316;121.957668;132.683047;16716.856396;0.752941;2.581503;6.822452;2.146294;4751.415400;5.199482;306.753043;888.197718;454481.493620;0.000000;4.153476;16.545517;0.716980;316.985902;4.481152;54.552732;69.916202;4047.789018;1.505882;2.670873;6.868929;1.918957;82.339187;2276.198903;102.292859;3753.933973;363.175944;0.427268;31.063876;3.972121;-1.577094;0.000000;538414.749957;158415.379678;923335.355836;68.079000;33.338000;19.500000;-60.455000;-158.950000;-22.370000;21.271602;92.112227;10.899411;475246.139033;21.271602;92.112227;10.899411;-561.316102;-110.527600;90.578321;2.768794;3.084132;3.134899;68.079000;33.338000;19.500000;-60.455000;-158.950000;-22.370000;672.353330;4751.415400;316.985902
4.827645;1.576000;19.943472;397.742065;20.519459;10.462555;0.263524;1.415022;17.985050;12.149153;12.149153;9.232000;117.873000;-84.652797;-74.384000;39.043759;1524.415134;93.222911;6.492724;-0.513185;-1.049554;64.830500;0.000000;2.603390;27.557000;134.818000;-1.312050;1.258700;11.328023;128.324112;11.403753;3.450967;-0.329263;-0.647368;16.633550;6.074576;7.810169;7.757100;47.186000;-0.387645;0.105483;-0.385271;456.787542;21.486439;121.884087;104.519035;13108.453877;1.735593;1.636439;2.030844;2.433330;4994.515000;40.234640;313.295128;906.528350;467769.908910;0.000000;4.636976;20.782730;0.412352;324.460936;7.098470;52.928710;69.593371;3887.128255;0.867797;2.713172;6.807001;1.707496;88.288207;1446.797446;108.530946;1647.740718;329.096060;0.376286;60.988675;6.054691;-1.586294;0.000000;502574.165052;161588.497014;953372.132383;68.079000;-24.132000;19.500000;-49.794000;-158.950000;-27.686000;20.519459;93.222911;11.403753;484765.491042;20.519459;93.222911;11.403753;-307.050894;24.241665;-173.339101;2.702302;3.046644;3.102506;68.079000;-24.132000;19.500000;-49.794000;-158.950000;-27.686000;456.787542;4994.515000;324.460936
-3.195037;1.835700;24.123767;581.956131;24.334428;11.367849;-0.680304;0.278031;28.560000;7.953398;7.953398;12.740300;131.388000;60.487311;64.475000;20.258699;410.414903;63.789730;6.777078;-0.065752;-0.614319;32.237500;0.000000;3.976699;15.705000;97.541000;17.628180;16.176000;10.199756;104.035022;20.366339;3.457639;0.311661;-0.375180;12.770000;1.988350;5.965049;6.319000;46.324800;0.071484;0.613647;0.492559;1330.300665;2.221227;153.650808;194.523089;31022.191787;1.491262;4.385801;23.092605;2.055394;6230.193000;12.275642;234.080093;856.458374;397983.987072;0.000000;6.606302;43.213845;0.313182;1815.702590;3.562397;98.329533;253.660032;37365.336617;0.000000;6.012772;37.490732;0.747638;68.188851;426.362403;97.042955;649.408918;418.286932;0.147672;58.807404;-3.684234;1.287215;0.000000;500878.763575;155457.171825;923774.347962;56.378000;108.430000;41.821000;-75.010000;10.889000;-4.503800;24.334428;63.789730;20.366339;466371.515476;24.334428;63.789730;20.366339;35.278089;152.472235;102.777099;2.943299;3.075641;3.009084;56.378000;108.430000;41.821000;-75.010000;10.889000;-4.503800;1330.300665;6230.193000;1815.702590
-1.217236;5.798600;20.185121;407.439096;20.221789;8.773140;-1.369132;1.996548;23.885500;9.557333;9.557333;10.209400;103.243000;54.072731;67.594000;32.058968;1027.777418;62.862052;6.215659;-0.755782;-0.397501;45.121500;2.730667;2.048000;16.761000;132.302000;16.378099;15.594000;10.412782;108.426034;19.407941;2.814614;0.203278;0.049863;11.019500;2.048000;7.509333;5.305000;46.265600;-0.311182;0.161015;0.712173;693.517365;16.552217;121.111384;125.328418;15390.090952;1.365333;2.789742;9.135298;2.275516;4055.454810;6.867435;228.838319;675.655483;257831.169390;0.000000;4.949194;24.428628;0.564419;1228.357420;9.990250;88.519109;199.740366;24184.135627;0.000000;4.965625;25.053756;0.780781;62.548311;824.935393;88.514789;1149.789470;382.620283;-0.274049;52.482613;-2.316441;1.276690;0.000000;324356.914307;99135.131990;586984.334149;28.233000;108.430000;41.821000;-75.010000;-23.872000;-4.444600;20.221789;62.862052;19.407941;297405.395969;20.221789;62.862052;19.407941;-204.091328;34.300028;240.952445;2.879466;2.950717;2.935428;28.233000;108.430000;41.821000;-75.010000;-23.872000;-4.444600;693.517365;4055.454810;1228.357420
-3.621333;-6.960100;23.927892;572.544009;24.200373;10.374722;0.666171;0.734683;31.407500;8.533333;8.533333;14.933200;126.274000;10.981292;14.138000;21.636084;468.120116;24.263324;5.229380;-0.341375;-1.039089;33.342400;3.513725;4.517647;16.233250;78.361000;1.935986;3.688550;8.675902;75.271273;8.889281;2.728251;-0.274221;-0.779143;13.418025;4.517647;4.517647;7.216150;37.310000;-0.139910;-0.523052;0.266931;848.110919;4.239834;165.059739;180.961632;30584.070051;1.505882;1.768172;2.802791;2.704813;1120.091820;2.367217;127.342575;233.977226;36176.437587;0.000000;3.044481;8.531269;1.803833;371.063557;2.310997;50.644629;75.604922;4221.677409;1.505882;2.707357;7.437586;2.143543;32.941072;168.272049;48.291404;641.416382;435.365897;-0.236143;6.893268;-4.114697;1.396291;0.000000;119263.717088;23660.728349;139234.286055;67.427000;46.215000;17.984000;-58.847000;-32.146000;-19.326000;24.200373;24.263324;8.889281;70982.185048;24.200373;24.263324;8.889281;-73.149431;-109.658648;50.602323;2.877697;3.223944;3.107655;67.427000;46.215000;17.984000;-58.847000;-32.146000;-19.326000;848.110919;1120.091820;371.063557
-0.461309;-0.756670;26.995054;728.732955;26.998996;10.659648;0.264960;-0.002036;35.937000;6.736842;6.736842;18.508330;126.274000;0.449530;12.311000;34.276604;1174.885550;34.279551;5.460967;-0.579122;-1.060680;62.746500;2.021053;2.021053;18.091000;110.430000;-1.549737;-4.207700;9.886997;97.752700;10.007716;2.654392;0.233847;-1.151910;17.017950;3.368421;4.715789;7.423300;37.749000;-0.194376;-0.449838;0.546391;912.416716;16.620396;141.307138;184.492003;27713.095392;1.347368;2.445295;6.288223;2.071209;1522.731533;1.993492;127.276516;266.152308;44663.396453;0.673684;4.014539;17.037743;1.154660;337.182142;0.306273;52.320666;69.708931;3898.351293;1.347368;2.666378;7.024260;1.982088;42.099574;231.813644;60.281220;1294.562045;678.263034;-0.017894;9.648608;1.356611;2.859272;0.673684;143512.278962;25424.947713;148638.155859;67.427000;46.215000;17.984000;-58.847000;-64.215000;-19.765000;26.998996;34.279551;10.007716;76274.843138;26.998996;34.279551;10.007716;-182.253784;-121.662461;187.636817;3.042642;3.010632;3.113866;67.427000;46.215000;17.984000;-58.847000;-64.215000;-19.765000;912.416716;1522.731533;337.182142
-2.520207;-3.744800;16.595353;275.405726;16.785624;7.486511;-0.302377;-0.715090;25.031500;7.456311;7.456311;13.505400;69.523000;59.508178;42.025000;66.953891;4482.823460;89.577043;7.971043;1.163843;0.375922;45.137500;1.988350;3.479612;21.532000;262.350000;-6.688589;-2.460800;15.514749;240.707448;16.895108;3.129774;-1.043904;0.898504;16.154250;4.970874;2.982524;6.539800;74.536000;0.084012;-0.107907;-0.040457;624.191617;2.877501;120.259111;122.178539;14837.593736;0.994175;1.966158;4.167707;2.754996;6129.342300;30.929338;454.086137;986.698795;595611.398789;0.000000;4.185768;19.207621;1.370415;688.924679;0.937088;87.536297;161.304448;17004.367692;0.000000;2.459528;5.032738;1.994687;72.069299;3397.264659;89.560910;4529.295422;291.157870;0.112220;31.411222;-4.869832;1.682724;0.000000;709939.466948;209151.120073;1242840.309662;31.419000;217.940000;21.785000;-38.104000;-44.410000;-52.751000;16.785624;89.577043;16.895108;627453.360218;16.785624;89.577043;16.895108;94.262649;-28.055472;-42.437875;3.158948;2.922656;2.938761;31.419000;217.940000;21.785000;-38.104000;-44.410000;-52.751000;624.191617;6129.342300;688.924679
-0.004676;3.923950;19.869218;394.785839;19.869219;8.102769;-1.315370;2.827465;26.150500;5.389474;5.389474;12.061100;115.939000;97.965491;92.644000;64.432332;4151.525452;117.255119;7.822405;0.465455;-1.069928;110.897250;0.000000;4.042105;55.306500;215.783700;-9.108077;-6.710350;16.573551;274.682607;18.911364;3.243331;-0.683482;0.540511;18.502012;2.694737;2.694737;8.712450;80.138000;-0.077770;-0.187035;0.120406;615.688241;0.355380;118.256058;123.492044;15002.058247;1.347368;1.910945;4.551069;2.471463;7445.377300;9.687176;386.739513;1256.688376;887164.366972;0.000000;4.820049;23.170797;0.582364;692.213870;2.444161;83.231705;160.326649;16745.445926;0.000000;2.793846;7.142094;1.579368;104.484348;3584.209424;127.192353;4213.972604;420.975057;-0.068974;59.239950;2.659205;1.663502;0.000000;965897.867033;306303.957048;1790700.056589;33.476000;217.940000;27.387000;-82.463000;2.156300;-52.751000;19.869219;117.255119;18.911364;918911.871145;19.869219;117.255119;18.911364;-100.890708;-62.412454;130.292239;2.737324;3.106281;2.901335;33.476000;217.940000;27.387000;-82.463000;2.156300;-52.751000;615.688241;7445.377300;692.213870
-1.471756;0.664440;20.759928;430.974618;20.812032;8.793871;-1.023285;2.995393;18.015050;7.456311;9.444660;9.346140;127.145000;7.330770;7.524100;28.829483;831.139099;29.746921;5.011282;0.026969;-0.366831;34.837400;1.988350;2.982524;17.495000;129.363000;0.475800;0.722150;8.416948;70.845018;8.430386;2.787238;-0.236720;0.201549;10.839050;8.450485;8.450485;5.587150;42.504000;-0.247698;-0.123160;0.490361;761.324970;13.463857;145.933997;152.015600;22418.297611;0.497087;2.349551;5.406792;2.639239;1746.301932;3.182302;130.058585;280.772109;48338.903626;0.497087;4.207416;19.535361;1.396790;268.901919;6.318324;49.772955;69.251087;3671.836123;1.491262;2.135131;3.476385;2.335205;32.113431;357.818949;44.591881;906.229859;386.626749;-0.451980;3.739502;3.679957;1.505983;0.497087;124648.736307;24809.679120;147426.747079;41.835000;67.610000;20.498000;-85.310000;-61.753000;-22.006000;20.812032;29.746921;8.430386;74429.037360;20.812032;29.746921;8.430386;-149.699960;-21.731405;120.155837;2.749125;3.154023;3.037864;41.835000;67.610000;20.498000;-85.310000;-61.753000;-22.006000;761.324970;1746.301932;268.901919
-9.888881;-5.698000;22.805066;520.071044;24.856810;10.382740;-1.171236;1.992146;17.678950;8.084211;10.778947;8.702550;123.140000;9.186967;13.243500;33.330514;1110.923184;34.573451;5.280337;-0.196704;-0.863770;55.521000;0.673684;2.694737;26.931000;128.292000;-0.922552;-1.291050;8.838192;78.113633;8.886210;2.545892;0.120052;-0.255690;9.852950;6.736842;6.736842;5.097550;38.602000;-0.020400;-0.163358;0.612179;751.554967;6.190507;152.401603;172.575259;27201.714173;0.000000;1.722340;2.301446;2.385354;1649.882912;12.901484;130.703598;278.720486;48631.224395;0.673684;4.358373;20.107207;1.056995;311.126240;1.307453;40.254812;65.498622;3033.029670;0.673684;2.374083;5.771376;1.889829;37.721161;469.263278;53.153407;1157.430946;528.207441;-0.302260;16.098807;-8.628574;1.670880;0.673684;125975.910295;26288.656080;153687.527850;37.830000;67.610000;20.498000;-85.310000;-60.682000;-18.104000;24.856810;34.573451;8.886210;78865.968239;24.856810;34.573451;8.886210;-15.712918;-33.364768;182.740938;2.782232;3.158736;3.140495;37.830000;67.610000;20.498000;-85.310000;-60.682000;-18.104000;751.554967;1649.882912;311.126240
0.564970;2.249750;28.763813;827.356951;28.769361;15.386939;-0.276654;0.110791;39.742750;9.537255;11.545098;20.399000;163.374000;-36.447001;-36.205500;26.278876;690.579311;44.932874;9.036705;0.113736;-0.258325;39.765250;4.015686;9.035294;20.339500;126.059000;-2.697805;-3.612000;7.017318;49.242749;7.518038;2.371248;0.420736;-0.064404;8.556750;5.019608;8.031373;4.213950;32.139000;0.003123;-0.101379;-0.019164;1093.528450;7.363190;200.033060;206.926740;42228.027821;2.007843;2.156934;5.355910;2.705585;3717.594090;8.495782;224.338103;533.433999;170722.839368;0.000000;5.531595;32.640554;0.956384;301.770961;3.938116;46.504112;64.972927;3254.646186;1.003922;2.459671;5.741954;2.268245;49.663495;436.697514;68.197805;836.135920;697.391444;0.121706;42.340951;2.292832;-1.644682;0.501961;273877.681727;72068.504458;424095.430082;79.251000;31.855000;15.713000;-84.123000;-94.204000;-16.426000;28.769361;44.932874;7.518038;216205.513375;28.769361;44.932874;7.518038;2.384126;-20.665335;-3.568923;2.914924;3.070726;3.060467;79.251000;31.855000;15.713000;-84.123000;-94.204000;-16.426000;1093.528450;3717.594090;301.770961
-4.738239;-1.413500;31.381030;984.769053;31.736729;15.840481;-0.278490;0.110814;40.445500;9.431579;6.736842;21.955000;168.737000;-22.720713;-25.218000;24.921780;621.095100;33.724263;10.531072;0.640030;0.033159;30.229450;7.410526;6.063158;15.116900;119.759000;-3.351214;-3.158050;7.914573;62.640464;8.594830;2.897090;-0.340437;-0.002244;10.439000;4.715789;8.757895;5.388100;37.393000;0.334326;0.070541;0.256846;871.331055;41.330322;195.897469;194.821520;39169.979962;2.021053;2.089054;3.958462;2.449742;1726.774190;46.541575;199.804009;287.467608;62892.255710;0.000000;4.032904;17.823850;1.596976;254.692250;4.016568;51.176306;60.718031;3235.816445;0.000000;1.889992;2.874051;2.293668;42.871874;380.419411;61.434249;1137.820169;494.120014;-0.162898;21.335715;-3.906874;-1.717236;1.347368;154156.161324;35099.350706;205196.204126;79.251000;52.730000;10.972000;-89.486000;-67.029000;-26.421000;31.736729;33.724263;8.594830;105298.052117;31.736729;33.724263;8.594830;264.952700;17.753705;51.337229;2.826550;2.909869;3.076474;79.251000;52.730000;10.972000;-89.486000;-67.029000;-26.421000;871.331055;1726.774190;254.692250
