Mean_X;Median_X;Std_X;Variance_X;RMS_X;AvgDerivative_X;Skewness_X;Kurtosis_X;IQR_X;ZeroCross_X;MeanCross_X;MedianAbsDev_X;Range_X;Mean_Y;Median_Y;Std_Y;Variance_Y;RMS_Y;AvgDerivative_Y;Skewness_Y;Kurtosis_Y;IQR_Y;ZeroCross_Y;MeanCross_Y;MedianAbsDev_Y;Range_Y;Mean_Z;Median_Z;Std_Z;Variance_Z;RMS_Z;AvgDerivative_Z;Skewness_Z;Kurtosis_Z;IQR_Z;ZeroCross_Z;MeanCross_Z;MedianAbsDev_Z;Range_Z;Correlation_XY;Correlation_XZ;Correlation_YZ;FFT_Max_X;FFT_Min_X;MeanFFT_X;StdFFT_X;FFT_Energy_X;FFT_DominantFreq_X;SkewnessFFT_X;KurtosisFFT_X;SpectralEntropy_X;FFT_Max_Y;FFT_Min_Y;MeanFFT_Y;StdFFT_Y;FFT_Energy_Y;FFT_DominantFreq_Y;SkewnessFFT_Y;KurtosisFFT_Y;SpectralEntropy_Y;FFT_Max_Z;FFT_Min_Z;MeanFFT_Z;StdFFT_Z;FFT_Energy_Z;FFT_DominantFreq_Z;SkewnessFFT_Z;KurtosisFFT_Z;SpectralEntropy_Z;AI;VI;SMA;EVA1;EVA2;CAGH;AVH;AVG;ARATG;DF;ENERGY;AAE;MaxAccel_X;MaxAccel_Y;MaxAccel_Z;MinAccel_X;MinAccel_Y;MinAccel_Z;RMSAccel_X;RMSAccel_Y;RMSAccel_Z;TotalEnergy;SignalMagnitude_X;SignalMagnitude_Y;SignalMagnitude_Z;Cov_XY;Cov_XZ;Cov_YZ;EntropyTime_X;EntropyTime_Y;EntropyTime_Z;Max_X;Max_Y;Max_Z;Min_X;Min_Y;Min_Z;MaxFFT_X;MaxFFT_Y;MaxFFT_Z
-0.155447;-0.154220;0.954697;0.911447;0.967270;0.384434;-0.301486;-0.143859;1.151820;7.456311;7.456311;0.574360;4.141700;9.563330;9.240400;1.706628;2.912580;9.714415;0.621431;1.584267;3.203952;1.498000;0.000000;6.462136;0.753200;9.866700;2.404753;2.362400;1.319461;1.740978;2.742957;0.520791;-0.009455;0.425520;1.543200;2.982524;4.970874;0.694300;7.053600;-0.011671;-0.020980;0.186475;38.739174;0.284730;6.634122;7.341295;49.428369;2.485437;2.374383;6.454328;2.588362;985.023000;0.899803;28.863481;134.621897;9570.097967;0.000000;6.886304;45.940155;0.114760;247.689557;0.193922;12.477589;34.665779;685.292571;0.000000;6.036095;37.813852;0.692663;9.980927;3.210389;12.776400;3.077735;1.622313;-0.026797;10.049083;-0.236345;1.324448;0.994175;10426.081612;3434.939636;1.769500;16.812000;5.928700;-2.372200;6.945300;-1.124900;0.967270;9.714415;2.742957;10304.818908;0.967270;9.714415;2.742957;-0.019202;-0.026688;0.424026;3.082884;2.702510;2.853474;1.769500;16.812000;5.928700;-2.372200;6.945300;-1.124900;38.739174;985.023000;247.689557
-0.076398;-0.001883;1.009727;1.019549;1.012613;0.341479;-0.387233;-0.612667;1.587105;6.063158;6.063158;0.788648;4.075600;9.725509;9.644450;1.681380;2.827038;9.869780;0.607096;0.939862;0.694843;1.879250;0.000000;6.736842;1.023100;7.880700;2.118809;2.206550;1.341358;1.799241;2.507707;0.561606;-0.201385;0.054619;1.683625;4.042105;8.757895;0.845400;6.822000;-0.048695;0.063708;0.232123;28.825310;0.666819;5.556081;6.745872;39.193366;4.042105;2.173782;3.960842;2.197584;739.138700;0.749580;27.929150;115.921230;7295.960392;0.000000;5.915070;33.332169;0.108021;161.029480;0.681225;11.794926;25.671398;409.572332;0.000000;5.045072;26.332479;0.855044;10.082442;3.070905;12.781509;3.088277;1.622250;-0.056691;7.431077;-0.231690;1.356287;4.042105;7842.572853;2581.575363;1.703400;14.826000;5.601600;-2.372200;6.945300;-1.220400;1.012613;9.869780;2.507707;7744.726090;1.012613;9.869780;2.507707;-0.083773;0.087436;0.530496;3.089568;2.978596;2.986392;1.703400;14.826000;5.601600;-2.372200;6.945300;-1.220400;28.825310;739.138700;161.029480
-0.429286;-0.789160;0.832475;0.693014;0.936644;0.191642;0.715749;-0.656780;1.381640;1.994805;1.994805;0.342840;3.388600;9.669121;9.518500;1.018532;1.037408;9.722618;0.325911;0.302153;0.151053;1.043100;0.000000;7.314286;0.452100;4.780900;2.572174;2.736500;0.641845;0.411965;2.651046;0.190443;-1.129037;1.201735;0.639400;0.000000;4.654545;0.286400;3.320720;0.209054;-0.309704;0.325509;33.055060;0.202642;4.357102;7.855569;40.871139;0.000000;2.451752;5.284818;1.744040;744.522300;0.808461;24.299369;117.053674;7238.816263;0.000000;5.967398;33.751507;0.045479;198.057420;0.162306;8.241967;31.131953;525.298858;0.000000;5.806945;32.439432;0.190754;10.066840;1.093392;13.102739;1.155165;0.768164;0.162504;7.557337;-0.565369;1.310798;3.324675;7845.372606;2601.662087;1.689900;12.118000;3.866300;-1.698700;7.337100;0.545580;0.936644;9.722618;2.651046;7804.986260;0.936644;9.722618;2.651046;0.179590;-0.167659;0.215598;2.868360;2.998397;2.772588;1.689900;12.118000;3.866300;-1.698700;7.337100;0.545580;33.055060;744.522300;198.057420
-0.405372;-0.456830;0.872089;0.760540;0.961700;0.280265;0.099460;-0.696393;1.361630;3.548515;4.562376;0.668530;4.072100;9.760240;9.613600;1.535421;2.357518;9.880273;0.539687;-0.071269;-0.232509;2.095000;0.000000;5.576238;0.980400;7.579100;2.201858;2.355000;0.825777;0.681908;2.351614;0.330169;-0.178845;-0.428338;1.224000;0.000000;8.110891;0.549500;3.907720;0.222173;0.027031;0.367483;40.942590;0.132297;5.551910;8.837776;55.004254;0.000000;2.400891;5.300172;2.141172;985.784200;0.273979;27.183832;136.202560;9740.544629;0.000000;6.831281;45.111430;0.091505;222.387650;0.242442;9.419117;30.809226;524.102361;0.000000;6.481452;41.784063;0.394775;10.081185;2.444453;12.771199;2.552231;0.737253;0.217787;9.977332;-0.404795;1.348916;3.548515;10388.104630;3439.883748;1.689900;13.788000;4.453300;-2.382200;6.208900;0.545580;0.961700;9.880273;2.351614;10319.651244;0.961700;9.880273;2.351614;0.300470;0.019661;0.470596;3.042251;3.098064;2.964186;1.689900;13.788000;4.453300;-2.382200;6.208900;0.545580;40.942590;985.784200;222.387650
-0.645216;-0.731220;1.020772;1.041975;1.207592;0.359733;0.129237;-0.436133;1.460711;6.462136;5.467961;0.743880;4.734400;9.831974;9.353000;1.640376;2.690832;9.967875;0.621070;0.980846;0.301596;1.995350;0.000000;6.462136;0.994000;6.985700;2.156595;2.327300;1.293990;1.674410;2.515017;0.467432;-0.238440;0.747653;1.653500;1.988350;4.970874;0.646200;7.486800;0.109846;0.056690;0.282022;66.457299;0.542719;6.730585;12.079934;96.541071;0.000000;3.735932;14.053904;1.653936;1012.693300;0.549349;28.765742;138.452499;10095.351848;0.000000;6.898194;46.051836;0.101428;222.129299;0.605880;12.281292;31.126344;565.275059;0.000000;5.950087;36.841949;0.780597;10.212218;2.852743;13.054224;3.017398;1.411289;0.102469;10.262219;-0.563449;1.354871;0.994175;10888.723401;3585.722659;1.811600;14.339000;5.594400;-2.922800;7.353300;-1.892400;1.207592;9.967875;2.515017;10757.167977;1.207592;9.967875;2.515017;0.185734;0.075614;0.604498;3.119309;3.033697;2.784230;1.811600;14.339000;5.594400;-2.922800;7.353300;-1.892400;66.457299;1012.693300;222.129299
-0.481961;-0.509430;1.032905;1.066892;1.139815;0.353261;-0.284418;-0.719445;1.566640;6.826667;4.778667;0.765520;4.246000;9.577076;9.177800;1.377749;1.898193;9.675669;0.470278;1.662128;2.954784;1.100300;0.000000;5.461333;0.540000;6.688100;2.026225;2.160200;1.217953;1.483409;2.364106;0.384537;0.172796;0.405585;1.509750;2.730667;2.730667;0.794100;6.523430;0.053748;0.043195;0.392600;36.147073;0.167089;5.815770;8.917700;57.429933;0.000000;1.834596;2.358453;2.050657;718.280700;0.422014;25.861873;114.230843;6950.211101;0.000000;5.854242;32.528402;0.079579;151.966889;0.369941;9.993550;24.852685;363.546994;0.000000;4.937972;25.100892;0.736892;9.919851;2.103314;12.567510;2.420404;1.074592;0.043419;7.287050;-0.354872;1.362301;0.682667;7459.132326;2457.062676;1.323200;14.339000;5.594400;-2.922800;7.650900;-0.929030;1.139815;9.675669;2.364106;7371.188028;1.139815;9.675669;2.364106;0.077522;0.055075;0.667699;3.207407;2.744812;2.890451;1.323200;14.339000;5.594400;-2.922800;7.650900;-0.929030;36.147073;718.280700;151.966889
0.033439;0.142310;0.606137;0.367402;0.607058;0.112917;-0.284850;-0.628576;0.823398;3.303226;4.954839;0.357690;2.278800;9.678477;9.603000;0.613643;0.376558;9.697911;0.244405;0.474752;0.140489;0.646275;0.000000;9.909677;0.371050;2.782700;2.134056;2.102700;0.505188;0.255214;2.193037;0.189887;0.028185;-0.691723;0.756400;0.000000;9.083871;0.403750;2.146900;0.394747;-0.206726;-0.063787;23.044417;0.154643;2.269215;4.129883;11.460784;0.825806;4.034048;17.142753;1.101580;600.065600;0.057751;21.831728;103.915627;5819.397140;0.000000;5.377980;26.961119;0.018906;132.311500;0.160443;6.826186;22.712007;290.287519;0.000000;5.260058;26.123415;0.187659;9.943619;0.351850;12.303112;0.540028;0.270568;0.339902;6.141128;0.140946;1.353774;2.477419;6141.192872;2040.381814;1.059800;11.215000;3.210800;-1.219000;8.432300;1.063900;0.607058;9.697911;2.193037;6121.145443;0.607058;9.697911;2.193037;0.149234;-0.064340;-0.020098;3.103637;2.933021;3.004901;1.059800;11.215000;3.210800;-1.219000;8.432300;1.063900;23.044417;600.065600;132.311500
-0.228814;-0.239470;0.707806;0.500989;0.743871;0.184185;-0.067079;-0.843771;0.961487;3.513725;7.529412;0.498055;2.750200;9.707667;9.552900;0.869863;0.756662;9.746561;0.335349;0.971664;0.837529;0.998875;0.000000;6.525490;0.500400;4.418000;2.351907;2.275350;0.681418;0.464331;2.448632;0.263914;0.513490;0.990992;0.778475;0.000000;8.031373;0.415400;3.686880;-0.026535;-0.320282;0.369314;29.979814;0.075420;4.434923;6.400021;30.908806;0.501961;2.657254;6.446695;2.164221;990.182000;0.043323;24.206661;135.442758;9650.946664;0.000000;6.972880;46.755667;0.035319;239.894520;0.191922;8.939248;32.761011;587.902816;0.000000;6.731618;44.501136;0.273193;10.034678;0.849839;12.677511;0.903517;0.561619;-0.089348;10.004007;-0.053755;1.333103;2.509804;10314.207107;3423.252762;1.059800;12.660000;4.640400;-1.690400;8.242000;0.953520;0.743871;9.746561;2.448632;10269.758286;0.743871;9.746561;2.448632;-0.016499;-0.156005;0.221075;3.232320;2.943758;2.917551;1.059800;12.660000;4.640400;-1.690400;8.242000;0.953520;29.979814;990.182000;239.894520
-0.552625;-0.438800;0.653666;0.427279;0.855963;0.236618;-0.081220;-0.460161;0.831070;6.301538;4.726154;0.376681;2.745540;9.648480;9.468300;0.988414;0.976963;9.698976;0.379845;1.046295;0.545099;1.229300;0.000000;6.301538;0.611700;4.418000;2.338213;2.431800;0.846206;0.716064;2.486625;0.309669;0.130730;0.367777;0.887800;0.000000;7.876923;0.443900;4.301640;-0.122143;-0.033418;0.449398;35.920609;0.175463;4.089296;7.051927;33.737180;0.000000;3.199804;10.562290;1.401035;627.151200;0.090590;23.399924;106.928622;6082.807106;0.000000;5.448051;27.800768;0.041670;151.983860;0.096597;8.426341;25.977072;378.642748;0.000000;5.111170;25.276674;0.339384;9.992676;1.132542;12.670634;1.270774;0.475509;-0.131034;6.459550;-0.373344;1.333040;0.787692;6527.289355;2165.062344;0.867940;12.660000;4.640400;-1.877600;8.242000;0.338760;0.855963;9.698976;2.486625;6495.187033;0.855963;9.698976;2.486625;-0.080149;-0.018774;0.381751;2.949876;2.941132;2.943337;0.867940;12.660000;4.640400;-1.877600;8.242000;0.338760;35.920609;627.151200;151.983860
0.073736;0.130660;0.807148;0.651489;0.810509;0.313556;-0.417848;1.233036;0.632480;7.456311;10.438835;0.322890;4.502200;9.772823;9.345600;1.451642;2.107265;9.880048;0.546377;0.326286;-0.674825;2.143050;0.000000;5.467961;0.957200;6.167400;2.172407;2.445900;1.249778;1.561944;2.506252;0.397563;-0.572993;0.001256;1.641700;2.485437;5.965049;0.695600;5.692640;0.014110;0.224237;0.397772;29.457888;0.111609;5.248101;6.326515;34.111676;1.988350;1.857870;3.312917;2.598576;1006.600800;0.099769;28.000003;137.537068;9945.855910;0.000000;6.922833;46.288681;0.085568;223.757950;0.120860;11.360294;31.513741;566.533514;0.000000;5.959636;36.814889;0.699659;10.115897;2.222182;12.606699;2.642097;1.138026;0.042642;10.057317;0.196742;1.352062;0.994175;10654.574678;3515.500367;2.296600;13.018000;4.890800;-2.205600;6.850600;-0.801840;0.810509;9.880048;2.506252;10546.501100;0.810509;9.880048;2.506252;0.016695;0.228418;0.728725;2.816743;3.107095;3.045270;2.296600;13.018000;4.890800;-2.205600;6.850600;-0.801840;29.457888;1006.600800;223.757950
0.033134;-0.021766;0.891372;0.794543;0.891987;0.334282;0.229787;1.136660;0.726640;8.757895;8.757895;0.372755;4.705800;9.733712;9.360000;1.550950;2.405446;9.856500;0.585131;0.163195;-0.488859;2.135950;0.000000;5.389474;0.924500;6.622600;1.825301;2.120950;1.354884;1.835711;2.273199;0.390501;-0.230775;-0.437528;1.858023;2.694737;5.389474;0.676350;5.692640;0.221152;0.115886;0.442032;26.591971;0.334450;4.475329;6.242882;30.277418;2.021053;2.042637;3.606196;2.107190;739.762100;0.738422;26.256802;116.278936;7292.081754;0.000000;5.917636;33.352710;0.091160;138.722865;0.499116;9.525386;23.208888;322.974124;0.000000;4.619027;22.028043;0.849448;10.026877;2.575403;12.303834;3.180235;1.175836;0.228426;7.577968;0.001244;1.385426;3.368421;7738.823042;2548.444432;2.500200;13.018000;4.890800;-2.205600;6.395400;-0.801840;0.891987;9.856500;2.273199;7645.333296;0.891987;9.856500;2.273199;0.309813;0.141822;0.941253;2.791253;3.019019;3.030312;2.500200;13.018000;4.890800;-2.205600;6.395400;-0.801840;26.591971;739.762100;138.722865
-0.533369;-0.438080;0.606606;0.367970;0.807746;0.088918;-0.279810;-1.254193;1.165574;1.003922;3.011765;0.551300;1.841400;9.675104;9.505900;0.426836;0.182189;9.684515;0.135832;1.096590;0.969389;0.470550;0.000000;3.011765;0.177600;2.017900;1.822098;1.922000;0.951806;0.905934;2.055718;0.113218;-0.017612;-1.755315;1.936280;0.000000;1.003922;0.978700;2.512440;-0.272872;0.797139;-0.637659;27.201820;0.785895;3.625315;5.807054;23.891852;0.000000;2.923206;8.229325;1.288121;493.430300;0.124341;20.785350;94.559220;4778.635246;0.000000;4.795049;21.009402;0.009364;92.927000;0.371618;6.457372;18.323436;192.423421;0.000000;4.132875;16.235478;0.435720;9.927054;0.121848;12.130507;1.259143;0.180423;0.096634;4.986947;-0.132256;1.384648;2.007843;5028.973769;1664.983506;0.231500;10.941000;2.988600;-1.609900;8.923100;0.476160;0.807746;9.684515;2.055718;4994.950519;0.807746;9.684515;2.055718;-0.072065;0.469450;-0.264240;2.994124;2.737436;2.780614;0.231500;10.941000;2.988600;-1.609900;8.923100;0.476160;27.201820;493.430300;92.927000
-0.221703;-0.309960;1.009182;1.018448;1.033247;0.157392;0.448509;-0.590502;1.618845;0.994175;0.994175;0.818610;4.094200;9.663011;9.541900;0.544849;0.296860;9.678359;0.253056;0.056210;-0.020638;0.686400;0.000000;6.462136;0.318200;2.617700;1.812614;1.717400;0.773888;0.598902;1.970906;0.183491;-0.030702;-1.260329;1.298750;0.000000;2.982524;0.648000;2.544410;-0.364912;0.430249;-0.491233;61.260492;0.254448;4.967371;9.446942;57.512747;0.497087;4.357116;21.823765;1.499190;995.290100;0.203413;22.952392;136.211292;9632.787155;0.000000;6.992361;46.936328;0.015967;186.699240;0.323194;7.185569;26.072605;369.257106;0.000000;6.332009;40.304972;0.401364;9.918783;0.240443;12.353161;1.295245;0.445652;-0.269799;10.015083;-0.468541;1.385368;0.994175;10145.755977;3353.185669;2.416000;10.941000;2.988600;-1.678200;8.323300;0.444190;1.033247;9.678359;1.970906;10059.557008;1.033247;9.678359;1.970906;-0.202614;0.339316;-0.209160;3.078978;3.073268;3.204871;2.416000;10.941000;2.988600;-1.678200;8.323300;0.444190;61.260492;995.290100;186.699240
0.212358;0.535695;1.121515;1.257796;1.141443;0.296752;-0.195764;-1.097843;1.936455;3.368421;3.368421;0.786355;4.094200;9.804257;9.786200;1.078196;1.162506;9.863364;0.503551;0.187309;0.620094;1.255400;0.000000;11.452632;0.645500;5.809200;1.686703;1.710550;0.831700;0.691725;1.880610;0.309790;-1.045889;1.525088;0.897400;1.347368;4.715789;0.473900;4.296550;0.075751;0.309282;0.280947;44.120588;0.566781;5.918638;8.051353;51.241158;0.673684;2.967068;10.483654;1.928714;745.123500;0.296471;25.210842;116.989886;7349.560308;0.000000;5.969345;33.768343;0.051386;128.189450;0.618838;7.585754;20.372342;242.506094;0.000000;5.328641;28.517532;0.566909;10.047512;1.173034;12.581868;1.513407;1.125556;0.112832;7.487495;-0.111893;1.400426;0.673684;7716.969072;2547.769186;2.416000;12.860000;3.308600;-1.678200;7.050800;-0.987950;1.141443;9.863364;1.880610;7643.307559;1.141443;9.863364;1.880610;0.092820;0.292334;0.255294;3.065883;2.917518;2.835874;2.416000;12.860000;3.308600;-1.678200;7.050800;-0.987950;44.120588;745.123500;128.189450
0.121866;0.160040;0.656910;0.431531;0.668118;0.346530;-1.393730;3.428443;0.692238;9.244444;10.666667;0.349930;3.618100;10.022169;9.534100;1.372235;1.883029;10.115676;0.627437;0.972728;0.219954;1.708625;0.000000;7.111111;0.769500;5.748100;0.761165;0.995905;0.875232;0.766032;1.159915;0.471858;-0.952647;0.526710;1.023270;4.977778;9.244444;0.454745;4.091100;0.148518;0.196029;0.282464;19.446820;0.297609;4.206723;3.823078;16.605006;0.711111;1.901062;4.687989;2.572388;721.596200;0.430800;26.836679;116.123689;7299.749723;0.000000;5.782050;31.631346;0.072036;54.803881;0.864633;6.994446;9.285555;69.448900;0.000000;3.767605;16.284941;1.741307;10.111586;1.874520;11.549683;2.022358;0.699661;0.150000;7.099709;0.140417;1.494994;1.422222;7429.068271;2461.934543;1.148900;13.855000;2.400800;-2.469200;8.106900;-1.690300;0.668118;10.115676;1.159915;7385.803629;0.668118;10.115676;1.159915;0.135765;0.114294;0.344024;2.771030;2.984902;2.906614;1.148900;13.855000;2.400800;-2.469200;8.106900;-1.690300;19.446820;721.596200;54.803881
-0.061821;0.061909;0.751988;0.565487;0.754525;0.411132;-1.137931;2.228482;0.690600;9.117808;10.520548;0.335881;4.019500;9.959062;9.502500;1.430244;2.045599;10.061238;0.687469;0.970043;0.262399;1.887300;0.000000;7.715068;0.831900;6.026300;0.895635;1.003200;1.008753;1.017583;1.348979;0.458517;-0.573952;0.689077;1.098820;4.208219;7.013699;0.610720;5.438100;0.083081;0.266386;0.320030;21.332544;0.339578;4.794904;4.275747;20.919252;0.701370;1.702433;3.782773;2.623244;727.011500;0.566961;27.843318;116.863510;7315.016690;0.000000;5.781440;31.627869;0.080023;65.381370;0.728603;7.638508;11.422172;95.699645;0.000000;3.689400;15.163074;1.582499;10.078939;2.032545;11.654028;2.268266;0.921203;0.092055;7.360421;-0.062395;1.481106;1.402740;7489.894080;2477.211862;1.550300;13.855000;3.328800;-2.469200;7.828700;-2.109300;0.754525;10.061238;1.348979;7431.635587;0.754525;10.061238;1.348979;0.090597;0.204880;0.468140;2.725448;3.005980;2.836812;1.550300;13.855000;3.328800;-2.469200;7.828700;-2.109300;21.332544;727.011500;65.381370
0.262049;0.267750;0.777816;0.604997;0.820772;0.382494;-0.852154;2.404370;0.741002;7.447273;9.309091;0.366454;4.356200;9.852602;9.471700;1.265019;1.600273;9.933481;0.693493;1.145312;1.068733;1.486150;0.000000;9.309091;0.705300;5.854300;1.205105;1.317900;1.085712;1.178771;1.622051;0.483087;-0.467281;0.562618;1.276765;4.654545;6.516364;0.659610;5.590100;0.042500;-0.008752;0.361565;19.915128;0.607309;4.330346;4.620337;20.414249;0.930909;1.796948;2.835921;2.106798;541.893100;0.282816;26.003557;99.487143;5383.064451;0.000000;4.971102;22.824618;0.065518;66.280787;0.665870;7.818810;12.626910;112.291524;0.000000;3.713612;13.812551;1.153155;10.015112;1.676288;11.871653;1.965434;0.869296;0.044000;5.325062;0.113028;1.449087;0.930909;5562.733440;1838.590075;1.933600;13.683000;3.480800;-2.422600;7.828700;-2.109300;0.820772;9.933481;1.622051;5515.770225;0.820772;9.933481;1.622051;0.042592;-0.007528;0.505786;2.704417;2.907319;2.863377;1.933600;13.683000;3.480800;-2.422600;7.828700;-2.109300;19.915128;541.893100;66.280787
0.028323;0.075711;0.317136;0.100575;0.318398;0.125409;-0.738030;0.496495;0.357985;7.111111;8.533333;0.162084;1.472990;9.769304;9.673700;0.468071;0.219090;9.780511;0.166876;3.355506;13.449089;0.187800;0.000000;6.400000;0.113400;3.238200;2.088229;2.151450;0.433747;0.188136;2.132800;0.184304;-2.010388;4.727016;0.304350;0.000000;10.666667;0.168000;2.379460;-0.244044;0.312070;-0.581208;9.523848;0.157662;1.909208;1.876135;3.681991;0.711111;2.312883;5.605766;2.382265;703.389900;0.395949;21.871874;113.616901;6879.522597;0.000000;5.828378;31.990180;0.011842;150.352500;0.391223;6.708828;24.065865;320.756212;0.000000;5.740208;31.305370;0.154242;10.006133;0.185902;12.103096;0.340485;0.095627;-0.194647;7.065168;0.066143;1.360211;2.133333;7215.537197;2401.320267;0.595950;12.334000;2.730600;-0.877040;9.095800;0.351140;0.318398;9.780511;2.132800;7203.960800;0.318398;9.780511;2.132800;-0.036737;0.043532;-0.119661;2.929626;1.940335;2.594314;0.595950;12.334000;2.730600;-0.877040;9.095800;0.351140;9.523848;703.389900;150.352500
0.158528;0.051119;0.840734;0.706834;0.855550;0.249105;-0.182194;-0.407589;1.130565;6.582857;3.657143;0.531945;3.700900;9.784803;9.614950;0.693190;0.480512;9.809326;0.364494;2.038480;6.188868;0.570125;0.000000;10.240000;0.262000;4.207000;1.311875;1.408200;0.784436;0.615339;1.528514;0.310249;-0.495516;-0.525154;1.426153;2.925714;6.582857;0.650060;3.661000;-0.162691;-0.140164;-0.114372;26.422052;0.404849;4.742033;5.389419;26.502537;0.731429;2.296118;5.525894;2.186701;684.936200;0.137800;23.543597;111.848115;6718.783760;0.000000;5.738548;30.965033;0.024431;91.831225;0.647291;6.673946;15.218634;142.019170;0.000000;4.912702;24.316043;0.724920;9.941530;0.457189;11.811216;0.784781;0.633157;-0.192382;6.864516;0.071183;1.437518;4.388571;6934.383018;2295.768489;1.790000;12.835000;2.636600;-1.910900;8.628000;-1.024400;0.855550;9.809326;1.528514;6887.305467;0.855550;9.809326;1.528514;-0.096189;-0.093778;-0.063092;3.074647;2.552933;2.968178;1.790000;12.835000;2.636600;-1.910900;8.628000;-1.024400;26.422052;684.936200;91.831225
-0.113792;0.345230;1.226163;1.503475;1.231432;0.312160;-0.008134;-1.668372;2.302940;1.003922;1.003922;1.192370;3.700900;9.706180;9.558600;0.736036;0.541750;9.734048;0.499308;2.231617;6.702570;0.470100;0.000000;20.078431;0.250800;4.207000;0.899000;0.977170;0.612508;0.375166;1.087827;0.388366;-0.490160;0.153167;0.957265;4.015686;12.047059;0.452300;2.958400;-0.168403;-0.111705;-0.109142;38.071630;0.318304;4.647578;7.409322;38.998994;1.003922;3.630537;13.163270;1.115324;495.015200;0.946835;23.456670;94.347760;4818.521442;0.000000;4.794051;21.003451;0.027497;45.849005;0.230188;5.051217;8.608248;50.784993;0.000000;4.096535;16.456006;0.909927;9.844682;0.533710;11.813149;1.562491;0.551176;-0.181594;4.901138;0.227610;1.478438;4.015686;4956.415784;1636.101810;1.790000;12.835000;1.934000;-1.910900;8.628000;-1.024400;1.231432;9.734048;1.087827;4908.305429;1.231432;9.734048;1.087827;-0.155023;-0.085572;-0.050188;2.929499;2.485777;2.717347;1.790000;12.835000;1.934000;-1.910900;8.628000;-1.024400;38.071630;495.015200;45.849005
0.237390;0.418870;0.929635;0.864220;0.959466;0.236265;-0.106548;-1.179767;1.661605;2.485437;2.485437;0.780630;3.744000;9.407587;9.001600;1.479950;2.190251;9.523285;0.526092;0.896236;0.279356;1.618750;0.000000;6.462136;0.836700;6.895900;3.235177;3.341000;1.297074;1.682401;3.485509;0.444259;-0.336473;0.327209;1.455650;0.000000;5.467961;0.651200;6.264958;-0.140466;0.101683;0.478123;47.500328;0.012713;5.255186;8.487583;50.311795;0.994175;3.073377;10.539913;1.981933;968.981500;0.392065;26.652160;132.549394;9228.576066;0.000000;6.906113;46.125263;0.090102;333.223261;0.362668;13.645653;46.051693;1164.680000;0.000000;6.435854;41.615457;0.423984;10.058103;2.596866;13.495602;2.920121;1.156846;-0.114719;10.056852;0.351456;1.239575;0.994175;10553.778239;3481.189287;2.042200;13.553000;6.327100;-1.701800;6.657100;0.062142;0.959466;9.523285;3.485509;10443.567861;0.959466;9.523285;3.485509;-0.195150;0.123812;0.926805;3.033766;3.023169;2.982283;2.042200;13.553000;6.327100;-1.701800;6.657100;0.062142;47.500328;968.981500;333.223261
0.047840;-0.036554;0.915215;0.837619;0.916465;0.268591;0.013612;-1.055859;1.415575;3.413333;3.413333;0.776884;3.597000;9.482919;9.023200;1.608643;2.587731;9.618393;0.599688;0.713621;-0.424925;2.335900;0.000000;6.144000;0.939000;6.895900;3.736570;3.920100;1.317443;1.735657;3.962021;0.512893;-0.724962;0.462497;1.177850;0.000000;6.144000;0.574700;6.264958;-0.232302;-0.282049;0.423278;32.012527;0.143864;4.586261;6.426492;31.582354;0.682667;2.647875;7.197401;1.909736;711.218900;0.212590;27.014906;113.018131;6841.470910;0.000000;5.832285;32.349713;0.103189;280.242722;0.389212;14.740146;44.473880;1112.233580;0.000000;5.590252;30.430767;0.357165;10.300913;2.942178;14.019230;3.290853;1.208186;-0.281883;7.513352;0.203229;1.195446;0.682667;8068.492923;2661.762281;1.895200;13.553000;6.327100;-1.701800;6.657100;0.062142;0.916465;9.618393;3.962021;7985.286844;0.916465;9.618393;3.962021;-0.346629;-0.344675;0.909174;3.069972;2.977314;2.885281;1.895200;13.553000;6.327100;-1.701800;6.657100;0.062142;32.012527;711.218900;280.242722
0.003269;-0.081181;0.544350;0.296317;0.544360;0.232321;1.092469;1.777574;0.628185;5.907692;5.907692;0.334010;2.731900;9.399752;9.085200;1.204002;1.449620;9.476548;0.471133;0.454550;-0.223126;1.560750;0.000000;4.923077;0.714300;5.668000;3.165789;3.418750;0.958317;0.918371;3.307656;0.308050;-0.432588;-0.028751;1.126500;0.000000;4.923077;0.453450;4.506070;-0.397874;-0.379869;0.255445;10.802458;0.103054;2.417140;2.999581;7.705413;0.984615;1.473917;0.855797;1.985358;488.787100;0.007500;23.129463;91.576414;4632.167596;0.000000;4.859913;21.763254;0.061548;164.621030;0.157349;10.369130;30.695524;545.054234;0.000000;4.684636;20.624165;0.264587;9.975340;1.534461;12.973025;1.688347;0.811784;-0.437262;5.176707;-0.048499;1.245934;2.953846;5214.286043;1728.309081;1.815800;12.398000;5.227800;-0.916100;6.730000;0.721730;0.544360;9.476548;3.307656;5184.927242;0.544360;9.476548;3.307656;-0.265879;-0.202048;0.300515;2.701598;2.822171;2.929238;1.815800;12.398000;5.227800;-0.916100;6.730000;0.721730;10.802458;488.787100;164.621030
-0.164057;-0.229730;0.573565;0.328977;0.596567;0.208114;0.601649;0.864312;0.846850;4.473786;6.959223;0.416320;3.188500;9.373875;9.098300;1.180472;1.393514;9.447912;0.455784;0.343191;0.032586;1.549100;0.000000;5.965049;0.626100;5.961900;3.312220;3.443500;1.060724;1.125135;3.477921;0.292133;-0.096231;-0.232450;1.125800;0.000000;3.479612;0.648900;4.969970;-0.067072;0.112992;0.280590;22.425057;0.230370;3.809310;4.953697;19.714542;0.497087;1.903374;3.125432;2.499318;965.509100;0.334651;25.387613;132.002630;9122.327335;0.000000;6.943149;46.477591;0.063338;341.158680;0.577844;12.887699;46.764693;1187.937121;0.000000;6.650351;43.700490;0.308950;10.008407;1.546661;13.172014;1.651455;0.903989;-0.013143;10.115743;-0.062641;1.231144;3.479612;10396.978682;3443.326333;1.815800;12.398000;5.691700;-1.372700;6.436100;0.721730;0.596567;9.447912;3.477921;10329.978998;0.596567;9.447912;3.477921;-0.045858;0.069418;0.354786;2.876653;2.966351;3.040179;1.815800;12.398000;5.691700;-1.372700;6.436100;0.721730;22.425057;965.509100;341.158680
-0.186052;-0.130580;0.521304;0.271758;0.553510;0.162346;-0.186873;-0.510956;0.763845;6.826667;5.461333;0.384280;2.295480;9.439905;9.156000;1.288545;1.660348;9.527443;0.508423;0.300352;-0.024184;1.628550;0.000000;5.461333;0.638000;6.163900;3.188346;3.033100;1.128939;1.274502;3.382315;0.288812;0.220413;-0.584037;1.701950;0.000000;2.730667;0.834000;4.706950;0.232444;0.348431;0.287339;20.729914;0.133780;2.874171;4.120292;12.787081;0.682667;2.701636;7.903941;1.896709;707.992900;0.102216;24.023491;112.856780;6745.649002;0.000000;5.851706;32.503251;0.067476;239.125950;0.469036;11.129794;38.408678;810.210105;0.000000;5.511606;29.693899;0.313842;10.032869;1.860123;13.070862;1.989124;1.030498;0.307573;7.434555;-0.157553;1.245074;3.413333;7619.139397;2522.882063;0.922780;12.600000;5.691700;-1.372700;6.436100;0.984750;0.553510;9.527443;3.382315;7568.646188;0.553510;9.527443;3.382315;0.158248;0.207830;0.423637;3.148586;2.859195;3.130639;0.922780;12.600000;5.691700;-1.372700;6.436100;0.984750;20.729914;707.992900;239.125950
0.913116;0.993530;0.667948;0.446154;1.131342;0.224442;-1.155396;1.566150;0.851970;2.485437;3.479612;0.409970;3.358100;9.905100;9.498100;1.579332;2.494289;10.030219;0.447330;0.821985;-0.365282;2.470800;0.000000;4.970874;1.011500;6.085800;0.731137;0.763960;1.048454;1.099257;1.278209;0.308010;-0.151757;-0.616249;1.373508;3.479612;2.982524;0.689840;4.578200;0.139474;0.319173;0.185455;94.050920;0.208295;6.108345;13.353178;108.856323;0.000000;5.548121;33.280811;1.054825;1020.225300;0.475956;27.676491;139.660250;10233.889501;0.000000;6.900048;46.059815;0.089173;75.307082;0.436484;7.109659;13.063239;111.671496;0.000000;3.845055;15.279822;1.603836;10.048210;2.552513;12.015535;2.601285;1.098608;0.147242;9.949761;0.980492;1.497116;0.994175;10531.007442;3484.805773;1.937000;13.983000;2.912100;-1.421100;7.897200;-1.666100;1.131342;10.030219;1.278209;10454.417320;1.131342;10.030219;1.278209;0.148575;0.225712;0.310097;2.934006;3.039557;3.174254;1.937000;13.983000;2.912100;-1.421100;7.897200;-1.666100;94.050920;1020.225300;75.307082
0.799107;0.855740;0.586172;0.343597;0.991045;0.223501;-0.449512;-0.218391;0.844370;2.694737;6.736842;0.434225;2.721380;9.891557;9.561100;1.508066;2.274262;10.005856;0.471720;0.731162;-0.301697;2.128275;0.000000;5.389474;0.993350;6.007300;0.822039;0.870835;1.104074;1.218980;1.376491;0.302582;-0.257570;-0.622252;1.314070;5.389474;4.042105;0.671365;4.578200;0.060857;0.174967;0.233743;60.732145;0.201160;4.699396;9.896926;61.596121;0.000000;4.688126;23.429601;0.999517;751.758300;0.255231;25.594399;118.339148;7522.498221;0.000000;5.919000;33.356103;0.079439;62.474931;0.056589;6.398608;12.223599;97.684004;0.000000;3.420488;11.399350;1.383543;10.032466;2.343684;11.930684;2.437983;1.116448;0.069115;7.655039;0.644571;1.487882;0.673684;7738.504245;2560.592782;1.838600;13.777000;2.912100;-0.882780;7.769700;-1.666100;0.991045;10.005856;1.376491;7681.778346;0.991045;10.005856;1.376491;0.054514;0.114745;0.394375;3.034465;3.107217;3.140113;1.838600;13.777000;2.912100;-0.882780;7.769700;-1.666100;60.732145;751.758300;62.474931
0.841971;1.060600;0.490311;0.240405;0.974330;0.061431;-0.612275;-1.266753;0.993610;1.329870;0.664935;0.261200;1.535521;9.749121;9.738300;0.225257;0.050741;9.751723;0.093345;1.504039;4.226638;0.165000;0.000000;11.968831;0.070600;1.346800;1.188333;1.221300;0.177275;0.031427;1.201483;0.082472;-1.009469;0.639006;0.209700;0.000000;13.298701;0.100400;0.785260;0.115743;0.539101;0.350432;64.831759;0.250390;3.429090;10.690577;63.842040;0.000000;5.004439;25.189788;0.557781;750.682300;0.257284;20.561864;118.449980;7320.445920;0.000000;6.000785;34.015328;0.003092;91.501640;0.117101;3.314973;14.355506;109.944341;0.000000;5.938595;33.516413;0.082154;9.870794;0.056411;11.781901;0.254930;0.054031;0.158842;7.496037;0.796470;1.449503;2.659740;7504.479506;2498.077434;1.464400;10.675000;1.455600;-0.071121;9.328200;0.670340;0.974330;9.751723;1.201483;7494.232301;0.974330;9.751723;1.201483;0.012952;0.047475;0.014178;2.761366;2.544143;2.975043;1.464400;10.675000;1.455600;-0.071121;9.328200;0.670340;64.831759;750.682300;91.501640
0.796900;0.995740;0.618906;0.383045;1.009006;0.112306;-0.279451;-1.443164;1.174300;2.027723;1.013861;0.456060;2.206490;9.737378;9.686700;0.739966;0.547549;9.765454;0.193215;0.555949;2.586360;0.481800;0.000000;7.097030;0.261100;4.563700;1.024098;1.109700;0.431095;0.185843;1.111134;0.126918;-1.323951;3.073167;0.379690;1.013861;6.083168;0.153500;2.367150;-0.338229;-0.374755;0.617896;80.486880;0.088826;4.135254;12.174982;83.483730;0.000000;5.272400;28.609463;0.798866;983.475200;0.147046;23.371271;135.918027;9604.121217;0.000000;6.907729;45.820203;0.026514;103.433880;0.181042;4.498066;14.426689;115.311489;0.000000;6.332308;40.387739;0.463737;9.852624;0.542603;11.630987;0.737368;0.293856;-0.350643;9.830464;0.755794;1.466010;1.520792;9831.895046;3267.638812;1.821000;12.288000;1.927200;-0.385490;7.724300;-0.439950;1.009006;9.765454;1.111134;9802.916436;1.009006;9.765454;1.111134;-0.156447;-0.100987;0.199077;3.006272;2.611808;2.723780;1.821000;12.288000;1.927200;-0.385490;7.724300;-0.439950;80.486880;983.475200;103.433880
0.016186;0.303170;0.998431;0.996865;0.998563;0.254428;-0.360727;-0.377748;1.421835;1.988350;2.982524;0.540440;4.696500;9.753100;9.437800;1.310074;1.716293;9.840694;0.517565;0.715200;0.945251;1.676650;0.000000;5.965049;0.812200;7.511400;0.162269;0.419850;0.896660;0.803999;0.911225;0.277779;-0.627222;-0.330285;1.243650;3.479612;7.456311;0.538710;3.800400;0.027849;-0.153884;0.093960;45.325026;0.096641;5.081708;8.713182;51.365546;0.497087;2.864530;8.592062;1.974764;1004.569300;0.622213;27.341767;137.238549;9886.053940;0.000000;6.938870;46.440370;0.073124;44.311266;0.601662;5.667387;7.434276;44.118083;1.491262;3.223168;12.351876;2.199941;9.849236;1.659270;11.348759;1.746972;1.078559;0.026410;9.972147;0.100324;1.554160;0.994175;10077.218750;3327.179189;2.314400;14.655000;1.853400;-2.382100;7.143600;-1.947000;0.998563;9.840694;0.911225;9981.537568;0.998563;9.840694;0.911225;0.036785;-0.139115;0.111456;2.986213;2.879526;3.158277;2.314400;14.655000;1.853400;-2.382100;7.143600;-1.947000;45.325026;1004.569300;44.311266
-0.357463;-0.394560;0.983961;0.968180;1.046881;0.300391;0.000022;-0.986676;1.649295;2.730667;5.461333;0.821610;3.880800;9.786959;9.437300;1.542104;2.378084;9.907706;0.636289;0.790124;0.558594;2.104400;0.000000;6.144000;0.979700;7.483600;0.031882;0.331110;0.973176;0.947071;0.973698;0.292162;-0.590301;-0.609245;1.217695;4.778667;4.778667;0.461990;3.800400;0.239650;-0.215238;0.068899;39.700228;0.067715;4.865379;8.179295;45.890205;0.682667;2.748712;7.594942;1.706030;734.021900;0.954914;28.097493;116.469635;7273.020143;0.000000;5.852544;32.515352;0.095469;38.404675;1.028464;4.730561;6.918668;35.591393;1.365333;3.614726;13.485650;1.615421;9.894090;2.313670;11.470865;2.501507;1.154905;0.239661;7.226226;-0.223033;1.567539;0.682667;7428.739177;2451.500581;1.492400;14.655000;1.853400;-2.388400;7.171400;-1.947000;1.046881;9.907706;0.973698;7354.501742;1.046881;9.907706;0.973698;0.368552;-0.208890;0.104797;3.252274;2.975404;3.034998;1.492400;14.655000;1.853400;-2.388400;7.171400;-1.947000;39.700228;734.021900;38.404675
-0.158549;-0.190640;0.106474;0.011337;0.190984;0.028540;2.479382;6.281033;0.077590;0.701370;9.117808;0.035460;0.562800;9.808453;9.804300;0.067697;0.004583;9.808687;0.057292;-0.514124;2.533765;0.079300;0.000000;14.027397;0.036500;0.455000;1.040062;1.124500;0.214729;0.046109;1.061997;0.051031;-0.969492;0.257722;0.307720;0.000000;4.909589;0.109500;1.018910;-0.284235;-0.821462;0.086341;11.574102;0.138779;0.986290;1.861229;2.248860;0.000000;4.986367;25.345764;0.948491;716.017100;0.075611;19.844737;116.029073;7023.187650;0.000000;5.833278;32.027361;0.000351;75.924560;0.286591;3.225531;12.194865;80.649246;0.000000;5.720533;31.137607;0.141233;9.867605;0.005024;11.032036;0.055149;0.005428;-0.492664;7.135278;-0.144776;1.465154;4.909589;7108.166416;2368.695252;0.301240;9.995400;1.380900;-0.261560;9.540400;0.361990;0.190984;9.808687;1.061997;7106.085755;0.190984;9.808687;1.061997;-0.002077;-0.019042;0.001273;2.338172;2.666144;2.841465;0.301240;9.995400;1.380900;-0.261560;9.540400;0.361990;11.574102;716.017100;75.924560
-0.409946;-0.214385;0.442396;0.195714;0.603133;0.069720;-0.437666;-0.598144;0.646408;1.003922;1.003922;0.274586;1.900400;9.881573;9.814400;0.444141;0.197261;9.891549;0.124035;2.397563;8.947272;0.185350;0.000000;11.545098;0.091150;2.989300;1.010410;1.077300;0.343793;0.118193;1.067297;0.097399;-0.192224;-0.546626;0.500473;0.000000;4.517647;0.223300;1.537590;-0.081549;-0.563139;-0.045276;41.814499;0.021010;2.639658;6.799663;27.123206;0.000000;4.336833;20.095492;1.202100;1007.920400;0.544181;22.566957;138.011275;9969.918969;0.000000;6.996014;46.970100;0.010771;103.061840;0.142848;3.891740;14.176387;110.176566;0.000000;6.594022;43.069872;0.316541;9.957342;0.196978;11.358859;0.255205;0.199027;-0.125978;9.923292;-0.260843;1.468899;1.003922;10123.224901;3369.072914;0.457200;12.033000;1.837500;-1.443200;9.043700;0.299910;0.603133;9.891549;1.067297;10107.218741;0.603133;9.891549;1.067297;-0.016182;-0.086497;-0.006982;2.707048;2.297843;3.073682;0.457200;12.033000;1.837500;-1.443200;9.043700;0.299910;41.814499;1007.920400;103.061840
-0.653881;-0.791535;0.480842;0.231209;0.811646;0.106361;0.725365;-0.173085;0.553797;1.896296;5.688889;0.200665;1.900400;9.963985;9.798350;0.616958;0.380638;9.983068;0.213894;1.404290;2.403558;0.575850;0.000000;9.481481;0.300550;2.989300;1.013709;1.128700;0.465725;0.216900;1.115574;0.138525;-0.352114;-1.205868;0.879225;0.000000;5.688889;0.350800;1.717680;0.042427;-0.642127;-0.109468;35.309594;0.174936;2.877666;6.948955;29.332042;0.000000;3.772256;14.190348;0.768500;538.055200;0.020200;21.916005;99.392737;5371.451264;0.000000;4.993743;22.972671;0.017610;54.740310;0.229015;3.759094;10.207692;61.355135;0.000000;4.463844;19.260174;0.446246;10.059575;0.369865;11.705404;0.413803;0.349671;0.001699;5.306904;-0.318547;1.469408;0.000000;5474.519099;1820.712814;0.457200;12.033000;1.837500;-1.443200;9.043700;0.119820;0.811646;9.983068;1.115574;5462.138441;0.811646;9.983068;1.115574;0.012824;-0.146511;-0.032047;2.840694;2.778827;3.029757;0.457200;12.033000;1.837500;-1.443200;9.043700;0.119820;35.309594;538.055200;54.740310
-0.621330;-0.463750;0.633261;0.401019;0.887170;0.206170;-0.156861;-0.412720;0.945355;4.970874;5.965049;0.400000;2.981000;9.407243;9.318600;0.691246;0.477820;9.432605;0.271403;1.223862;3.238578;0.864250;0.000000;4.970874;0.411900;4.287200;3.296993;3.569900;1.009521;1.019133;3.448086;0.223654;-0.528214;-0.691570;1.619400;0.000000;4.473786;0.689800;4.312250;-0.089842;-0.148075;0.263875;63.996970;0.123583;4.771252;9.844020;60.415704;0.000000;4.557237;23.156665;1.354737;968.946000;0.114926;23.282123;132.520243;9139.717958;0.000000;6.984913;46.867701;0.025719;339.590250;0.072834;11.193785;46.865579;1172.111952;0.000000;6.619570;43.370680;0.262846;10.051358;0.620595;13.403597;1.101625;0.427730;-0.135631;10.127545;-0.640779;1.233699;0.994175;10438.030574;3457.415205;0.953600;12.271000;5.143900;-2.027400;7.983800;0.831650;0.887170;9.432605;3.448086;10372.245615;0.887170;9.432605;3.448086;-0.039713;-0.095591;0.185944;2.901509;2.789639;3.127388;0.953600;12.271000;5.143900;-2.027400;7.983800;0.831650;63.996970;968.946000;339.590250
-0.688585;-0.539450;0.605690;0.366861;0.917066;0.240724;-0.293635;-0.235205;0.813210;3.368421;6.063158;0.354590;2.895880;9.500792;9.373500;0.844796;0.713681;9.538277;0.299037;1.418091;3.043837;0.928575;0.000000;4.715789;0.472150;4.709200;3.118216;3.204800;1.032019;1.065064;3.284561;0.255261;-0.064030;-0.713307;1.627800;0.000000;5.389474;0.899700;4.312250;-0.057124;-0.104955;0.405755;52.332473;0.543596;5.013373;8.500841;49.980660;0.000000;4.469804;21.763287;1.301408;722.060200;0.121800;23.677241;113.405127;6887.263811;0.000000;5.983578;33.879896;0.035475;236.984450;0.293478;10.444793;37.547708;779.447894;0.000000;5.639178;30.993367;0.277458;10.083022;0.940746;13.363562;1.307040;0.501693;-0.095531;7.403191;-0.430039;1.253667;2.021053;7762.465785;2572.230789;0.868480;12.693000;5.143900;-2.027400;7.983800;0.831650;0.917066;9.538277;3.284561;7716.692366;0.917066;9.538277;3.284561;-0.029619;-0.066480;0.358473;3.011027;2.751849;3.074035;0.868480;12.693000;5.143900;-2.027400;7.983800;0.831650;52.332473;722.060200;236.984450
-0.684431;-0.755770;0.575961;0.331731;0.894526;0.109376;1.195881;1.544593;0.541555;1.003922;4.015686;0.268040;2.553720;9.413255;9.372400;0.628343;0.394815;9.434203;0.214752;0.156804;-0.859628;0.899200;0.000000;6.023529;0.498900;2.632500;3.405925;3.707600;0.848127;0.719319;3.509936;0.208534;-1.098076;0.056045;0.872950;0.000000;4.015686;0.379600;3.294300;-0.274431;-0.558003;0.233745;34.905980;0.626741;3.887275;6.953028;32.349862;0.000000;3.458029;12.349142;1.059912;480.076000;0.189774;21.018631;91.882046;4529.145532;0.000000;4.788167;20.966502;0.019303;173.702200;0.635429;9.996567;33.113856;609.959382;0.000000;4.635725;19.978507;0.176572;10.081070;0.496032;13.642545;0.925847;0.359746;-0.414571;5.068183;-0.368826;1.223628;1.003922;5195.675503;1723.818259;0.967420;10.824000;4.543700;-1.586300;8.191500;1.249400;0.894526;9.434203;3.509936;5171.454776;0.894526;9.434203;3.509936;-0.101303;-0.278029;0.127057;2.716996;3.010695;2.744178;0.967420;10.824000;4.543700;-1.586300;8.191500;1.249400;34.905980;480.076000;173.702200
-0.424201;-0.487730;0.549758;0.302233;0.694392;0.125813;0.308950;-0.072388;0.680407;4.970874;3.976699;0.338900;2.553720;9.439079;9.382600;0.597942;0.357534;9.457999;0.224118;0.225883;-0.664201;0.907750;0.000000;6.462136;0.428000;2.657500;3.211158;3.549800;0.971300;0.943424;3.354842;0.217788;-0.662485;-0.665601;1.472050;0.000000;3.976699;0.527400;3.902180;-0.141450;-0.467465;0.091835;43.692684;0.034691;3.554138;7.410218;34.099496;0.000000;3.653411;14.956984;1.590389;972.225100;0.079364;22.448849;133.078400;9195.322193;0.000000;6.987865;46.894856;0.019322;330.749320;0.175690;10.717358;45.663209;1110.674799;0.000000;6.631390;43.415457;0.244100;10.037645;0.436571;13.229050;1.045638;0.359727;-0.310131;10.121832;-0.578725;1.242880;1.491262;10400.177470;3446.698830;0.967420;10.849000;4.721600;-1.586300;8.191500;0.819420;0.694392;9.457999;3.354842;10340.096489;0.694392;9.457999;3.354842;-0.046954;-0.252064;0.053859;3.083476;3.137896;3.036754;0.967420;10.849000;4.721600;-1.586300;8.191500;0.819420;43.692684;972.225100;330.749320
-0.171937;-0.220145;0.420346;0.176691;0.454151;0.141774;0.222759;-0.814403;0.624730;7.410526;7.410526;0.315247;1.768440;9.390939;9.344500;0.509029;0.259111;9.404725;0.210273;0.601369;0.080665;0.638600;0.000000;9.431579;0.360200;2.500900;3.154077;3.366500;0.980592;0.961561;3.302993;0.216859;-0.410732;-0.720812;1.441175;0.000000;4.715789;0.677800;3.902180;-0.082987;-0.348182;-0.101522;13.067212;0.452543;2.882485;3.027928;8.968496;0.000000;1.860292;3.249376;2.444490;713.711400;0.080800;21.126358;112.401031;6712.266821;0.000000;5.993983;33.962035;0.014445;239.709820;0.469952;10.980645;37.736125;792.618414;0.000000;5.707983;31.616023;0.270336;9.963609;0.291373;12.926808;1.003180;0.265825;-0.276220;7.435862;-0.129329;1.246770;1.347368;7555.859682;2504.617910;0.751740;10.849000;4.721600;-1.016700;8.348100;0.819420;0.454151;9.404725;3.302993;7513.853730;0.454151;9.404725;3.302993;-0.017993;-0.145430;-0.051350;3.156322;2.960120;3.127465;0.751740;10.849000;4.721600;-1.016700;8.348100;0.819420;13.067212;713.711400;239.709820
0.077143;0.173420;0.827984;0.685558;0.831570;0.283831;-0.155976;-0.647084;1.199705;4.517647;4.517647;0.573305;3.608700;9.782985;9.448750;1.544111;2.384278;9.904094;0.609278;1.183320;1.861527;1.351200;0.000000;7.027451;0.671350;7.988200;-0.117068;-0.185555;0.746169;0.556767;0.755296;0.364012;0.549646;-0.155047;0.951058;7.027451;8.031373;0.481490;3.605900;-0.060275;0.172506;0.007160;30.137978;0.256742;5.187317;6.548518;35.579902;0.501961;2.288422;5.266305;2.443417;997.864500;0.261949;28.367448;136.317778;9883.695372;0.000000;6.913617;46.201769;0.095191;33.132733;0.531493;4.928931;5.843675;29.794417;0.501961;3.310515;11.861336;2.298686;9.848667;2.356811;11.087610;2.411415;0.750631;-0.053597;9.962354;0.054439;1.582762;1.003922;10013.819582;3316.356564;1.811800;14.855000;1.997800;-1.796900;6.866800;-1.608100;0.831570;9.904094;0.755296;9949.069691;0.831570;9.904094;0.755296;-0.077825;0.107632;0.008331;3.178150;2.876154;3.105506;1.811800;14.855000;1.997800;-1.796900;6.866800;-1.608100;30.137978;997.864500;33.132733
0.087728;0.064572;0.651003;0.423805;0.656888;0.270436;-0.059328;-0.372917;0.934915;6.736842;5.389474;0.463812;2.898800;9.770108;9.580650;1.478709;2.186582;9.881376;0.553707;0.875769;0.858103;1.332900;0.000000;9.431579;0.667400;7.169200;-0.124488;-0.323530;0.799120;0.638592;0.808758;0.446638;0.494186;-0.209274;1.215508;7.410526;8.757895;0.615610;3.924300;-0.187946;-0.382843;0.253881;20.606961;0.231958;3.674939;4.362276;16.695399;0.673684;2.005891;4.162182;2.290414;742.528200;0.339200;26.509153;116.603246;7337.671490;0.000000;5.930609;33.459224;0.086060;23.735452;0.477325;5.470265;4.446453;25.501252;0.673684;2.191507;5.584296;2.694571;9.825832;2.180214;10.993748;2.298081;0.685230;-0.195939;7.324400;0.176180;1.583537;0.673684;7420.417872;2459.956047;1.400100;14.036000;2.264300;-1.498700;6.866800;-1.660000;0.656888;9.881376;0.808758;7379.868142;0.656888;9.881376;0.808758;-0.183338;-0.201822;0.304003;2.997983;2.811251;2.978978;1.400100;14.036000;2.264300;-1.498700;6.866800;-1.660000;20.606961;742.528200;23.735452
-0.387996;-0.362510;0.593671;0.352445;0.709215;0.229664;0.070944;0.642564;0.402410;5.019608;9.035294;0.221700;2.971600;9.758398;9.619800;1.029531;1.059934;9.812557;0.457024;0.399124;-0.244960;1.480550;0.000000;8.031373;0.658200;4.593600;1.839874;2.049600;0.930589;0.865997;2.061828;0.324348;-0.662809;0.213609;1.022300;2.007843;6.023529;0.408800;4.218340;-0.582552;-0.532595;0.229284;19.787794;0.177448;3.541318;4.488647;16.664923;0.000000;2.043914;4.210845;1.810687;497.678300;0.570223;24.007533;94.883883;4883.571259;0.000000;4.775763;20.889154;0.045033;93.833582;0.847575;7.636715;17.990024;194.724900;0.000000;4.236534;17.301085;0.537389;9.994895;1.142469;12.210837;1.432215;0.740700;-0.613517;5.118751;-0.255657;1.384441;3.011765;5123.926703;1698.320361;1.080000;12.246000;3.880900;-1.891600;7.652400;-0.337440;0.709215;9.812557;2.061828;5094.961082;0.709215;9.812557;2.061828;-0.363178;-0.300124;0.224063;2.725898;3.014292;2.837124;1.080000;12.246000;3.880900;-1.891600;7.652400;-0.337440;19.787794;497.678300;93.833582
-0.458810;-0.435740;0.575645;0.331367;0.736120;0.253794;-0.239109;0.553435;0.572242;6.023529;8.031373;0.291840;3.063500;9.793725;9.597700;1.263548;1.596554;9.874898;0.498685;0.617621;-0.174628;1.901000;0.000000;7.529412;0.929300;5.844300;2.029725;2.173400;0.943357;0.889922;2.238237;0.300059;-0.495003;-0.046125;1.124050;1.003922;9.035294;0.553000;4.439740;-0.268350;-0.330524;0.279604;46.798593;0.306176;4.701454;7.291374;38.371820;0.000000;3.908176;18.787092;1.872638;998.960000;0.853445;27.569260;136.348089;9865.147152;0.000000;6.950358;46.543012;0.067754;207.031982;0.186769;9.352503;28.737440;465.608896;0.000000;6.285044;40.095716;0.524440;10.068031;1.699943;12.421162;1.789329;0.782877;-0.292366;10.029424;-0.419850;1.366442;1.003922;10426.141448;3456.375956;1.080000;13.409000;4.102300;-1.983500;7.564700;-0.337440;0.736120;9.874898;2.238237;10369.127868;0.736120;9.874898;2.238237;-0.197118;-0.181264;0.336582;2.914855;3.068192;3.015173;1.080000;13.409000;4.102300;-1.983500;7.564700;-0.337440;46.798593;998.960000;207.031982
-0.472791;-0.454730;0.627411;0.393644;0.785605;0.303396;0.113536;1.716602;0.546382;5.389474;8.084211;0.273680;3.646800;9.584066;9.124350;1.370427;1.878070;9.681549;0.509563;0.849519;0.045715;1.819925;0.000000;6.736842;0.723900;6.206500;2.078575;2.161300;0.856576;0.733722;2.248154;0.315014;-0.181975;-0.537489;0.981375;0.000000;11.452632;0.492400;3.721020;-0.244199;-0.236028;0.325750;35.932119;0.160249;4.499156;6.482237;31.950134;0.000000;3.248056;11.976730;1.785824;728.389000;0.596115;26.341547;114.233046;7052.362742;0.000000;5.946163;33.580408;0.078487;157.971680;0.172960;8.013513;25.099605;356.237570;0.000000;5.489934;29.705764;0.396331;9.869865;1.989515;12.272687;2.055760;0.639221;-0.264692;7.480511;-0.332690;1.357226;0.673684;7479.138502;2480.183482;1.663300;13.409000;4.102300;-1.983500;7.202500;0.381280;0.785605;9.681549;2.248154;7440.550446;0.785605;9.681549;2.248154;-0.212767;-0.128539;0.387488;2.761804;2.936561;2.991774;1.663300;13.409000;4.102300;-1.983500;7.202500;0.381280;35.932119;728.389000;157.971680
-0.252400;0.094718;0.844272;0.712795;0.881193;0.262203;-0.301513;-1.450733;1.685850;2.258824;2.258824;0.599165;2.778040;9.828559;9.573650;0.926629;0.858641;9.872143;0.434813;1.102888;1.534367;1.056525;0.000000;6.776471;0.446350;4.797600;1.422901;1.755650;1.113326;1.239496;1.806694;0.367629;-0.778746;-0.286823;1.560950;3.764706;3.764706;0.735150;4.521100;-0.161413;0.116056;-0.007130;24.438811;0.104781;4.587966;5.870460;28.572214;1.505882;2.100325;3.734742;2.060725;668.342000;0.232877;24.310447;110.581135;6598.110100;0.000000;5.638449;29.873905;0.038713;96.757289;0.863233;8.680205;16.555240;179.849529;0.000000;4.357241;20.008557;1.057931;10.032848;0.841823;12.192841;1.282735;0.934621;-0.134933;6.664200;-0.169261;1.427023;1.505882;6873.439329;2268.843948;0.991840;13.026000;3.084000;-1.786200;8.228400;-1.437100;0.881193;9.872143;1.806694;6806.531843;0.881193;9.872143;1.806694;-0.128163;0.110715;-0.007465;2.982035;2.802108;2.836303;0.991840;13.026000;3.084000;-1.786200;8.228400;-1.437100;24.438811;668.342000;96.757289
-0.028936;0.172260;0.983844;0.967950;0.984270;0.396764;-0.025089;-0.331839;1.490260;6.877612;6.877612;0.591910;4.384300;9.745781;9.506500;1.183709;1.401167;9.817403;0.551467;1.106773;1.405682;1.508500;0.000000;8.405970;0.672500;6.026000;0.997769;1.101500;1.070637;1.146264;1.463492;0.465787;-0.124033;-0.586815;1.430065;6.113433;7.641791;0.666460;4.592400;-0.104301;-0.154800;0.024212;24.945774;0.210380;5.260496;6.027989;32.482418;0.764179;1.564414;1.734517;2.282030;652.967300;0.302282;25.961388;109.355791;6410.615125;0.000000;5.537302;28.787665;0.060068;66.850529;1.004617;7.470946;12.300254;105.101247;0.000000;3.710869;14.082825;1.334240;9.904754;1.387851;11.790499;1.474075;1.225367;-0.125733;6.608657;-0.021215;1.468772;1.528358;6619.471043;2182.732930;2.471100;13.787000;3.155300;-1.913200;7.761000;-1.437100;0.984270;9.817403;1.463492;6548.198790;0.984270;9.817403;1.463492;-0.123307;-0.165527;0.031149;2.927627;2.869786;3.080106;2.471100;13.787000;3.155300;-1.913200;7.761000;-1.437100;24.945774;652.967300;66.850529
-0.231380;-0.289880;1.016745;1.033770;1.042740;0.374812;0.337497;0.139573;1.301600;8.677966;7.810169;0.646130;4.821600;9.516995;9.110900;1.375916;1.893144;9.615942;0.620010;1.559256;2.217736;1.372800;0.000000;8.677966;0.618600;6.289000;1.297228;1.410500;1.100989;1.212176;1.701463;0.445127;-0.759502;0.422418;1.158485;3.471186;7.810169;0.636300;5.152900;0.175198;-0.048531;0.064325;24.190214;0.468550;5.240050;6.223326;33.654870;0.867797;1.555463;1.522943;2.120472;561.502700;0.245745;26.071886;99.697543;5399.666091;0.000000;5.154766;24.732267;0.081689;76.536436;0.124834;8.004818;14.195427;135.044374;0.000000;3.820903;15.291080;1.120564;9.724721;1.878429;11.876841;2.000647;1.247801;0.150047;5.664004;-0.125071;1.435325;1.735593;5635.054823;1856.121778;2.471100;14.050000;3.438100;-2.350500;7.761000;-1.714800;1.042740;9.615942;1.701463;5568.365334;1.042740;9.615942;1.701463;0.249320;-0.055264;0.099124;2.936094;2.807093;2.914534;2.471100;14.050000;3.438100;-2.350500;7.761000;-1.714800;24.190214;561.502700;76.536436
-0.277582;-0.054433;0.428759;0.183835;0.510770;0.081611;-1.200729;-0.242974;0.531137;6.113433;0.764179;0.054043;1.378810;9.636246;9.667000;0.271004;0.073443;9.640056;0.127174;0.746672;3.244830;0.173550;0.000000;13.755224;0.080300;1.634900;2.163646;2.159900;0.202022;0.040813;2.173057;0.139520;0.074467;4.626852;0.134150;0.000000;19.104478;0.073000;1.447500;0.152627;-0.092254;0.399644;18.597986;0.044286;2.368405;4.086506;11.320922;0.000000;2.829239;7.227314;1.506258;645.628500;0.040984;20.576832;108.817873;6223.895574;0.000000;5.568801;29.018159;0.004489;144.964300;0.291915;5.653074;24.265508;315.018693;0.000000;5.559893;28.953816;0.040776;9.891130;0.079306;12.097577;0.189587;0.084247;0.123624;6.577188;-0.061583;1.349927;2.292537;6557.564487;2183.411730;0.115110;10.642000;2.833800;-1.263700;9.007100;1.386300;0.510770;9.640056;2.173057;6550.235189;0.510770;9.640056;2.173057;0.018003;-0.008112;0.022211;2.409419;2.474875;2.380325;0.115110;10.642000;2.833800;-1.263700;9.007100;1.386300;18.597986;645.628500;144.964300
-0.200754;-0.067483;0.740796;0.548779;0.767516;0.214115;0.022758;-1.040177;1.346085;4.517647;2.258824;0.653843;3.079600;9.787225;9.572650;1.031812;1.064636;9.841464;0.415748;1.267305;1.853110;1.031175;0.000000;6.776471;0.473100;5.334900;1.493297;1.975900;1.080093;1.166602;1.842969;0.320459;-1.314717;0.873324;1.132750;2.258824;6.776471;0.368150;4.312800;-0.083251;-0.051723;0.162229;23.782376;0.093618;3.967359;5.085527;21.413062;0.752941;2.348138;5.309658;1.998149;665.531300;0.233908;24.427173;110.131006;6549.902687;0.000000;5.629981;29.811367;0.046515;101.544170;0.133513;8.692708;17.210123;191.342681;0.000000;4.507754;21.271308;0.980842;9.989735;1.045223;12.143614;1.329732;0.943327;-0.112492;6.662324;-0.190071;1.419388;1.505882;6821.584459;2254.219477;1.459800;13.440000;2.833800;-1.619800;8.105100;-1.479000;0.767516;9.841464;1.842969;6762.658431;0.767516;9.841464;1.842969;-0.064584;-0.042003;0.183495;3.033038;2.804997;2.708459;1.459800;13.440000;2.833800;-1.619800;8.105100;-1.479000;23.782376;665.531300;101.544170
-0.173052;-0.049866;0.818680;0.670237;0.836770;0.334517;-0.206658;-0.939979;1.362985;6.516364;4.654545;0.654136;3.341500;9.955269;9.583000;1.527753;2.334030;10.071813;0.602678;0.902654;0.178447;2.211150;0.000000;7.447273;1.006100;6.135100;1.158004;1.405800;1.197797;1.434718;1.666041;0.419613;-0.635262;-0.399151;1.557565;3.723636;3.723636;0.700500;4.658600;-0.065289;0.061628;0.315359;24.853099;0.306892;3.949242;4.882991;20.078605;0.930909;2.863544;9.236630;1.728926;547.539800;1.059553;27.203937;100.464730;5515.091859;0.000000;4.952476;22.701609;0.087478;63.690230;0.345004;7.055299;13.137587;113.208298;0.000000;3.310936;10.541392;1.105262;10.126219;2.376977;12.162018;2.665557;1.190677;-0.079615;5.448467;0.033410;1.454996;0.930909;5705.083971;1882.792921;1.459800;14.110000;3.179600;-1.881700;7.974900;-1.479000;0.836770;10.071813;1.666041;5648.378762;0.836770;10.071813;1.666041;-0.083171;0.061553;0.587775;3.022573;3.011801;2.942037;1.459800;14.110000;3.179600;-1.881700;7.974900;-1.479000;24.853099;547.539800;63.690230
-0.105056;-0.084234;0.086727;0.007521;0.136229;0.046874;-0.290065;-0.912225;0.141842;6.959223;6.462136;0.065257;0.383799;9.274724;9.290100;0.119337;0.014241;9.275492;0.088717;-0.243062;-0.437590;0.175400;0.000000;14.415534;0.088700;0.540600;3.641414;3.653900;0.291636;0.085052;3.653073;0.167764;0.405433;0.848438;0.381200;0.000000;6.959223;0.184500;1.717900;0.192054;-0.059969;-0.461986;10.820776;0.103385;0.744359;1.570003;1.524145;0.000000;5.462634;30.720954;1.039190;955.296600;0.082793;19.294790;131.068693;8860.845994;0.000000;7.001031;47.016218;0.001098;375.065600;0.149041;9.018303;51.309058;1370.149136;0.000000;6.979645;46.816543;0.027856;9.969213;0.013053;13.024824;0.089445;0.011539;0.135112;10.127850;-0.067808;1.196671;5.467961;10237.347977;3410.839758;0.088629;9.504100;4.553900;-0.295170;8.963500;2.836000;0.136229;9.275492;3.653073;10232.519275;0.136229;9.275492;3.653073;0.002007;-0.001532;-0.016236;3.116856;3.118445;2.857757;0.088629;9.504100;4.553900;-0.295170;8.963500;2.836000;10.820776;955.296600;375.065600
-0.203802;-0.210380;0.079252;0.006281;0.218668;0.040310;0.334330;-0.112624;0.105880;1.365333;8.874667;0.056820;0.400418;9.219875;9.182600;0.144252;0.020809;9.221003;0.103269;-0.265962;0.897277;0.194800;0.000000;11.605333;0.082700;0.798700;3.794475;3.802400;0.319555;0.102116;3.807907;0.138918;0.226334;-0.186590;0.528750;0.000000;7.509333;0.257900;1.642200;0.535297;-0.622000;-0.739073;15.285115;0.074535;0.888246;2.413331;3.350661;0.000000;5.585387;30.338628;0.418778;691.490600;0.150005;19.198314;110.526481;6376.236987;0.000000;5.917973;33.024022;0.001563;284.585600;0.226856;9.403356;45.281600;1083.682186;0.000000;5.901292;32.893991;0.031349;9.978288;0.008634;13.218415;0.118662;0.008563;-0.047286;7.397093;-0.121851;1.180370;17.749333;7467.791243;2487.756611;0.009898;9.504100;4.674100;-0.390520;8.705400;3.031900;0.218668;9.221003;3.807907;7463.269834;0.218668;9.221003;3.807907;0.006202;-0.015965;-0.034529;3.049726;2.722683;2.939423;0.009898;9.504100;4.674100;-0.390520;8.705400;3.031900;15.285115;691.490600;284.585600
-0.124105;-0.359215;0.695956;0.484355;0.706935;0.108460;0.067789;-1.539397;1.285362;0.984615;0.984615;0.696620;2.162100;9.335790;9.406950;0.391151;0.152999;9.343981;0.210975;0.100033;-0.763874;0.563525;0.000000;6.892308;0.264350;1.521300;3.225958;3.177050;0.378861;0.143535;3.248128;0.233565;0.875897;1.013164;0.402975;0.000000;10.830769;0.192300;1.940600;0.146307;0.062943;0.142056;23.012144;0.035205;2.307410;4.524601;13.394155;0.984615;3.648220;13.444827;0.940879;485.461100;0.295159;19.975203;91.308651;4536.144551;0.000000;4.899551;22.017325;0.008988;167.749800;0.055800;8.203202;31.338746;544.885705;0.000000;4.878418;21.882475;0.056290;9.909554;0.160825;13.220972;0.499725;0.167756;0.151963;5.136899;0.103673;1.238094;2.953846;5110.546552;1698.141470;1.022300;10.118000;4.393500;-1.139800;8.596700;2.452900;0.706935;9.343981;3.248128;5094.424411;0.706935;9.343981;3.248128;0.040609;0.016922;0.021464;2.758445;3.054362;2.875919;1.022300;10.118000;4.393500;-1.139800;8.596700;2.452900;23.012144;485.461100;167.749800
-0.037848;-0.011582;0.637621;0.406560;0.638743;0.165027;0.089886;-1.055994;1.016260;3.976699;3.976699;0.540418;2.567400;9.372051;9.264700;0.827349;0.684506;9.408499;0.306565;0.879929;1.076546;0.780950;0.000000;8.947573;0.398700;4.056200;3.496661;3.285800;0.841702;0.708463;3.596540;0.299379;0.277242;1.072312;0.985550;0.000000;7.456311;0.388400;5.041810;-0.062162;-0.134995;0.195756;31.836240;0.120703;3.722689;5.282698;21.085400;0.497087;3.495882;14.050541;2.034482;965.321300;0.456321;23.958108;131.969449;9082.292948;0.000000;6.976557;46.789361;0.034727;360.156090;0.086409;12.491085;49.099004;1295.829624;0.000000;6.823576;45.347048;0.198474;10.054049;0.779050;13.434010;0.854678;0.568608;-0.082024;10.106382;-0.032738;1.213697;0.994175;10451.762647;3466.402657;1.427600;11.841000;5.849900;-1.139800;7.784800;0.808090;0.638743;9.408499;3.596540;10399.207972;0.638743;9.408499;3.596540;-0.033114;-0.073160;0.137657;3.057075;2.920875;2.734712;1.427600;11.841000;5.849900;-1.139800;7.784800;0.808090;31.836240;965.321300;360.156090
-0.079650;-0.087477;0.599386;0.359263;0.604655;0.252889;-0.079370;0.606797;0.778460;6.826667;9.557333;0.404997;3.198700;9.322252;9.117500;1.131252;1.279731;9.390640;0.455961;0.612761;-0.545007;1.813400;0.000000;6.826667;0.871600;4.464900;3.526905;3.469900;1.094702;1.198373;3.692890;0.391930;-0.205274;-0.113476;1.439200;0.000000;4.778667;0.699000;5.041810;-0.023708;0.038955;0.274648;13.634591;0.289720;3.665157;3.754455;13.948182;4.778667;1.467467;1.169107;2.520306;699.168900;0.425152;24.104518;111.255672;6565.818580;0.000000;5.873269;32.671562;0.056020;264.517900;0.546403;12.488028;42.119508;977.868578;0.000000;5.636508;30.744232;0.270284;10.035536;1.475167;13.328817;1.602989;0.910292;-0.001891;7.507084;-0.052602;1.209108;0.682667;7608.717859;2519.211780;1.427600;11.879000;5.849900;-1.771100;7.414100;0.808090;0.604655;9.390640;3.692890;7557.635340;0.604655;9.390640;3.692890;-0.016292;0.025906;0.344716;2.866023;2.985213;2.999192;1.427600;11.879000;5.849900;-1.771100;7.414100;0.808090;13.634591;699.168900;264.517900
0.705859;0.599010;0.815960;0.665791;1.078901;0.179234;0.383349;0.140936;1.025890;2.982524;4.473786;0.492290;4.096600;9.700396;9.575600;0.969497;0.939925;9.748724;0.353989;0.318018;0.083525;1.104100;0.000000;6.462136;0.475000;4.655800;2.312749;2.488200;1.021449;1.043359;2.528274;0.223861;-0.874449;0.294994;1.094450;1.988350;4.970874;0.501700;4.500930;0.235088;-0.044936;0.314843;72.703443;0.052953;5.482008;11.811625;85.606586;0.000000;4.133631;18.732244;1.409763;999.140800;0.283705;25.035416;136.626669;9740.467692;0.000000;6.966048;46.691677;0.042536;238.213161;0.178178;9.411333;33.303442;604.660253;0.000000;6.269318;39.893503;0.457638;10.076997;1.047933;12.871725;1.334362;0.836678;0.194467;10.115892;0.494353;1.336748;3.479612;10513.193317;3476.911510;2.839400;12.162000;4.163000;-1.257200;7.506200;-0.337930;1.078901;9.748724;2.528274;10430.734531;1.078901;9.748724;2.528274;0.187795;-0.037820;0.314843;3.056247;3.066252;2.970516;2.839400;12.162000;4.163000;-1.257200;7.506200;-0.337930;72.703443;999.140800;238.213161
0.816718;0.741730;0.919370;0.845242;1.229744;0.212337;0.015369;-0.250134;1.379840;2.730667;4.096000;0.670009;4.199400;9.738423;9.643300;0.974895;0.950420;9.787098;0.367227;0.252285;-0.421894;1.304800;0.000000;6.826667;0.678700;4.572200;1.910019;2.084500;1.120466;1.255445;2.214412;0.243582;-0.198376;-0.453817;1.217700;2.730667;4.096000;0.587000;4.500930;0.150330;0.062918;0.316531;61.253851;0.045980;5.294394;11.544096;81.723691;0.000000;3.367983;12.296607;1.333291;730.381700;0.091007;23.279515;116.476440;7148.406455;0.000000;5.882104;32.744210;0.039787;143.251452;0.211405;8.357413;23.729704;320.692229;0.000000;4.929250;24.668188;0.627683;10.054976;1.100639;12.669018;1.526227;0.874131;0.124200;7.422670;0.593489;1.377122;2.730667;7623.964909;2516.940792;2.839400;12.162000;4.163000;-1.360000;7.589800;-0.337930;1.229744;9.787098;2.214412;7550.822375;1.229744;9.787098;2.214412;0.136560;0.065690;0.350431;2.999979;3.135556;2.906922;2.839400;12.162000;4.163000;-1.360000;7.589800;-0.337930;61.253851;730.381700;143.251452
0.131342;0.053692;0.803587;0.645751;0.814249;0.175990;0.089195;-1.198926;1.349162;2.953846;2.953846;0.694638;2.860000;9.705925;9.678750;0.533738;0.284876;9.720589;0.229151;0.408998;0.327951;0.569625;0.000000;8.861538;0.298400;2.570700;2.076438;2.192450;0.694468;0.482286;2.189493;0.184198;-0.513741;-0.217825;0.714525;0.000000;7.876923;0.344300;2.835050;-0.007422;-0.074135;0.173661;20.261993;0.846035;3.817799;4.419365;17.709077;1.969231;2.239773;4.843806;1.873850;504.708100;0.556580;21.169141;94.871574;4906.080729;0.000000;4.895958;21.994552;0.014299;107.974770;0.220936;6.528978;20.330448;236.745695;0.000000;4.601777;19.976898;0.267415;9.981058;0.325220;12.495765;0.669427;0.500447;-0.057659;5.134867;0.239670;1.360038;1.969231;5188.790541;1720.178501;1.678500;11.216000;3.392200;-1.181500;8.645300;0.557150;0.814249;9.720589;2.189493;5160.535502;0.814249;9.720589;2.189493;-0.003246;-0.042183;0.065632;3.099815;2.918058;2.955124;1.678500;11.216000;3.392200;-1.181500;8.645300;0.557150;20.261993;504.708100;107.974770
0.180775;0.104520;0.760120;0.577782;0.781321;0.167553;0.021152;-1.003971;1.220530;3.976699;2.982524;0.618550;2.860000;9.705984;9.680900;0.635553;0.403927;9.726770;0.217087;0.189888;-0.587726;0.907200;0.000000;6.462136;0.471100;2.788300;2.381684;2.372400;0.868198;0.753768;2.534992;0.212905;-0.353198;-0.448806;1.103150;0.000000;5.467961;0.548000;3.470560;-0.023423;0.073767;0.277769;38.303725;0.082788;3.973669;7.058088;33.121807;0.497087;3.086218;10.190336;1.871780;999.716400;0.109945;23.091016;136.849817;9724.034093;0.000000;6.986375;46.881104;0.020378;245.313420;0.212141;8.996049;33.959459;623.078011;0.000000;6.502597;42.130676;0.335370;10.057219;0.499052;12.755514;0.826670;0.579508;0.004968;10.085811;0.170442;1.330168;0.497087;10443.909792;3460.077970;1.678500;11.216000;3.864000;-1.181500;8.427700;0.393440;0.781321;9.726770;2.534992;10380.233911;0.781321;9.726770;2.534992;-0.011427;0.049159;0.154771;3.218758;3.173907;3.197418;1.678500;11.216000;3.864000;-1.181500;8.427700;0.393440;38.303725;999.716400;245.313420
0.214178;0.255700;0.718672;0.516489;0.749907;0.185074;-0.182587;-0.776396;1.062925;4.778667;4.096000;0.506210;2.897300;9.575901;9.479000;0.733292;0.537717;9.603937;0.237964;0.184400;-1.097312;1.192050;0.000000;4.778667;0.584000;2.717800;2.576384;2.745200;0.947414;0.897593;2.745059;0.257272;-0.671617;-0.504171;1.214200;0.000000;6.826667;0.599500;3.528360;0.016201;0.364493;0.338372;24.083316;0.098083;3.420892;5.771893;22.808744;2.730667;2.344442;4.473617;1.791144;718.192600;0.254931;22.386508;114.509138;6897.505859;0.000000;5.899139;32.877302;0.025074;193.228820;0.151428;9.369696;31.003307;531.491444;0.000000;5.488603;29.560795;0.349292;9.983384;0.665351;12.784145;1.118214;0.526590;0.123755;7.393918;0.053891;1.307971;2.730667;7500.047856;2483.935349;1.678400;11.027000;3.921800;-1.218900;8.309200;0.393440;0.749907;9.603937;2.745059;7451.806046;0.749907;9.603937;2.745059;0.008653;0.251529;0.238254;3.126495;3.255495;3.108011;1.678400;11.027000;3.921800;-1.218900;8.309200;0.393440;24.083316;718.192600;193.228820
0.114071;0.273310;0.310886;0.096650;0.331153;0.038875;-1.447663;0.714987;0.192540;0.497087;0.497087;0.070190;1.124400;9.814847;9.821500;0.152344;0.023209;9.816029;0.070106;0.186192;2.157187;0.107950;0.000000;14.912621;0.049400;0.950000;0.715930;0.712610;0.345246;0.119195;0.794827;0.059862;-0.420075;-0.985817;0.543075;0.994175;1.491262;0.281460;1.204442;0.129762;0.495528;-0.033095;16.756381;0.352171;1.873433;3.000703;6.317734;0.497087;3.363515;11.697897;1.872507;1010.929200;0.100076;20.520993;138.689136;9923.310274;0.000000;7.000732;47.013487;0.001541;73.740783;0.040823;2.591987;10.488654;58.931780;0.000000;6.161126;38.058818;0.387715;9.852549;0.023117;10.834592;0.163927;0.055185;0.210164;10.018002;0.256706;1.497982;1.988350;9999.680542;3329.519929;0.368650;10.323000;1.201900;-0.755750;9.373000;-0.002542;0.331153;9.816029;0.794827;9988.559788;0.331153;9.816029;0.794827;0.006206;0.053708;-0.001758;2.486598;2.533382;3.128698;0.368650;10.323000;1.201900;-0.755750;9.373000;-0.002542;16.756381;1010.929200;73.740783
-0.063036;-0.107556;0.506135;0.256173;0.510046;0.085131;0.849062;0.618329;0.691258;1.347368;1.347368;0.342199;2.260760;9.933358;9.828550;0.641969;0.412124;9.954081;0.164680;1.467457;3.692144;0.423825;0.000000;4.715789;0.218300;3.783400;0.243872;0.474075;0.750424;0.563137;0.789057;0.118145;-1.520034;1.789719;0.513968;2.021053;2.021053;0.223455;3.492700;-0.461765;-0.603635;0.131656;19.428171;0.082088;2.250050;3.807334;10.036610;0.673684;2.849763;8.694916;1.701638;754.935200;0.092192;22.557900;118.891453;7514.702942;0.000000;5.988868;33.921747;0.019353;21.854019;0.393989;4.027454;5.856902;25.926628;1.347368;2.021768;2.533498;2.017637;9.978482;0.396373;10.990650;0.747431;0.401884;-0.433569;7.428404;-0.018847;1.546250;1.347368;7582.391282;2516.888727;1.292000;12.219000;1.553500;-0.968760;8.435600;-1.939200;0.510046;9.954081;0.789057;7550.666181;0.510046;9.954081;0.789057;-0.152039;-0.232328;0.064271;2.775190;2.364887;2.597256;1.292000;12.219000;1.553500;-0.968760;8.435600;-1.939200;19.428171;754.935200;21.854019
0.428042;0.420840;0.031268;0.000978;0.429182;0.022803;0.629286;0.566428;0.037295;0.000000;11.043137;0.016170;0.166640;9.867476;9.860700;0.050203;0.002520;9.867604;0.055582;1.591000;5.064653;0.038600;0.000000;32.125490;0.019300;0.325300;0.553931;0.538600;0.173145;0.029979;0.580361;0.061657;0.336729;-1.146565;0.309950;0.000000;7.027451;0.156540;0.595410;0.140807;0.312523;0.010208;21.830120;0.013987;1.018670;4.164159;9.369131;0.000000;4.793024;20.997065;0.025297;503.241300;0.105522;19.674792;96.713405;4965.785957;0.000000;4.799983;21.039898;0.000196;28.250480;0.082597;1.835017;5.369172;16.413286;0.000000;4.575575;19.543427;0.253336;9.893835;0.002658;10.849449;0.030680;0.002599;0.200275;5.017912;0.220639;1.514718;15.058824;4992.354256;1663.856124;0.517410;10.079000;0.879330;0.350770;9.753700;0.283920;0.429182;9.867604;0.580361;4991.568373;0.429182;9.867604;0.580361;0.000225;0.001726;0.000091;2.505632;2.521415;3.035163;0.517410;10.079000;0.879330;0.350770;9.753700;0.283920;21.830120;503.241300;28.250480
0.326670;0.401780;0.267473;0.071542;0.422203;0.036115;-3.509329;11.369866;0.071410;0.497087;5.467961;0.035230;1.378620;9.840118;9.860700;0.138609;0.019212;9.841095;0.064935;-1.460629;4.821700;0.072100;0.000000;14.912621;0.035700;0.963600;0.732149;0.770450;0.247790;0.061400;0.772943;0.068279;0.037155;-0.873923;0.379335;0.000000;3.976699;0.196710;0.986080;0.121380;-0.211761;-0.128444;33.646970;0.492654;2.464278;4.795499;14.675853;0.000000;5.340656;31.470316;1.237148;1013.532200;0.082877;20.526431;139.051737;9974.266341;0.000000;7.000911;47.015129;0.001307;75.411320;0.025950;2.494594;10.459598;58.374388;0.000000;6.559511;42.489211;0.253677;9.879453;0.019241;10.981885;0.082814;0.052085;0.096886;10.036836;0.413106;1.496529;0.994175;10054.161609;3349.105527;0.517410;10.303000;1.270000;-0.861210;9.339400;0.283920;0.422203;9.841095;0.772943;10047.316582;0.422203;9.841095;0.772943;0.004544;-0.014172;-0.004455;1.725017;2.254851;3.143991;0.517410;10.303000;1.270000;-0.861210;9.339400;0.283920;33.646970;1013.532200;75.411320
0.055036;0.318960;0.390945;0.152838;0.394800;0.054151;-0.735379;-0.876343;0.632122;0.673684;0.673684;0.090305;1.323630;9.810030;9.854150;0.348726;0.121610;9.816227;0.098340;0.786715;2.422781;0.312400;0.000000;6.736842;0.088900;2.053400;0.976696;0.944715;0.234166;0.054834;1.004375;0.089993;0.744879;0.979206;0.238673;0.000000;8.757895;0.122285;1.202330;-0.123207;-0.326733;0.474721;16.832313;0.165580;1.741054;2.955898;6.039152;0.673684;3.714800;15.051113;1.458295;745.562300;0.311938;21.110116;117.542647;7318.612098;0.000000;5.998823;33.999929;0.006676;74.228870;0.371147;3.414313;11.562450;74.586364;0.000000;5.882724;33.078539;0.201920;9.868696;0.131788;11.155076;0.178844;0.120956;-0.141307;7.413857;0.169251;1.471562;2.021053;7406.738307;2466.412538;0.462420;11.136000;1.670300;-0.861210;9.082600;0.467970;0.394800;9.816227;1.004375;7399.237614;0.394800;9.816227;1.004375;-0.017021;-0.030310;0.039283;2.520466;2.509913;2.928664;0.462420;11.136000;1.670300;-0.861210;9.082600;0.467970;16.832313;745.562300;74.228870
-0.068362;-0.133060;0.847301;0.717920;0.850055;0.373792;0.019423;-0.004712;1.124155;7.456311;7.456311;0.565100;4.487400;9.736650;9.336400;1.777279;3.158720;9.897529;0.629982;1.114807;1.048516;1.775300;0.000000;6.462136;0.888700;8.973100;1.716690;1.826700;1.474366;2.173754;2.262914;0.433983;-0.243239;-0.550523;2.011155;2.485437;4.970874;1.011100;6.627900;-0.224727;-0.078622;0.288402;26.684484;0.422094;5.603615;6.541229;37.454223;0.497087;1.822708;2.377577;2.610890;1002.875000;0.776574;29.079400;137.179129;9927.317445;0.000000;6.875582;45.834528;0.116218;176.819091;0.228484;11.107994;26.450068;415.491935;0.000000;5.012195;27.264363;1.084660;10.022609;3.351760;12.371743;3.644694;1.786579;-0.221467;9.830254;-0.005956;1.396278;0.994175;10519.243259;3460.087868;2.086500;15.796000;5.277800;-2.400900;6.822900;-1.350100;0.850055;9.897529;2.262914;10380.263604;0.850055;9.897529;2.262914;-0.341732;-0.099180;0.763125;2.994534;2.856879;3.122745;2.086500;15.796000;5.277800;-2.400900;6.822900;-1.350100;26.684484;1002.875000;176.819091
-0.234165;-0.283120;0.721391;0.520406;0.758445;0.329256;-0.071525;0.100442;0.982713;6.063158;10.105263;0.519435;3.573400;9.606505;9.151050;1.543665;2.382903;9.729740;0.544316;1.844765;3.529787;1.213550;0.000000;5.389474;0.629950;8.148800;2.335282;2.625150;1.232585;1.519266;2.640608;0.398807;-0.501231;-0.147398;1.752400;2.694737;6.063158;0.661400;6.056020;-0.074327;0.132743;0.272792;22.570240;0.480211;4.648826;5.010708;23.974109;0.673684;1.991951;3.537844;2.380055;730.094400;0.501463;26.666509;114.599442;7104.227128;0.000000;5.923463;33.399956;0.094837;177.481450;0.659490;11.209398;28.187627;472.204263;0.000000;5.281955;28.092108;0.632005;9.982164;2.572292;12.611892;2.661582;1.319054;-0.041485;7.523818;-0.107832;1.332328;0.673684;7670.671753;2533.468500;1.172500;15.796000;5.277800;-2.400900;7.647200;-0.778220;0.758445;9.729740;2.640608;7600.405500;0.758445;9.729740;2.640608;-0.083873;0.119606;0.525961;2.990188;2.656276;2.928874;1.172500;15.796000;5.277800;-2.400900;7.647200;-0.778220;22.570240;730.094400;177.481450
-0.202273;-0.188885;0.826020;0.682309;0.850425;0.287164;0.359042;-0.630917;1.260920;6.656000;5.632000;0.630500;3.428900;9.829442;9.462800;1.462415;2.138658;9.937635;0.522332;0.821248;0.195472;1.594975;0.000000;5.632000;0.820200;6.549700;1.820388;2.007050;1.251717;1.566795;2.209210;0.376370;-0.107239;-0.579123;2.172713;4.096000;5.632000;0.950000;6.057810;-0.051417;-0.137082;0.395448;35.440231;0.034680;5.156458;6.951721;38.206897;0.512000;2.225923;5.444573;2.374971;982.944200;0.327164;27.583759;135.622686;9768.732142;0.000000;6.849738;45.281141;0.084025;182.038825;0.922756;10.458485;26.343989;409.726701;0.000000;5.565679;32.608462;0.863434;10.102015;2.309713;12.422760;2.666491;1.101572;-0.052362;9.893640;-0.115235;1.387674;3.584000;10320.562355;3405.555247;1.770700;14.112000;5.232200;-1.658200;7.562300;-0.825610;0.850425;9.937635;2.209210;10216.665740;0.850425;9.937635;2.209210;-0.062738;-0.143167;0.731191;3.185041;2.974600;3.004131;1.770700;14.112000;5.232200;-1.658200;7.562300;-0.825610;35.440231;982.944200;182.038825
-0.324420;-0.416160;0.782083;0.611654;0.846701;0.274189;0.399759;-0.596266;1.130475;6.481013;6.481013;0.554360;3.299600;9.705404;9.380000;1.310958;1.718612;9.793542;0.432413;1.017879;0.712803;1.135350;0.000000;5.184810;0.673100;5.650700;1.750279;1.985600;1.117716;1.249290;2.076720;0.329992;-0.347576;-0.609533;1.831770;3.888608;3.888608;0.654300;5.023810;-0.134161;-0.088022;0.266141;29.270225;0.209311;4.247041;6.789747;32.474949;0.648101;2.391674;4.959636;1.879317;766.726900;0.211032;25.591625;119.062569;7509.279332;0.000000;6.024047;34.535513;0.069006;138.272015;0.399549;8.688697;22.359461;291.361497;0.000000;4.982275;25.433436;0.729396;9.957093;1.799433;12.217903;1.982634;1.042012;-0.130253;7.750880;-0.443917;1.392373;3.240506;7903.430609;2611.038592;1.641400;13.213000;4.198200;-1.658200;7.562300;-0.825610;0.846701;9.793542;2.076720;7833.115777;0.846701;9.793542;2.076720;-0.139316;-0.077931;0.394970;3.095520;2.856733;3.060791;1.641400;13.213000;4.198200;-1.658200;7.562300;-0.825610;29.270225;766.726900;138.272015
-0.054030;-0.067139;0.648444;0.420480;0.650691;0.190734;0.174838;-0.887485;1.013455;6.525490;7.529412;0.525441;2.595500;9.756827;9.512700;1.098110;1.205845;9.818428;0.381128;0.697762;1.698272;0.995825;0.000000;5.521569;0.418350;6.317800;1.588108;1.582250;1.031947;1.064914;1.893938;0.298996;-0.201967;0.016844;1.499838;2.007843;3.513725;0.742720;5.654400;0.155587;-0.400147;0.234372;26.458787;0.279881;3.900699;5.237903;21.743688;0.501961;2.311583;5.621196;2.369132;995.196400;0.241475;25.441352;136.087626;9771.464964;0.000000;6.954775;46.587961;0.053024;161.987007;0.268750;8.806616;23.099626;311.566262;0.000000;5.699609;34.344703;0.824924;9.958255;1.245085;11.962329;1.430839;1.003766;0.071399;9.966655;0.012745;1.409442;3.513725;10178.523815;3368.258305;1.354400;13.382000;4.334000;-1.241100;7.064200;-1.320400;0.650691;9.818428;1.893938;10104.774914;0.650691;9.818428;1.893938;0.111884;-0.270413;0.268218;3.273050;2.688654;2.937108;1.354400;13.382000;4.334000;-1.241100;7.064200;-1.320400;26.458787;995.196400;161.987007
-0.216883;-0.290615;0.687159;0.472188;0.720573;0.251596;0.324118;-1.059161;1.173297;6.736842;6.736842;0.558875;2.512000;9.860329;9.559800;1.202933;1.447047;9.933435;0.432823;0.345705;0.397397;1.371600;0.000000;5.389474;0.621650;5.722600;1.463498;1.432400;1.095167;1.199392;1.827900;0.341953;-0.307565;-0.232405;1.500398;2.694737;5.389474;0.831880;5.252200;0.163164;-0.315433;0.337437;21.385417;0.156918;3.854147;5.203696;21.518201;0.673684;1.671213;2.036248;2.247512;749.385000;0.350863;25.178576;117.782441;7444.209207;0.000000;5.954483;33.650241;0.059705;111.225850;0.346880;7.764204;18.594869;208.368807;0.000000;4.574378;21.904292;0.894108;10.050819;1.514623;12.075796;1.809557;1.013383;0.110109;7.555141;-0.071991;1.423449;3.368421;7735.024402;2558.032072;1.231000;12.823000;3.931800;-1.281000;7.100400;-1.320400;0.720573;9.933435;1.827900;7674.096215;0.720573;9.933435;1.827900;0.136671;-0.240546;0.450471;3.229285;2.871591;2.983596;1.231000;12.823000;3.931800;-1.281000;7.100400;-1.320400;21.385417;749.385000;111.225850
-0.096103;-0.038363;0.568559;0.323259;0.576624;0.281566;0.193282;-0.732574;0.908450;9.309091;9.309091;0.404427;2.279700;9.781594;9.428700;1.321317;1.745879;9.870433;0.485692;0.713433;0.135680;1.730500;0.000000;5.319481;0.823600;6.233300;0.964927;0.959390;1.260219;1.588152;1.587210;0.374904;0.253561;-0.646920;1.970970;3.989610;5.319481;1.045760;5.142300;0.004005;-0.151146;0.241955;12.758475;0.164142;3.653634;3.553429;13.156626;1.994805;0.880094;-0.444926;2.728257;753.182700;0.593084;26.134062;118.302444;7434.543339;0.000000;5.945662;33.578751;0.070464;74.299344;0.567221;8.193561;13.969037;132.837264;0.000000;3.470345;12.301900;1.502762;9.919250;1.885655;11.531947;2.107452;1.280842;-0.012864;7.560013;-0.052566;1.472467;0.664935;7648.745153;2526.845743;1.217700;13.486000;3.794100;-1.062000;7.252700;-1.348200;0.576624;9.870433;1.587210;7580.537229;0.576624;9.870433;1.587210;0.003049;-0.109722;0.408192;3.173437;2.916971;3.131365;1.217700;13.486000;3.794100;-1.062000;7.252700;-1.348200;12.758475;753.182700;74.299344
-0.289864;-0.386840;0.786567;0.618687;0.838277;0.364921;0.318032;-0.691085;1.206110;9.124752;9.124752;0.602120;3.336600;9.960615;9.761600;1.376964;1.896030;10.055341;0.530495;0.704315;0.632193;1.721800;0.000000;5.576238;0.812400;7.118500;0.751881;0.635150;1.148481;1.319008;1.372710;0.383958;0.281141;-0.005128;1.494018;4.055446;4.055446;0.757450;5.719000;0.115564;-0.239661;0.144269;29.276249;0.459792;5.683043;6.810556;39.729831;0.000000;1.595809;1.982240;2.642676;1006.022100;0.297198;27.745210;138.796758;10116.348198;0.000000;6.861634;45.391242;0.073674;75.939981;0.417776;8.689528;13.018523;123.707741;0.000000;3.806118;15.043916;1.841454;10.085106;1.987559;11.768842;1.996850;1.337966;0.089705;9.857798;-0.184427;1.495454;1.013861;10373.017208;3426.595257;1.767500;14.161000;4.050200;-1.569100;7.042500;-1.668800;0.838277;10.055341;1.372710;10279.785770;0.838277;10.055341;1.372710;0.126416;-0.218665;0.230431;3.180916;2.955967;3.077135;1.767500;14.161000;4.050200;-1.569100;7.042500;-1.668800;29.276249;1006.022100;75.939981
